,content,index_spans
0,Dừa lắm :)),[]
1,Bấp bênh vl thế,"[9, 10]"
2,Chắc cũng biết ko tồn tại đc bao lâu nữa nên cố gắng vét,"[53, 54, 55]"
3,"Thấy chán ad page này kiến thức thì nông cản cái gì cũng auto sủa, cái nhìn thì tiêu cực, nói chung là dốt còn nát","[5, 6, 7, 8, 36, 37, 38, 39, 40, 41, 42, 43, 62, 63, 64, 80, 81, 82, 83, 84, 85, 86, 87, 103, 104, 105, 111, 112, 113]"
4,Giang Giang Đỗ Thị Ngọc Hà trend mới kìa kìa,[]
5,đcm 😒 sau có con cho hút cỏ chữa bệnh chứ đéo đưa đi bệnh viện 😒,"[0, 1, 2, 4, 21, 22, 23, 24, 25, 26, 42, 43, 44, 63]"
6,Má nứng quá aiu ơi,"[0, 1, 3, 4, 5, 6]"
7,Chụp cái ảnh thôi làm đéo gì đâu mà phiền,"[22, 23, 24]"
8,Tăng theo giờ 😭😭😭,[]
9,Cực kì thuyết phục :c,[]
10,Emma Nguyen vậy mà ca ngợi bên kia lắm... Về làm lol gì,"[49, 50, 51]"
11,Thằng chó,"[0, 1, 2, 3, 4, 5, 6, 7, 8]"
12,Loại nghiện game + săm trổ k có tương lai đâu nha,"[0, 1, 2, 3, 4, 5, 6, 7, 8, 9, 10, 19, 20, 21, 22, 23, 24, 25]"
13,"Nhung Pham Ai chê nghèo ngta có tiền đi nước nào kệ mẹ người ta, Nó vẫn mang qtich VN thì về VN chữa VN đã cấm đâu mà lên tiếng lm gì. ÍCH KỶ","[52, 53, 65, 66, 135, 136, 137, 138, 139, 140]"
14,toàn tin vớ vẩn ... khi nào việt nam sát nhấp với trung quốc thì cả cái DNA này xách dép cho chúng ta hết .. hãy tin vào sự lãnh đạo tài tình của đảng và bộ máy nhà nước...:3 :)),"[109, 110, 111, 112, 113, 114, 115, 116, 117, 118, 119, 120, 121, 122, 123, 124, 125, 126, 127, 128, 129, 130, 131, 132, 133, 134, 135, 136, 137, 138, 139, 140, 141, 142, 143, 144, 145, 146, 147, 148, 149, 150, 151, 152, 153, 154, 155, 156, 157, 158, 159, 160, 161, 162, 163, 164, 165, 166, 167, 168]"
15,Ủa bê đê có lol hả ta ??😂😂😂,"[3, 4, 5, 6, 7, 12, 13, 14]"
16,"Kéo chuột vãi lồn luôn, nó yếu lắm rồi :D","[10, 11, 12, 13, 14, 15, 16, 24, 25]"
17,Mỗi lần lên sóng là đeo vàng làm như giàu lắm hay sao mà khoe của thấy ghê.còn cái mặt mình nhìn chung ko có 1 chỗ nào thiện cảm hết.nhìn mặt là biết cái thứ đàn bà độc mồm độc miệng.hung dữ.nói tục chửi thề v...v tưởng z là hay lắm,"[29, 30, 31, 32, 33, 34, 35, 36, 37, 38, 39, 40, 41, 42, 43, 44, 45, 46, 47, 48, 49, 50, 51, 52, 53, 54, 55, 56, 57, 58, 59, 60, 61, 62, 63, 64, 65, 66, 67, 68, 69, 70, 71, 72, 73, 79, 80, 81, 82, 83, 84, 85, 86, 87, 88, 89, 90, 91, 92, 93, 94, 95, 96, 97, 98, 99, 100, 101, 102, 103, 104, 105, 106, 107, 108, 109, 110, 111, 112, 113, 114, 115, 116, 117, 118, 119, 120, 121, 122, 123, 124, 125, 126, 127, 128, 129, 130, 131, 169, 170, 171, 172, 173, 174, 175, 176, 177, 178, 179, 180, 181, 182, 183, 184, 185, 186, 187, 188, 189, 190, 191, 192, 193, 194, 195, 196, 197, 198, 199, 200, 201, 202, 203, 204, 205, 206]"
18,Làm thêm chục củ mở hòm csgo anh êi :V,[]
19,Hãnh diện về ng thầy có tâm nhất của năm.,[]
20,Vòng tiền xoay vòng lo nhìu mặt khác của xã hội chứ đâu lo cho mỗi bạn. Vd tiền xây biệt phủ tiền cho con đi du học...,[]
21,"12:55 sau buổi phỏng vấn này tôi sẽ múa 1 bài võ cho...choX3,14 ... dập đĩa dữ 😂😂😂",[]
22,Du học sinh Úc pewpew,[]
23,Nói cái gì vậy mà  cứ nghe đụ má đụ cha vs vàng,"[27, 28, 29, 30, 31, 32, 33, 34, 35, 36, 37, 38]"
24,Có ai thấy khá giống đầu của Jadon Sancho ko nhỉ?,[]
25,Khánh Con Sao Ko lấy số người chết của Ý ra nhỉ. Ý cũng là châu Âu đó. Hi sinh người chết vừa làm tăng miễn dịch cộng đồng vừa cho đỡ chật đất. Cách làm của Tây hay thật ta ơi 😌,"[30, 31, 32, 33, 71, 72, 73, 74, 75, 76, 77, 78, 79, 80, 81, 82, 83, 84, 85, 86, 87, 88, 127, 128, 129, 130, 131, 132, 133, 134, 135, 136, 137, 138, 139, 140, 141]"
26,Nhịn nói sẽ bớt ngu chú ạ...hi,"[16, 17, 18]"
27,Quảng Nam lại thêm 1ca nữa ạ,[]
28,Đúng là con người mày không có ý thức dân việt nam chúng ta không bao giờ con cho cái ?,"[22, 23, 24, 25, 26, 27, 28, 29, 30, 31, 32, 33, 34, 35, 36]"
29,Tên bài hát còn trẻ trâu hơn cả t nhé ! Cười vl 😁,"[16, 17, 18, 19, 20, 21, 22, 23, 45, 46]"
30,"Bá ý khẩu nghiệp nặng lắm nha,đầu thai ch hết khẩu nghiệp nx","[5, 6, 7, 8, 9, 10, 11, 12, 13, 14, 15, 30, 31, 32, 33, 34, 35, 36, 37, 46, 47, 48, 49, 50, 51, 52, 53, 54, 55, 56]"
31,K ICM làm ca sĩ luôn rồi à 😢😢😢,[]
32,"Thôi chết mẹ, hôm nọ thì con mẹ nấm thối kêu gào ông trum ông vại này nọ,giờ lại đến idol trần dần. Đang tự hỏi,không biết con mẹ nấm thối có phải là cộng sản nằm vùng không ?","[5, 6, 7, 8, 9, 10, 11, 25, 26, 27, 28, 29, 30, 36, 37, 38, 39, 123, 124, 125, 126, 127, 128, 134, 135, 136, 137, 150, 151, 152, 153, 154, 155, 156, 157, 158, 159, 160, 161, 162, 163, 164, 165, 166]"
33,"Hải Yến bố con thần kinh, thở ra cái là thấy mùi rồi","[11, 12, 13, 14, 15, 16, 17, 18, 19, 20, 21, 22, 23, 26, 27, 28, 29, 30, 31, 32, 33, 34, 35, 36, 37, 38, 39, 40, 41, 42, 43, 44, 45, 46, 47]"
34,cho nó rít vài bi cần là nó ngoan vl luôn,"[4, 5, 15, 16, 17, 18, 19, 20, 25, 26, 34, 35]"
35,Nghĩ nó chán . 🤔,[]
36,múa như cái biệt danh Susan : Chó :)),"[30, 31, 32]"
37,Tặng cho những con bò thích làm theo và học tập theo...🤣🤣,"[9, 10, 11, 12, 13, 14, 15, 16, 17, 18, 19, 20]"
38,ʚöɞPhong Trần ʚöɞ Đoàn Chính Park Huyn Phong Tấn Đồng quê ta gọi là gì 😂😂,[]
39,"Ko phải chê gì chứ khả năng win của sbtc quá cao. Sela kidz clear vs petland toàn những thanh niên chuyên nghiệp try hard vkl sao những ""ông già"" bên kia chơi lại. Còn thầy lồn thì t xin mạng phép bỏ qua ko nói tới coi như sbtc 4 đánh 6","[122, 123, 124, 137, 138, 139, 140, 141, 142, 143, 173, 174, 175, 181, 228, 229, 230, 231, 232, 233, 234, 235]"
40,Thùy Trang nghe chưa dc 15s tắt cmnr nhạc vs nhẽo,"[32, 33, 34, 35, 37, 38, 39, 40, 41, 42, 43, 44, 45, 46, 47, 48]"
41,Lào giờ gần như là của Tàu khựa rồi thằng ad ngu ạ. Ủng hộ cái mồ tổ cha mày.,"[23, 24, 25, 26, 27, 28, 29, 30, 36, 37, 38, 39, 40, 45, 46, 47, 63, 64, 65, 66, 67, 68, 69, 70, 71, 72, 73, 74, 75]"
42,Ngay bên cạnh còn thấy codon nữa nói gì yêu xaaa 😞,[]
43,được anh ey :)),[]
44,Giờ này ngta ngủ hết r thầy ơi . Ai ngủ rồi điểm danh phát,[]
45,may lại có r,[]
46,Quang Minh cái lồn má,"[15, 16, 17, 18, 19, 20]"
47,vl :)) handsome boy,"[0, 1]"
48,Song trên doi người ta dam ăn  dám  noi con người thẳng thắn. Con hơn mấy con mượn  danh đạo  tạo danh đời đồ  giả  tạo nhìn  là  biết  chỉ  do 1so con ko thấy  đôg cức trên  đầu mình  .mấy  con di ma hay soi moi người  ta 2019 rồi  tập  lam con người  lại  di.,"[74, 75, 76, 165, 166, 167, 191, 192, 193, 194, 195, 196]"
49,"Ngu thì chết, đâu phải ko có suy nghĩ đúng sai, chỉ do ko có ý thức.","[0, 1, 2, 3, 4, 5, 6, 7, 8, 9, 10, 11, 55, 56, 57, 58, 59, 60, 61, 62, 63, 64, 65, 66]"
50,Ngộ nghĩnh nhỉ🙂,[]
51,Yêu làm cái j,[]
52,Thủy Tạ cho mình hỏi này uốn kiểu gì vậy bạn ơi ??,[]
53,Ok thầy nhé,[]
54,"Cảm giác như dân mình giống thời kì bị đô hộ vkl. Sưu thuế ngập mồm. Mà bị đô hộ khéo còn phát triển đc chứ đây chả thấy đc cái méo gì, còn khổ thêm","[45, 46, 47, 72, 73, 74, 75, 76, 77, 78, 79, 80, 81, 82, 83, 84, 85, 86, 87, 88, 89, 90, 91, 92, 93, 94, 95, 96, 97, 98, 99, 100, 101, 102, 128, 129, 130]"
55,Ko thich VN thì cút sang Campuchia mà sống (DLV cho biết),"[16, 17, 18]"
56,Tộc Mixi có khác :33,[]
57,Nhi Lai mới nghe nói hồi chiều :))))))),[]
58,Chắc trêu =))),[]
59,Popy đi Thầy,[]
60,cho xin video vs,[]
61,Giáo án về One champ Lee bú đá và rụng mất xác,"[25, 26, 27, 28, 29, 39, 40, 41, 42, 43, 44, 45]"
62,Bên ngoài tóc đẹp bên trong nhiều tiền,[]
63,Con gà phải để cho abe,[]
64,Ae cho phím 1 đuổi Abe để cô Dolce quay trở lại nào 😞,[]
65,"Hot girl ống tinh đi, nghe vui tai hơn","[0, 1, 2, 3, 4, 5, 6, 7, 8, 9, 10, 11, 12, 13, 14, 15, 16]"
66,Bài này nghe bất tai thôi. Dùng comeback vs cảm ơn đàn Đóm của ổng. Chứ bài này không có tính phổ biến đủ mọi loại tuổi như 3 hit đầu,[]
67,Kênh Chat thế giới khác,[]
68,Giờ mới nghe ....trời đất ơi cái miệng nó dơ bẩn vô cùng ...bởi vậy giờ cả thế giới đều khinh bỉ ...trời ơi ...khẩu nghiệp vô cùng ..😠😠😠😠😠,"[29, 30, 31, 32, 33, 34, 35, 36, 37, 38, 39, 40, 41, 42, 43, 44, 45, 46, 47, 88, 89, 90, 91, 92, 93, 94, 95, 111, 112, 113, 114, 115, 116, 117, 118, 119, 120, 121, 133, 134, 135, 136, 137]"
69,Lươn khươn kiểu cao lãnh 🤣,[]
70,Phải biết là sam và so khác nhau.và so đuôi tam giác và so đuôi tròn càng khác nhau nữa,[]
71,Ninh Trần cover liền 😂😂,[]
72,"đếm dc tầm trăm ""con chim vàng""",[]
73,Đíu ai like. Cho thầy đi ăn cắp luôn,"[0, 1, 2, 25, 26, 27, 28, 29, 30]"
74,Căng quá các bác uiii,[]
75,Mỗi ho k có đờm gì hết r hqua lại mệt,[]
76,Cô tui đỉnh quá ><,[]
77,Bon con chau TQ lam j co van hoa,"[0, 1, 2, 16, 17, 18, 19, 20, 21, 22, 23, 24, 25, 26, 27, 28, 29, 30, 31]"
78,Cho em hỏi sao em xem cmt suốt ngày có Cực kì thuyết phục là sao ạ?,[]
79,Valentine năm ngoái có anh,[]
80,Cái bình chữa cháy này chưa đạt chuẩn :v chứ nếu chuẩn thì oto ko cháy nhanh thế đâu,[]
81,Khẩu nghiệp chêt mẹ may đó trời qua báo may đó hồi xưa may chửi nhiều người . Bây giơ trời qua bao may đo minh hiếu may gu rang chiu kkkkkk,"[0, 1, 2, 3, 4, 5, 6, 7, 8, 9, 10, 12, 13, 14, 15, 16, 17, 18, 19, 20, 21, 22, 27, 28, 29, 30, 31, 32, 33, 34, 35, 36, 37, 38, 39, 40, 41, 42, 55, 56, 57, 59, 60, 61, 62, 86, 87, 88, 89, 90, 91, 92, 93, 94, 95, 96, 97, 98, 99, 100, 101, 116, 117, 118, 120, 121]"
82,Lưu Tuyền sắp đến mùa rồi cô ạ ai rủ buôn đừng buôn 😞,[]
83,Trần Thành,[]
84,"Nếu vậy thì mấy ông CSGT ra đường làm gì cho ""bẩn áo"". Mấy ông mà mà người xấu hết thù ở nhà là xong. Có thế một phát là VN lại ""một ngày đi một trung đội"" như năm nào...",[]
85,Ghép làm chó nha ae,[]
86,"Cũng ko ngạc nhiên jì lắm, gần hết 2020 xăng xái cho đạt yêu cầu quan thầy ấy mà, riêng cái điều này coi bộ khó đạt í,có thằng chó nào ra đường nói tiếng tàu với đồng bào,đồng nghiệp,bạn bè bằng tiếng tàu ko,lúc đó nó cho vào bệnh viện tâm thần thì bỏ mẹ,hay về nhà hôn vợ,nựng con nó có nói tiếng tàu được vợ con nó chắc ngạc nhiên lắm vì nghĩ nó bị khùng,hahaha","[121, 122, 123, 124, 125, 126, 127, 128, 129, 215, 216, 249, 250, 251, 252, 253, 282, 283, 314, 315, 345, 346, 351, 352, 353, 354, 355]"
87,Chúng mày làm gì có văn hóa mà lập ra bộ văn hóa,"[0, 1, 2, 3, 4, 5, 6, 7, 8, 10, 11, 12, 13, 14, 15, 16, 17, 18, 19, 20, 21, 22, 23, 24, 25, 26, 27, 28, 29, 30, 31, 32, 33, 34, 35, 36, 37, 38, 39, 40, 41, 42, 43, 44, 45, 46, 47]"
88,Nguyễn Công Viễn cẩn thận nha,[]
89,"Uầy, được anh ơi. Cứ như ngồi cạnh thằng Tùng ấy nhờ. K có đcm luôn. Nghe cứ điếm vãi cả nồi ấy.","[35, 36, 37, 38, 39, 59, 60, 61, 77, 78, 79, 80, 81, 82, 83, 84, 85, 86, 87, 88, 89, 90, 91]"
90,"T muốn coi qá, nhưng sợ nên ngỉ phẻ. Đỡ tốn tiền 🤣",[]
91,:(,[]
92,Like vì cùng suy nghi😁,[]
93,"Bắn bỏ hết mẹ lũ tham quan đi, lũ chó","[0, 1, 2, 3, 4, 5, 11, 12, 13, 14, 15, 16, 17, 18, 19, 20, 21, 22, 23, 24, 25, 31, 32, 33, 34, 35, 36]"
94,t cừi 2 tiếng rồi và vẫn chưa có dấu hiệu dừng lại,[]
95,Tự hào quá VN ơi 😂,[]
96,Ý nghĩa,[]
97,Vũ Hạnh Dương cô mình hơi nóng hia hiaaaa😂,[]
98,Idol,[]
99,Idol lạc qua đây luôn😂😂,[]
100,con nay mat dai,"[0, 1, 2, 8, 9, 10, 11, 12, 13, 14]"
101,"Phạm Tuong không có cái gì cũng tự dưng lôi anh tao vào , cái thứ dòng đỗn lì , không khịa anh tao thì m bị ngứa tay à 🙃","[48, 49, 50, 71, 72, 73, 74, 75, 76, 86, 87, 88, 89, 95, 96, 97, 103]"
102,<3 <3 <3 Từ hôm nay Việt Nam đã có Pikachu Go để chơi rồi nhé ^^,[]
103,Trung cộng phát hiện có cả virus trong nước tiểu nhé.,"[39, 40, 41, 42, 43, 44, 45, 46, 47]"
104,dnn thay ba nhieu hok tro` tot vc :L)),"[0, 1, 2, 31, 32, 35]"
105,Chàng trai vs điệu múa bê bết,[]
106,Còn tốt lắm 👏 😂,[]
107,chuẩn là ngon ngọt nước luôn,[]
108,Ai yêu ib nhé,[]
109,Chắc panda vui 🙃,[]
110,Nắm tay nhau thật chặt. Giữ Tay nhau thật sâu. Cho chắc ăn. Dân sẽ mừng. Cũng như Mỹ xấu ăn thịt người. Mà Vc pháo kích thì cứ chạy tới Mỹ và Ngụy để được giúp chữa bệnh. Làng Mỹ Lai.,"[85, 86, 87, 92, 93, 94, 95, 96, 97, 98, 99, 100, 101, 107, 108]"
111,"Thần quyền Ếch vồ hoa mướp! Thở quá rồi, huyết áp 300 rồi!🤣🤣🤣",[]
112,Du me may,"[0, 1, 2, 3, 4, 5, 6, 7, 8]"
113,Chửi cũng nể nang chứ. Đkm tao báo công an bắt chết cụ mày. Phạt mày 5 tr bây giờ. 😂😂😂😂😂😂,"[0, 1, 2, 3, 23, 24, 25, 27, 28, 29, 47, 48, 49, 50, 51, 52, 53, 54, 55, 56, 57, 65, 66, 67]"
114,Này mà lúc buồn xúm lại nghe cô nói chuyện chắc cười chết luôn á🤣,[]
115,Bai vo nay Bac Ho ma con song bung tay 1 cai la ong toi.can gi phai sung voi dao.dung la ba que ba xao...,"[68, 69, 70, 71, 77, 78, 79, 89, 90, 91, 92, 93, 94, 96, 97, 98, 99, 100, 101]"
116,Nguyễn Nam khựa story,"[11, 12, 13, 14]"
117,Lê Thư bớt ngu,"[11, 12, 13]"
118,Ninh Trần đi đâu cx gặp idol 🙂,[]
119,Cái mỏ con linh cá lóc ni giống như cái đít vịt,"[4, 5, 7, 8, 9, 40, 41, 42, 43, 44, 45, 46]"
120,Tao mà bắt gặp thg nào là tao bêu rếu nó từ đầu trên xuống dưới từ bên này qua bên kia đm cho nó đội quần nó nghỉ làm mẹ luôn dùm tao,"[0, 1, 2, 15, 16, 17, 26, 27, 28, 30, 31, 32, 33, 34, 35, 36, 38, 39, 87, 88, 94, 95, 97, 98, 99, 100, 101, 102, 103, 104, 106, 107, 118, 119]"
121,Phạm văn rạng từng bắt dính 3 quả của pele và vô địch sea game lần 1,[]
122,Ok chấp,[]
123,Mai Anh Tuân Mua được mấy cái siêu xe cho các con du học bên bển rồi :v,[]
124,Co con cac,"[3, 4, 5, 6, 7, 8, 9]"
125,Nguyễn Đức Ánh lại thêm thằng ngu thíc sủa bậy..,"[24, 25, 26, 27, 28, 29, 30, 31, 32, 39, 40, 41]"
126,Hủy cái dmm :v,"[8, 9, 10]"
127,nhà tiên tri đã làm bao nhiêu diễn viên mất việc,[]
128,"Hởi toàn thể 90 trịu dân VN chúng ta hãy truy tìm kẻ khốn nạn này. Đây là tiền thúê của chúg ta góp vào phục vụ đất nước, sao chúng trộm làm của riêng? Đậu móa anh chịu hết nổi rồi","[50, 51, 52, 53, 54, 55, 56, 57, 58, 59, 60, 152, 153, 154, 155, 156, 157, 158]"
129,Tổ sử mấy thằng này chỉ bênh vực nhau. Thế nào là gạt tay?? Lỡ như thằng nhà báo nó đấm vỡ mõm thằng CA xong nó bảo chỉ là gạt tay thì có xử thằng nhà báo ko?? Toàn làm trò hề thôi bọn CA chó này!!,"[0, 1, 2, 3, 4, 10, 11, 12, 13, 14, 67, 68, 69, 70, 71, 84, 85, 86, 91, 92, 93, 169, 170, 171, 172, 173, 174, 181, 182, 183, 188, 189, 190]"
130,À thì ra vì muốn ăn 150 tĩ nên bán cái lương tâm vốn đã rách rưới để chê khoa học gia Nhật !,"[31, 32, 33, 34, 35, 36, 37, 38, 39, 40, 41, 42, 43, 44, 45, 46, 47, 56, 57, 58, 59, 60, 61, 62, 63, 64, 69, 70, 71]"
131,lương lẹo là nghề của búa liềm,"[0, 1, 2, 3, 4, 5, 6, 7, 8]"
132,Sela tuổi gì với abe :))),"[5, 6, 7, 8]"
133,Được anh ưii,[]
134,em cũng không biết nứa -_-,[]
135,Ý là tháng kiếm 7-8tr chỉ để cho con ăn tôm hùm và cua hoàng đế thôi. Còn số tiền còn lại không kể hết =)),[]
136,địt mẹ chúng mày cmt lịch sự chút đi..😁😁,"[0, 1, 2, 3, 4, 5, 6, 7, 8, 9, 10, 11, 12, 13, 14, 15]"
137,@Anh Nguyen Tuan  biến con mẹ mày,"[18, 19, 20, 21, 22, 23, 24, 25, 26, 27, 28, 29, 30, 31, 32]"
138,Đàn bà j nhìn mặt giống dân ông xấu thấy mô,"[0, 1, 2, 3, 4, 5, 6, 7, 8, 9, 10, 11, 12, 13, 14, 15, 16, 17, 18, 19, 20, 21, 22, 23, 24, 25, 26, 27, 28, 29, 30, 32, 33, 34]"
139,Được quá nhỡ 😷,[]
140,"Xl la xong sao , de nghi gia dinh xum lai nho nuoc bot uot het nguoi no moi chiu","[0, 1, 42, 43, 44, 45, 46, 47, 48, 49, 50, 51, 52, 53, 54, 55, 56, 57, 58, 59, 60, 61, 62, 63, 64, 65, 66, 67, 68, 69, 70]"
141,"Hồi đi học thì được biết mấy chữ như tự mãn, tự cao tự đại, tự kiêu.. sau 75 thì chữ tự hào được xài hơi nhiều... từ lúc có điện thoại thông minh thì xuất hiện chữ tự sướng.. bi giờ DLV và AK 47 làm giàu cho ngữ vựng VN chữ tự nhục. Định xin phép các anh chị trong ảnh tự nhục kia cho tui .. tự ké được hong?🧐","[37, 38, 39, 40, 41, 42, 45, 46, 47, 48, 49, 50, 51, 52, 53, 54, 55, 56, 57, 60, 61, 62, 63, 64, 65, 66, 182, 183, 184, 189, 190, 191, 192, 193, 224, 225, 226, 227, 228, 229, 230, 269, 270, 271, 272, 273, 274, 275]"
142,Tóc như kia chỉ có chị Trang đổ thôi chứ ai đổ nổi 😂,[]
143,Sao lớn rồi cũng có tuổi rồi mà sao ăn nói thiếu văn hóa quá 😒,[]
144,"đm , đúng là mặc đồ như cái quanque thiệttt 🤦🏻‍♀️","[0, 1, 24, 25, 26, 27, 28, 29, 30, 31, 32, 33, 34]"
145,Bài hát dành cho Khắc ... À mà thôi :)),[]
146,Anh 3 oi.anh lam gi co LON ma chui.hahaha,"[23, 24, 25, 30, 31, 32, 33]"
147,Hahahahahahaaaa,[]
148,Người ta bị liệu bạn ơi,[]
149,Giết nó,"[0, 1, 2, 3, 5, 6]"
150,Lê Thế Hào cc dell bk cailoz j ve nghe thuat im,"[11, 12, 14, 15, 16, 17, 22, 23, 24, 25, 26, 27]"
151,Giống thực sự,[]
152,Mà thật sự chị Trần Đoàn bán hàng trên mạng từ lâu rồi đó.,[]
153,Nay toàn lấy cơ chơi lễ trung thu để đi địt nhau thôi anh ạ :))),"[40, 41, 42]"
154,Nghe bà này nói chuyện ốc ác noi da gà hết sao ma ác khẩu vậy mà nói tâm tốt sau này cái miệng bà này o có voi nam một cho  roi đó hết la làng tôi kieu an bà này sẽ co,"[5, 6, 23, 24, 25, 26, 27, 50, 51, 52, 53, 54, 55, 56]"
155,Chứ tưởng đổi giáo an TF 0156,[]
156,Dm quảng cáo :)),"[0, 1]"
157,sủa sủa sủa 🐕,"[0, 1, 2, 4, 5, 6, 8, 9, 10, 12]"
158,Anh em mau nhường giải cho Sela trả nợ nào,[]
159,Đợi thầy mãi :(,[]
160,3k và 38 người. Con số đã nói lên tất cả. Tỉ lệ này là 99% Không đồng ý và chỉ có 1% đồng ý. haha Đâu bao giờ dám trưng cầu dân ý.,"[98, 99, 100, 101, 102, 103, 104, 105, 106, 107, 108, 109, 110, 111, 112, 113, 114, 115, 116, 117, 118, 119, 120, 121, 122, 123, 124, 125, 126, 127, 128]"
161,Nhìn khó chịu vch.,"[14, 15, 16]"
162,ok a ưi,[]
163,Chiuuuuu :v,[]
164,Ai là người buồn vậy????,[]
165,Ông Trần Dần tiên đoán khi nào VN sang giải phóng Bắc Kinh?,[]
166,Hép pi niu yeahhh,[]
167,Đúng r bạn,[]
168,Giàu mà ăn mặc lạ lùng ghê k bằng ăn mặc quê mùa như mình :)),"[0, 1, 2, 3, 4, 5, 6, 7, 8, 9, 10, 11, 12, 13, 14, 15, 16, 17, 18, 19, 20, 21, 22, 23, 24, 25, 26, 27, 28, 29, 30, 31, 32, 33, 34, 35, 36, 37, 38, 39, 40, 41, 42, 43, 44, 45, 46, 47, 48, 49, 50, 51, 52, 53, 54, 55, 56]"
169,"Ko đâu ad , chúng nó ngu đó , Cẩu Quan thua mưu Trung Chó nên cớ sự mới ra9 như vậy !","[18, 19, 21, 22, 23, 30, 31, 32, 39, 40, 41, 42, 54, 55, 56]"
170,"Day khong phai la con nguoi nua ,,, tinh tinh tinh ,,","[0, 1, 2, 3, 4, 5, 6, 7, 8, 9, 10, 11, 12, 13, 14, 15, 16, 17, 18, 19, 20, 21, 22, 23, 24, 25, 26]"
171,Cho phép cái đéo gì mà cá sống ở tầng nước SÂU cũng chết . Đm,"[13, 14, 15, 52, 53, 54, 55, 59, 60]"
172,Thay ngáo đá,"[5, 6, 7, 8, 9, 10, 11]"
173,Chúng nó cấu kết với nhau để khép tội cho HDHải bằng mọi thủ đoạn ! Bọn chó đấy còn dã man tàn nhẫn như thằng hung thủ kia và vẫn đang nhởn nhơ ngoài vòng pháp luật ! Đáng sợ,"[0, 1, 2, 3, 4, 5, 6, 7, 9, 10, 11, 12, 13, 14, 15, 48, 49, 50, 51, 52, 53, 54, 55, 56, 57, 58, 59, 60, 61, 62, 63, 64, 68, 69, 70, 71, 72, 73, 74, 84, 85, 86, 87, 88, 89, 91, 92, 93, 94, 95, 96, 97, 98, 104, 105, 106, 107, 108, 109, 110, 111, 112, 113, 114, 115, 116, 117, 167, 168, 169, 170, 171, 172, 173]"
174,đi phố bô sa tìm danh hài hải ngoại chưa thầy,[]
175,D m thắm ơi cho em vào lại không sợ chó Đi em sai rồi. Hôm sau em k giám chúc mừng năm mới nữa huhu,"[0, 1, 2, 36, 37, 38, 39, 40, 41]"
176,Hay qua chi MINH HIEU oi!!!! E ung ho Chi!!!,[]
177,Em rất thích chi,[]
178,Ok anh như 2 giọt nước 😍,[]
179,Thân Hoài Thương ?? Hay thì like đéo hay chả nhẽ k đc dlike? Lạ lồn thế? Sinh ra nút dlike làm cc gì? Hát như cc thì chả dlike,"[33, 34, 35, 41, 42, 43, 54, 55, 56, 57, 58, 61, 62, 63, 64, 65, 66, 85, 86, 87, 88, 89, 95, 96, 110, 111, 117, 118, 119, 121, 122, 123, 124, 125]"
180,Uk công nhận k hay lắm,[]
181,Trần Linh đau đầu thực sự 😂,[]
182,Xem cái này chỉ muốn ỉa vào mặt mấy thằng cho xây tượng đài...,"[21, 22, 36, 37, 38, 39, 40]"
183,Châu Hạ Nghi cđ nhâyy,"[13, 14, 16, 17, 18, 19, 20]"
184,"trong đó có bọn comdom gì gì ấy cũng y như vậy, lũ sống bằng tiền lao động của dân mà cứ nghĩ chúng nó là thánh không bằng","[12, 13, 14, 15, 16, 17, 18, 19, 20, 21, 48, 49, 94, 95, 96, 97, 98, 99, 100, 101]"
185,Anh trung bú đá,"[10, 11, 12, 13, 14]"
186,Tuổi lồn sánh vai,"[0, 1, 2, 3, 4, 5, 6, 7]"
187,Mai anh Độ bắt đầu live thì cả bộ tộc chào cờ rồi hát tộc ca :v,[]
188,Dũng Trần người việt sang Mỹ :( xong bay dìa cái thành người thứ 34 :(,[]
189,Manh thi song yeu thi chet,"[22, 23, 24, 25]"
190,Có 5 thằng like. Có nghĩa bên cạnh thằng óc chó có thêm 5 thằng óc như chó :)),"[5, 6, 7, 8, 9, 35, 36, 37, 38, 39, 40, 41, 42, 43, 44, 45, 46, 58, 59, 60, 61, 62, 63, 64, 65, 66, 67, 68, 69, 70, 71, 72, 73]"
191,Cao Lãnh với chúng tôi làyy,[]
192,chuyện ở hong kong là một giấc mơ của thiểu số người Việt mà thôi ! .... trưa đọc tí truyện hài cho vui nhà ad ơi,[]
193,Nào chưa có vợ thì sao dỗi vl,"[27, 28]"
194,lương sắp tới cũng là lương sắp đi :),[]
195,"Những thằng nói đạo lí,thường sống như L^**","[6, 7, 8, 9, 10, 39, 40, 41, 42]"
196,oki =))),[]
197,Thằng xamlol. M k dùng hay dùng thì t care à,"[0, 1, 2, 3, 4, 6, 7, 8, 9, 10, 11, 14, 36]"
198,Non quá thầy ơi,"[0, 1, 2]"
199,Sao chi noi tieng de thuong qua chi oi.nam nay chi bao nhieu tuoi roi chi .dep gai qua chi oi,[]
200,Phụ nữ vn làm gi có ai xấu tai xấu hại vậy xấu hết phần chó,"[23, 24, 25, 26, 27, 28, 29, 30, 31, 32, 33, 34, 35, 36, 37, 43, 44, 45, 46, 47, 48, 49, 50, 51, 52, 53, 54, 55, 56, 57, 58]"
201,Ở với + sản..bạn đấu tranh họ cho bạn là phản động...khi + sản sai...nó sẽ rút kinh nghiệm..đậu xanh rau muống..,"[41, 42, 43, 44, 45, 46, 47, 48, 49, 69, 70, 92, 93, 94, 95, 96, 97, 98, 99, 100, 101, 102, 103, 104, 105, 106, 107, 108, 109]"
202,"Đất nước hạnh phúc nhất thế giới là người dân ngày đêm cày kéo làm để trả nợ thay cho lũ ăn tàn phá hoại đất nước này . Muốn dân hết khổ thì cho vài ba trận đá banh thì dân cứ bão với lũ là hết thôi , cứ quán nhậu mọc nhiều hơn thư viện sách thì dân có ngu cũng phải cho mình là thông minh , bởi rượu vào lời ra thì mạnh ai người ấy nói kk","[36, 37, 38, 39, 40, 41, 42, 43, 44, 45, 46, 47, 48, 49, 50, 51, 52, 53, 54, 55, 56, 57, 58, 59, 60, 61, 62, 63, 64, 65, 66, 67, 68, 69, 70, 71, 72, 73, 74, 75, 76, 77, 78, 79, 80, 81, 82, 83, 84, 85, 86, 87, 88, 89, 90, 91, 92, 93, 94, 95, 96, 97, 98, 99, 100, 101, 102, 103, 120, 121, 122, 123, 124, 125, 126, 127, 128, 129, 130, 131, 132, 133, 134, 135, 136, 137, 138, 139, 140, 141, 142, 143, 144, 145, 146, 147, 148, 149, 150, 151, 152, 153, 154, 155, 156, 157, 158, 159, 160, 161, 162, 163, 164, 165, 166, 167, 168, 169, 170, 171, 172, 173, 174, 175, 176, 177, 178, 179, 180, 181, 182, 183, 184, 185, 186, 187, 188, 189, 190, 191, 192, 193, 194, 195, 196, 197, 201, 202, 203, 204, 205, 206, 207, 208, 209, 210, 211, 212, 213, 214, 215, 216, 217, 218, 219, 220, 221, 222, 223, 224, 225, 226, 227, 228, 229, 230, 231, 232, 233, 234, 235, 236, 237, 238, 239, 240, 241, 242, 243, 244, 245, 246, 247, 248, 249, 250, 251, 252, 253, 254, 255, 256, 257, 258, 259, 260, 261, 262, 263, 264, 265, 266, 267, 268, 269, 270, 271, 272, 273, 274, 275, 276, 277, 278, 279, 280, 281, 282, 283, 284, 285, 286, 287, 288]"
203,"Ở Mỹ cầm bảng ""Trump is Putin's puppet"" chẳng sao nhỉ. Ở VN mà cầm bảng ""Lú là con rối của Tập"", sẽ bị tống vô tù vì tội .... tiết lộ bí mật quốc gia haha :))","[79, 80, 81, 82, 83, 84, 85, 103, 104, 105, 106, 107, 108, 109, 110, 111, 112]"
204,Cái chế độ vc này bàn tay nhuốm máu không biết bao nhiêu người tù vụ cải cách ruộng đất cả trăm ngàn người chết đến vụ học tập cải tạo thêm cả trăm ngàn người chết!,"[11, 12, 26, 27, 28, 29, 30, 31, 32, 33, 34, 107, 108, 109, 110, 159, 160, 161, 162]"
205,Là chính e.... ai mà có phi cơ riêng ... thần tượng của Kim Đan Cương,[]
206,Giờ ko đánh cũng đã khai chính cờ đỏ sao vàng là bọn khủng bố.cần phải dẹp ngay bọn khủng bố cờ đỏ sao vàng này ra khỏi xã hội Việt Nam và cả nhân loại của thế giới 😉,"[4, 5, 6, 7, 8, 9, 10, 11, 12, 13, 14, 15, 16, 17, 18, 19, 20, 21, 22, 23, 49, 50, 51, 52, 53, 54, 55, 56, 57, 58, 59, 60, 71, 72, 73, 74, 75, 76, 77, 78, 79, 80, 81, 82, 83, 84, 85, 86, 87, 88, 89, 90, 91]"
207,Thương con chó  mà  phải  mang cái  mặt  của mày  quá,"[7, 8, 9, 10, 11, 12, 13, 14, 29, 30, 31, 32, 33, 34, 35, 36, 37, 38, 39, 40, 41, 42, 43, 51, 52, 53, 54]"
208,Trần Thanh Hà ai đấy 😂,[]
209,Bạn bè bên dai loan và bên nước Việt Nam mình kg tha thứ cho no cho nó một bài học cho nó biết thế nào la suc Phạm dân tộc Việt Nam  kg cho nó bài hoc nó kg sợ dau an nói tuc tĩu mất dạy quá,"[46, 47, 48, 49, 50, 51, 52, 53, 54, 55, 61, 62, 68, 69, 87, 88, 106, 107, 108, 109, 110, 111, 112, 113, 140, 141, 151, 152, 171, 172, 173, 174, 175, 176, 177, 178, 179, 180, 181, 182, 183, 184, 185, 186, 187, 188, 189]"
210,Du học Úc à nghen 😇,[]
211,Xin link dạo hả abe,[]
212,"Và họ kêu ngày ấy là ""giải phóng"" miền nam 🤣","[22, 23, 24, 25, 26, 27, 28, 29, 30, 31]"
213,Thích nhất đoạn 31:00😂😂😂😂,[]
214,Hợp lý quá ah êu😑,[]
215,Lý do 1 đứa con gái chấp nhận yêu xa là thằng kia nó giàu vailou. Hết.....!!!!,"[50, 51, 58, 59, 60, 61, 62, 63]"
216,DLV dân lưu vong đâu?,"[0, 1, 2, 8, 9, 10, 11, 12, 13, 14, 15]"
217,Ước gì Thu Giangg add friend iloveu dấu bé ba :3333,[]
218,Lại cà khịa,[]
219,Trần Dần em yêu anh,[]
220,BÀ THÁI ANH VĂN RẤT GIẢN DỊ VÀ GẦN GŨI VỚI DÂN _ NHƯNG RẤT KIÊN TRUNG _KIÊN CƯỜNG TRƯỚC KẺ THÙ _ BÀ LÀ TẤM GƯƠNG SÁNG CHO RẤT NHIỀU ĐỨA HÈN VỚI GIẶC ÁC VỚI DÂN THAM HƠN SÚC VẬT SOI VÀO ĐỂ THAY TÂM ĐỔI TÍNH,"[136, 137, 138, 139, 140, 141, 142, 143, 144, 145, 146, 147, 148, 149, 150, 151, 152, 153, 154, 155, 156, 157, 158, 160, 161, 162, 163, 164, 165, 166, 167, 168, 169, 170, 171, 172, 173, 174, 175]"
221,@• Amber • làm thơ thì phải có vần. Còn không có vần thì thôi cũng được =)),[]
222,dr a oi,[]
223,Rất tiếc ông chọn nhầm cái đãn chó chết để phục vụ,"[27, 28, 29, 30, 31, 32, 33, 34, 35, 36, 37, 38]"
224,"Cứ dm nghĩ mình là công chúa các thứ các thứ, đéo hiểu kiểu gì =)))","[3, 4, 6, 7, 8, 9, 10, 11, 12, 13, 14, 15, 16, 17, 18, 19, 20, 21, 22, 23, 24, 25, 26, 27, 28, 29, 30, 31, 32, 33, 34, 35, 36, 37, 38, 39, 40, 41, 42, 43, 46, 47, 48]"
225,tổ lái,[]
226,Hóng top 1 thịnh hành ><,[]
227,Mấy thằng báo đời này sao không ai chế tài🤔,"[4, 5, 6, 7, 8, 9, 10, 11, 12, 13, 14, 15, 16]"
228,Đĩa bay phải khog mọi người,[]
229,Thằng này nguồn gốc là công an cộng sản thì bản chất đểu cáng trơ trẽn là đúng rồi.,"[0, 1, 2, 3, 4, 53, 54, 55, 56, 57, 58, 59, 60, 62, 63, 64, 65, 66, 67, 68, 69]"
230,Thinh Hoang may là izakaya ở nhật chứ ở houston chết mẹ t:)),"[12, 13, 14, 48, 49, 50, 51, 52, 53, 54, 55, 56]"
231,Nguyễn Nhật Long vl nắc,"[17, 18, 20, 21, 22]"
232,nhìn như ghép :)),[]
233,Chào cả nhà,[]
234,"Đồng chí nào có lòng tốt ra rước bác về dùm , để đấy mấy con chó nó đái lên thì khổ thân bác tui quá","[53, 54, 55, 56, 57, 58, 59, 60, 61, 62, 63, 65, 66, 68, 69, 70]"
235,ko biet chính quyền đang làm cái j như vụ một thanh niên (thôi) xông vào ngân hàng cướp thì có tới trăm cảnh sát bao vây chi v troi ô nao cug muốn ở phưởng cơ quan có ô nào muốn lò mặt ra ngoài để điều tra đâu mà có chắc cug phải cả tháng cả năm cảm thấy xấu hổ vs nhung khách du lịch tới Việt Nam mình,"[83, 84, 85, 86, 132, 133, 134, 135, 136, 137, 138, 139, 140, 141, 142, 143, 144, 145, 146, 147, 148, 149, 150, 151, 152, 153, 154, 155, 156, 157, 158, 159, 160, 161, 162, 163, 164, 165, 166, 167, 168, 169, 170, 171, 172, 173, 174, 175, 176, 177, 178, 179, 180, 181, 182, 183, 184, 185, 186, 187, 188, 189, 190, 191, 192, 193, 194, 195, 196, 197, 198, 199, 200, 201, 202, 203, 204]"
236,Vương Hoàng Thái,[]
237,hình như thằng này là thằng muốn ăn gỏi MC Phan Anh đây mà :3,"[9, 10, 11, 12, 13, 22, 23, 24, 25, 26]"
238,Vào mà la liếm đi mấy chú dlv,"[7, 8, 9, 10, 11, 12, 13]"
239,Ngon...,[]
240,Tiên tri vũ trụ hay là người ngoài hành tinh,[]
241,Lừa minh hiếu còn sủa,"[0, 1, 2, 18, 19, 20]"
242,3 que có cờ ko?->,"[0, 1, 2, 3, 4]"
243,Nói nhưng họ đâu có thích mình,[]
244,Hữu Nguyễn căn cứ vào hàng cmt luôn,[]
245,lại đêu,[]
246,đẳng cấp anh ơi,[]
247,Đồng cảm xúc :)) nghe không hay như mấy bài trước :)),[]
248,Idol giữ gìn sức khỏe cẩn thận nhé không ai tấu hài cho em coi,[]
249,Vn bjo toàn thằng bệnh nhỉ,"[12, 13, 14, 15, 16, 17, 18, 19, 20, 21]"
250,Bê lol chạy là có thật,"[3, 4, 5]"
251,Đình Quang ụa đâu có giải gì bên vn đau ta,[]
252,Đây là câu chuyện buồn mà🙁,[]
253,"Ăn thua gì, ăn mừng đón con khỉ nói tiếng Hoa cũng chết vài triệu mạng rồi.","[24, 25, 26, 27, 28, 29, 30, 31, 32, 33, 34, 35, 36, 37, 38, 39, 40, 41, 42, 43, 44, 51, 52, 53, 54]"
254,Kênh của aba là kênh kĩ năng nghe chưa =)),[]
255,Nguyễn Bảo Chấn clm,"[16, 17, 18]"
256,Lão Tập qua đây chả ai quan tâm. Dân còn biểu tình phản đối,"[0, 1, 2, 41, 42, 43, 44, 45, 46, 47, 48, 49]"
257,Khịa nhau cái lồn.Bố mày còn đéo có yz700 fake mà đeo đây! :)))) Có giày đeo là ngon rồi đm,"[0, 1, 2, 3, 14, 15, 16, 21, 22, 23, 29, 30, 31, 89, 90]"
258,Tưởng k có tuổi vs vong ba gà,"[6, 7, 8, 9, 10, 11, 12, 13, 14, 19, 20, 21, 22, 27, 28]"
259,Ở đây ai là chủ ???,[]
260,Chiều pick susan nha thầy <3,[]
261,trơ trẽn vkl 💩,"[0, 1, 2, 3, 4, 5, 6, 7, 8, 9, 10, 11, 12, 13]"
262,Tưởng Nhật Bản văn minh thế nào,[]
263,Chắc hít dạ hương xong lú cmnr,"[5, 6, 7, 8, 9, 10, 11, 12, 13, 14, 15, 16, 23, 24, 25, 26, 27, 28, 29]"
264,quản lý fanpage có đc coi là fan cứng ko anh ui :v,[]
265,Phắc ộp! Dmca,"[0, 1, 2, 3, 4, 5, 6, 9, 10]"
266,Diện Trần khó thương nhiều vào để đất nước nó lớn mạnh trở lại rồi lại đi cướp nước ngủ còn sủa,"[43, 44, 74, 75, 76, 77, 84, 85, 86, 92, 93, 94]"
267,Đijt mẹ thằng ad phản động tuyên truyền vớ vẩn,"[0, 1, 2, 3, 4, 5, 6, 8, 9, 10, 11, 12, 17, 18, 19, 20, 21, 22, 23, 24, 25]"
268,Không bẩn thỉu không phải cộng sản mà.,"[0, 1, 2, 3, 4, 5, 6, 7, 8, 9, 10, 11, 12, 13, 14, 15, 16, 17, 18, 19, 20, 21, 22, 23, 24, 25, 26, 27, 28, 29, 30, 31, 32, 33]"
269,Thôi xong này khỏi đi học,[]
270,nghệ sĩ nhân dân hài liên minh,[]
271,Lấy tiền miền nam đi nuôi một lũ con cháu trung quốc,"[30, 31]"
272,Covid-19 là cái gương chiếu yêu hay gì á :))) biết bao nhiêu bộ mặt ngu dốt lòi ra,"[61, 62, 63, 64, 65, 66, 67, 68, 69, 70, 71, 72, 73, 74]"
273,"Lũ chó , bán nước hại dân","[0, 1, 2, 3, 4, 5, 9, 10, 11, 12, 13, 14, 15, 16, 17, 18, 19, 20, 21, 22, 23, 24]"
274,Cả nước đồng lòng riêng em thi ko,[]
275,Nhìn quả đầu của cháu tùng em lại nghĩ đến Đấng Dì giây Chip 🤣,[]
276,hay quá thầy ơi thả tim,[]
277,lời nói đâu mất tiền mua  sau bà ăn nói ko có văn hóa dzay,"[40, 41, 42, 43, 44, 45, 46, 47, 48, 49, 50, 51, 52]"
278,B52 If J97,[]
279,Hồ Khang đmm. Ý kiến của m như l ý.,"[9, 10, 11, 25, 31]"
280,Quá duyên luôn cô ơi 😍😍,[]
281,"Ngô thanh Vân coi đi có nhục quốc thể không . Gọi fan vô chửi như là chửi cái đứa ca sĩ nước Mỹ mặc áo dài không quần ý , rồi dạy cho cựu VDV nay vô gu ghồ tìm hiểu xem mảnh vải đỏ có hình sao vàng là cờ của nước nào.","[24, 25, 26, 27, 28, 29, 30, 31, 32, 57, 58, 59, 60, 69, 70, 71, 72, 78, 79, 80, 81, 82, 83, 84, 85, 86, 87, 88, 89, 90, 91, 92, 93, 94, 95, 96, 97, 98, 99, 100, 101, 102, 103, 104, 105, 106, 107, 108, 109, 110, 111, 112, 113, 114, 115, 116, 117, 118, 126, 127, 128, 129, 130, 131, 132, 133, 134, 135, 136, 137, 138, 139, 140, 141, 142, 143, 144, 145, 146, 147, 148, 149, 150, 151, 152, 153, 154, 155, 156, 157, 158, 159, 160, 161, 162, 163, 164, 165, 166, 167, 168, 169, 170, 171, 172, 173, 174, 175, 176, 177, 178, 179, 180, 181, 182, 183, 184, 185, 186, 187, 188, 189, 190, 191, 192, 193, 194, 195, 196, 197, 198, 199, 200, 201, 202, 203, 204, 205, 206, 207, 208, 209, 210, 211, 212, 213, 214, 215]"
282,có ai biết best nhạc này không ạ cho em xin :)),[]
283,ngủ đi,[]
284,Nhanh thực sự,[]
285,Tất diên và tất diên.,[]
286,Hầu như các ca nhiễm bệnh toàn đi từ nước ngoài về nhỉ ??? Lúc mọi người về có nghĩ đến an toàn của bản thân cũng như mọi người ko nhỉ?? Hay não bị vi rút ăn hết cmnr,"[141, 142, 143, 144, 145, 146, 147, 148, 149, 150, 151, 152, 153, 154, 155, 156, 157, 158, 159, 160, 161, 162, 163, 164, 165]"
287,Ok đẹp trai :v,[]
288,Còn đó bị bệnh ngu,"[15, 16, 17]"
289,Cái này reset tiền thưởng 😂,[]
290,"phụ huynh lúc cho con học, chắc giờ đổi ý đi mua mì với gạo r.",[]
291,Rẫy là cái đ' gì vậy?,"[11, 12]"
292,Chị ba còn trinh có cây đinh chính giữa,"[7, 8, 9, 10, 11, 12, 13, 14, 15, 16, 17, 18, 19, 20, 21, 22, 23, 24, 25, 26, 27, 28, 29, 30, 31, 32, 33, 34, 35, 36, 37, 38]"
293,Má nó dơ vler 🤣🤣🤣,"[0, 1, 2, 3, 4, 6, 7, 8, 9, 10, 11, 12]"
294,Con me nay an noi lao phét mai mọt bi qua bao nang ne,"[0, 1, 2, 3, 4, 5, 18, 19, 20, 21, 22, 23, 24, 25, 26]"
295,Bê đê sống thật đi chị 3D,[]
296,Óc chó mà cũng học chửi! Trung quoc giúp cam bố mày àh!,"[0, 1, 2, 3, 4, 5, 19, 20, 21, 22, 45, 46, 47, 48, 49, 50]"
297,Đang ăn cơm còn ăn bim bim ? Thế thì ăn cơm làm sao đc :<,[]
298,"Bác sĩ trẻ ,đẹp trai ghê ! Ngồi bên cạnh chị gái rất là xinh đẹp ""Minh Hiếu """,[]
299,Chuyện người ta làm chúng bây ở đây làm thầy bói. Rảnh háng thật,"[20, 21, 22, 23, 24, 25, 26, 27, 28, 55, 56, 57, 58]"
300,Vâng anh ấy thật là tuổi trê tài cao,[]
301,Pr vc tộc trưởng ạ,"[3, 4]"
302,Bà ao hồng này cũng rảnh,[]
303,tôi biết đchi nhé các b haha 🌈🌈🌈,[]
304,Trend này tui theo lâu rồi,[]
305,Người ta gọi là đú mà.,"[16, 17]"
306,Khi bạn muốn bợ đít ai đó nhưng bạn không có não. Ngu như lợn nhưng vẫn làm báo Đảng đĩ.,"[13, 14, 15, 16, 17, 18, 36, 37, 38, 39, 40, 41, 42, 43, 44, 45, 46, 47, 50, 51, 52, 53, 54, 55, 56, 57, 58, 59, 60, 85, 86]"
307,Nhìn mặt tộc trưởng là đang tính toán gì đó,[]
308,Vui lo`ng Tien Tri Khi na`o ong  Tran Da`n chet ?,"[43, 44, 45, 46]"
309,Nghèo bày dạt nỏ.bién di me oi,"[0, 1, 2, 3, 4, 5, 6, 7, 8, 9, 10, 11, 12, 13, 14, 15, 17, 18, 19, 20, 25, 26]"
310,Yêu thầy thầy ba tốc độ :)),[]
311,Unlike page,[]
312,Tình yêu vĩnh cửu đấy :)),[]
313,Phan Thị Huyền Trang dép mua đâu zạ bạnnnnnnn,[]
314,Cay quá b52 ơi,[]
315,Thầy 20-10 vui vẻ,[]
316,Chương trình ln gì vậy ? :D :))),"[13, 14]"
317,Nguyễn Phương Thảo c ơi cẩn thận nè,[]
318,Chi nay dep sang,[]
319,tình hình tham nhũng đang ổn định :3,[]
320,Khánh Vân trêu tí thôi đừng cáu nhé 😁😁,[]
321,thầy chơi bẩn vl,"[10, 11, 12, 14, 15]"
322,"Nhật cũng đéo phải thằng vừa gì đâu, với mấy thằng Đức nữa, thử khủng hoảng chính trị quân phiệt nhật nó lên xem nó có san bằng cái châu á ko :))","[10, 11, 12, 13, 14, 15, 16, 17, 18, 19, 20, 21, 22, 23, 24, 25, 26, 27, 28, 29, 30, 31, 32, 33, 34, 45, 46, 47, 48, 49, 102, 103]"
323,Cười ra nước mắc :))),[]
324,"Tạm dừng dùng Facebook làm gì anh ơi , mặc kệ miệng lưỡi thiên hạ họ nói gì thì nói , đâu phải ai cũng là người trong cuộc đâu . Vì vậy anh hãy tiếp tục sử dụng Facebook đi , để còn biết trên Facebook anh đang bị cđm chửi sml chứ","[217, 218, 219, 220, 221, 222, 223, 224]"
325,Chiếc khăn gió ấm chứ🤣🤣🙄,[]
326,Chị em rụng trứng chưa,[]
327,Tao cháu ông tổng thống mỹ nè .đụ má xạo lồn.,"[31, 32, 33, 34, 35, 36, 37, 38, 39, 40, 41, 42, 43]"
328,thế đấy dkm,"[8, 9, 10]"
329,Nhìn cái cách ông viện kiểm sát cười,[]
330,Lê Nhật Trâm sao thế ạ ;-;,[]
331,Nhớ lại cảm giác hồi xưa vẫn thấy hồi hộp. Cho dù kết quả ra sao đi chăng nữa thì các em vẫn sẽ trưởng thành trên con đường của mình,[]
332,Thế là nghĩ học dài dài:))))),[]
333,Rô nói vậy chắc người việt không có ý thức bằng bọn nhật,"[27, 28, 29, 30, 31, 48, 49, 50]"
334,"Kệ mẹ mấy thằng bị nhồi sọ chửi ad, càng đông càng khai sáng đuoc, tạo cơ duyên đến với dân chủ, văn minh,..","[3, 4, 10, 11, 12, 13, 14, 19, 20, 21, 22, 23, 24, 25]"
335,Hà Linh hoa 1 cánh à 😂😂,[]
336,Bớt bớt đi,[]
337,"Fan cứng abe, dù nghèo toàn xem chùa thôi 🤣",[]
338,Khá khó🙂,[]
339,Phúc Báo làm kiểu ta đây giàu đi chơi du lịch qua mấy vùng dịch chơi ấy mà,"[9, 10, 11, 12, 13, 14, 15, 16, 17, 18, 19, 20, 21, 22, 23, 24, 25, 26, 27, 28, 29, 30, 31, 32, 33, 34, 35, 36, 37, 38, 39, 40, 41, 42, 43, 44, 45, 46, 47, 48, 49, 50, 51, 52, 53, 54, 55, 56, 57, 58, 59, 60, 61, 62, 63, 64, 65, 66, 67, 68, 69, 70, 71, 72, 73]"
340,Xàm lồn quá thằng bóng ơi,"[0, 1, 2, 3, 4, 5, 6, 12, 13, 14, 15, 16, 18, 19, 20, 21]"
341,Ĩ khùng 😑,"[0, 1, 2, 3, 4, 5, 6]"
342,Công nghệ Đức của nhà máy nước Sông Đuống đây :)) hoá ra là Đức Chung :)),"[60, 61, 62, 63, 64, 65, 66, 67, 68]"
343,vu e bi xe qua c oi.nhung e k co tien huhu,[]
344,Tủnn Tủnn trẩu,"[10, 11, 12, 13]"
345,"cũng đúng vì giáo trình của vn mức độ khó hơn nước ngoài nhưng tiếc là khi làm thực tế thì chẳng được bao nhiu. 12 năm đèn sách, 5 năm đại học ra trường ko có tiền ko có quan hệ thì cũng thất nghiệp.","[153, 154, 155, 156, 157, 158, 159, 160, 161, 162, 163, 164, 165, 166, 167, 168, 169, 170, 171, 172, 173, 174, 175, 176, 177, 178, 179, 180, 181, 182, 183, 184, 185, 186, 187, 188, 189, 190, 191, 192, 193, 194, 195, 196, 197]"
346,Công cụ khủng bố và đàn áp của trung cộng đã đến lúc thành thú dữ . Đó là hiện tượng thế thời Tập & Trung Cộng đã đến thời khủng hoảng chính trị .,"[8, 9, 10, 11, 12, 13, 14, 15, 20, 21, 22, 23, 24, 25, 31, 32, 33, 34, 35, 36, 37, 38, 39, 40, 59, 60, 61, 62, 63, 64, 100, 101, 102, 103, 104, 105, 106, 107, 108, 109, 123, 124, 125, 126, 127, 128, 129, 130, 131, 132, 133]"
347,sale 99% thì e mua :>,[]
348,Nói chz xàm lol,"[8, 9, 10, 11, 12, 13, 14]"
349,Đù nhìn giống ba tam kê đội tóc giả vl,"[0, 1, 36, 37]"
350,đúng là CHÁY NHÀ mới ra MẶT CHUỘT.,[]
351,Chào các bạn mình là sói.hôm nay như mình đã hứa mình sẽ đưa ông già đi mua cua hoàng đế để chúc mừng Refund Gaming đạt top 1 =)),[]
352,Con này là con bóng dơ cái miệng nó mai mốt ko có cức mà ăn nữa... Kkkk,"[0, 1, 2, 11, 12, 13, 14, 15, 16, 17, 18, 19, 20, 21, 33, 34, 50, 51, 52]"
353,"Chưa ra đã thấy chán hơn , ngáo đét =))","[27, 28, 29, 30, 31, 32, 33, 34]"
354,Anh châu cho em xin nich fb cua anh để em đt gặp cô kim nc 😂❤️,[]
355,ib giá,[]
356,Con chó này bêde ah mọi người,"[0, 1, 2, 3, 4, 5, 6, 12, 13, 14, 15]"
357,Một chế độ thối nát. Toàn những thằng ngu bầu cho nhau lên làm lãnh đạo thì dân khổ là phải. Đây cũng là hậu quả của việc lật đổ vnch.,"[11, 12, 13, 14, 15, 16, 17, 18, 32, 33, 34, 35, 36, 37, 38, 39, 40, 80, 81, 82, 122, 123, 124, 125, 126, 127]"
358,"Thật ác độc quá đi,ảnh chỉ mất show thời corona ạm thời thôi",[]
359,Hoàng Thanh Trung xin video vs ng ae,[]
360,Xao can ngày chi can dep vay,[]
361,🤣🤣🤣 thanh niên lấy le nhà gái cho hay 🤦‍♂️🤦‍♂️🤦‍♂️,[]
362,Ít nhất ngta cũng làm từ thiện đâu có như cái thứ của m con linh cá lóc. Ko đóng góp mà còn chửi việt nam nx,"[42, 43, 44, 45, 46, 47, 48, 54, 56, 57, 58, 92, 93, 94, 95]"
363,Toàn giáo án máu lồn chảy ngược,"[13, 14, 15, 16, 17, 18, 19]"
364,Lam cai cc j dc bo ha T.lu,"[8, 9]"
365,:v có ai đó cười ở đằng sau,[]
366,DM...thèng assmin cút qua Dubai sống đi mày...( tao đi lãnh 3 củ đây),"[0, 1, 5, 6, 7, 8, 9, 10, 11, 12, 13, 14, 15, 16, 18, 19, 20, 40, 41, 42, 48, 49, 50, 51, 52, 53, 54, 55, 56, 57, 58, 59, 60, 61, 62, 63, 64, 65, 66, 67]"
367,"Ờ đánh nghiêm túc mà , kiểu đi test thôi",[]
368,Ong Lân ôi ong xảm quá hi,"[15, 16, 17]"
369,Đố anh em ngủ ngon muahahahaha,[]
370,Tui cũng dân bắc Kỳ mà thấy thằng dân bắc này thật hành động cũng khốn nạn quá nó mới chửi như vậy,"[13, 14, 15, 16, 17, 18, 28, 29, 30, 31, 32, 34, 35, 36, 37, 38, 39, 40, 66, 67, 68, 69, 70, 71, 72, 73, 79, 80, 86, 87, 88, 89]"
371,Đi đâu cũng thấy ông :v,[]
372,"Thời nhỏ tuy có thiếu thốn mọi thứ thật, nhưng đc cái ăn gì cũng sạch! Con người thật thà chứ không gian manh xảo trá như bây giờ! 😬😬😬","[100, 101, 102, 103, 104, 105, 106, 107, 108, 109, 110, 111, 112, 113, 114, 115, 116]"
373,Quan kiểu này chém chết,"[14, 15, 16, 17, 18, 19, 20, 21, 22]"
374,Như vậy mà người bán cũng ko phân biệt đc thì sao mình biết :(,[]
375,E cũng thua a tiệp 😌,[]
376,2ba là bede,"[7, 8, 9, 10]"
377,yêu k có lỗi,[]
378,Su Sy chốn thật ý,[]
379,"Bây h tại trung ương thành đại la toàn đỉnh cao trí tuệ, nơi những con bò tự hào luôn rống lên rằng vn vô địch, ra đường người với người thì luôn tỏ ra ta đây hống hách về nhà say rượu đánh vk như dog, có chuyện lên phường thì cúi đầu im thin thít tìm người thân quen để bỏ phong bì, dưới chân thiên tử mà như cc 😤😤😤","[67, 68, 69, 70, 71, 72, 86, 87, 88, 89, 152, 153, 154, 155, 156, 157, 159, 160, 161, 162, 163, 164, 165, 166, 167, 185, 186, 187, 188, 197, 198, 199, 248, 249, 250, 251, 252, 253, 254, 255, 256, 257, 258, 259, 260, 261, 262, 263, 264, 265, 266, 267, 268, 269, 270, 271, 272, 273, 274, 275, 276, 277, 278, 279, 280, 281, 310, 311, 313, 314, 315]"
380,tộc caaaa,[]
381,"Dân Mỹ muốn giàu thì phait đồng lòng yêu cầu tổng thống giết hết bọn ăn bám Việt Nam Cộng Hòa . Làm hạo tổn báo nhiêu kinh phí Mỹ, gánh nặng cho dân Mỹ","[56, 57, 58, 59, 65, 66, 67, 68, 69, 70, 71, 72, 73, 74]"
382,Ai như con nhung háng rộng kia :))),"[7, 8, 9, 17, 18, 19, 20]"
383,hộ,[]
384,Đen lắm :),[]
385,phản động là nói lên SỰ THẬT,"[0, 1, 2, 3, 4, 5, 6, 7, 8, 9, 10, 11, 12, 13, 14, 15, 16, 17, 18, 19, 20, 21, 22, 23, 24, 25, 26, 27]"
386,Nghĩ mà chán🤣,[]
387,Là như này nè các bác,[]
388,T có súng đây này,[]
389,Yêu cô quá cô ơi,[]
390,❤️Chú,[]
391,"Quả logo kia thì đổi thành ""TrọcGaming"" anh ơi :))",[]
392,Nó In tiền như in giấy lộn thế này bảo sao không lạm phát.,"[0, 1, 3, 4, 5, 6, 7, 8, 9, 10, 11, 12, 13, 14, 15, 16, 17, 18, 19, 20, 21, 22, 23, 24, 25]"
393,Phi Phi nhưng không có gấp đôi như a 😌😉😉,[]
394,Phong cách và thần kinh nó mong manh lắm🧐,"[14, 15, 16, 17, 18, 19, 20, 21, 22]"
395,Ôi cái đất nc tôi,[]
396,Dan khung ma ten tri gi dau,"[4, 5, 6, 7, 8]"
397,Thấy nước ngta thấy ham nhìn lại xứ vịt ngan chán,"[38, 39, 40, 41, 42, 43, 44, 45, 46, 47, 48, 49, 50, 52, 53, 54, 55, 56]"
398,thầy đéo xoá kênh kêu gọi học trò report cho bay kênh thiệt luôn :)),"[5, 6, 7]"
399,Lê Linh số ca nhiễm ngày càng tăng ngày đi học của em ngày càng xa :v,[]
400,Nhà tiên tri già lẫn rồi nói tào lao rồi nước Mỹ hiện giờ đã chết hơn 10000 người rồi.,"[13, 14, 15, 16, 17, 18, 19, 61, 62, 63, 64]"
401,Tùng đẹp trai :^)),[]
402,Cho khug,"[0, 1, 2, 3, 4, 5, 6, 7]"
403,Thân lăm bây giò lại căn buôi nhau,"[21, 22, 23, 24, 25, 26, 27, 28]"
404,Trèo cao ngã đau nhé thầy ngu,"[0, 1, 2, 3, 4, 5, 6, 7, 8, 9, 10, 11, 12, 13, 14, 15, 26, 27, 28]"
405,Cmm dụng tới cô Minh Hiếu  tao kéo ae tao đập chết mẹ mài đó,"[0, 1, 2, 27, 28, 29, 38, 39, 40, 42, 43, 44, 46, 47, 48, 49, 50, 51, 52, 54, 55, 56]"
406,Cùng một dòng sông,[]
407,Quân Anh dơ v bro,"[9, 10]"
408,Cái bệnh tâm thần phân liệt thể hoang tưởng tiến triển ngày càng nặng.,"[32, 33, 34, 35, 36, 37, 38, 39, 40, 41, 42]"
409,Cũng khá hay mà buồn vì nv chính cũng die :(((,[]
410,Ơ cái đ ịt đang ngủ mê bị mẹ chửi bỗng zưng fb tn kêu mở za xem thấy cái page chửi thuê đọc vài tí nghe vui tai vãi lìu tóm lại là a xẽ đưa thắm zô idol,"[6, 7, 8, 9, 29, 30, 31, 32, 78, 79, 80, 81, 112, 113, 114, 115, 116, 117, 118]"
411,wibu rách,"[5, 6, 7, 8]"
412,Chí Bảo chỉ xem có tốt thật không thôi mà 😂,[]
413,Ông bệnh thần kinh mà không hây,"[9, 10, 11, 12, 13, 14, 15, 16, 17]"
414,đem hẳn đặc sản ra trình làng,[]
415,du me,"[0, 1, 2, 3, 4]"
416,Văn Qúy bần đạo hãy cho bổn tọ cái video này với :>,[]
417,Đc của ló thầy ơi,[]
418,dẹp ở nhà,[]
419,@Em Gái Có Cu cái đó hàng chi ân hoặc công ty,[]
420,Nhac nghe chan vl,"[15, 16]"
421,xạo lol quá má ơi,"[0, 1, 2, 3, 4, 5, 6, 12, 13]"
422,Mấy thằng để ảnh bìa darcy chắc cũng toàn tay nhanh hơn não =))),"[4, 5, 6, 7, 8, 42, 43, 44, 45, 46, 47, 48, 49, 50, 51, 52, 53, 54, 55, 56, 57, 58]"
423,Nguyễn Hữu Thái ib a,[]
424,Thân Hoài Thương ơ lạ lol ghê. Ngta hay thì like mà t nghe k hay thì t dislike k đc à. Ảnh hưởng kinh tế gì nhà bạn k.,"[22, 23, 24, 52, 69, 87, 88, 89, 90, 91, 92, 93, 94, 95, 96, 97, 98, 99, 100, 101, 102, 103, 104, 105, 106, 107, 108, 109, 110, 111, 112, 113, 114, 115, 116]"
425,Lỗi không phải tại anh đâu mà là tại mấy anh công an không xích anh được sớm hơn thôi chứ bên vũ hán anh vào lò lâu rồi,"[59, 60, 61, 62, 105, 106, 107, 108, 109, 110]"
426,Phó Chủ nhiệm UBKTTP Tân an(Long an) không có bằng cấp 3 nhưng lý luận CT rất giỏi,"[37, 38, 39, 40, 41, 42, 43, 44, 45, 46, 47, 48, 49, 50, 51, 52, 53, 54, 55, 56, 57, 58, 59, 60, 61, 62, 63, 64, 65, 66, 67, 68, 69, 70, 71, 72, 73, 74, 75, 76, 77, 78, 79, 80, 81]"
427,"Ông xạo quá đi ông ơi, nói chuyện tào lao, già rồi sao mà xạo dữ vậy trời?","[4, 5, 6, 34, 35, 36, 37, 38, 39, 40, 58, 59, 60]"
428,Nguyen Tran Lan Anh loz me :)),"[20, 21, 22, 23, 24, 25]"
429,Ủa thầy còn kênh để chuẩn bị giáo án xịn xò à ??,[]
430,Thằng cây atm hack chứ ai,"[0, 1, 2, 3, 4]"
431,Cho con Facebook jk cô ba,[]
432,"Đây đích thị là chính sách ngu dân mà... Bắt chước các nước tiên tiến trên thế giới thì ko bắt chước, muốn đua đòi theo các nước kém phát triển -))","[27, 28, 29, 107, 108, 109, 110, 111, 112, 113, 114, 115, 116, 117, 118, 119, 120, 121, 122, 123, 124, 125, 126, 127, 128, 129, 130, 131, 132, 133, 134, 135, 136, 137, 138, 139, 140, 141, 142]"
433,Lựa cái đầu buồi ABe nè,"[8, 9, 10, 11, 12, 13, 14, 15]"
434,rất chi đẹp trai ❤️,[]
435,Nhạc jack phối nghe cứ sao sao ý,[]
436,nhiều khi kg muốn ki thị bon bê đê đâu nhưng nhìn  bọn này kg ki thị cũng kg được.,"[18, 19, 20, 21, 22, 23, 25, 26, 27, 28, 29, 30, 31, 32, 33, 51, 52, 53, 62, 63, 64, 65, 66, 67]"
437,Trăm năm Kiều vẫn là Kiều,[]
438,Mắc bệnh hoang tưởng. Chắc nó tưởng nó là bố thiên hạ. Nhãi ranh,"[9, 10, 11, 12, 13, 14, 15, 16, 17, 18, 19, 27, 28, 36, 37, 42, 43, 55, 56, 57, 58, 59, 60, 61, 62, 63]"
439,Thôi thôi ông im cmn đê ... 🙂,"[17, 18, 19]"
440,Sự Xoăn,[]
441,Em của sói tên gì đây :)) Ly Bíu,[]
442,"Dm trọng lắm chiêu, nhìu trò.eo lam đc cc gi","[0, 1, 29, 30, 39, 40]"
443,Ở đấy ngột ngạt mà còn đi lại được :)) ở chỗ kia thì đeo có cơ hội đi như vậy đâu mà ngột vs chả ngạt hihi,"[53, 54, 55]"
444,Thật sự sợ,[]
445,Ở Việt nam người ta kêu bóng khùng,"[24, 25, 26, 27, 28, 29, 30, 31, 32, 33]"
446,Bọn chó sủa bậy,"[0, 1, 2, 3, 4, 5, 6, 7, 8, 9, 10, 11, 12, 13, 14]"
447,Mất văn hóa..mặc vậy bó tay.....cơm. phong cách như cc người ta.😋😋😋,"[0, 1, 2, 3, 4, 5, 6, 7, 8, 9, 10, 21, 22, 23, 24, 25, 26, 52, 53]"
448,Eo ơi nhìn cái mặt nó xấu mà ko giấy nào bút nào mà tả nổi . Đừng nói tới nó bẩn miệng mình . Coi nó còn tệ hơn đống phân .,"[0, 1, 2, 3, 4, 19, 20, 21, 22, 23, 24, 25, 26, 27, 28, 29, 30, 31, 32, 33, 34, 35, 36, 37, 38, 39, 40, 41, 42, 43, 44, 45, 46, 47, 48, 49, 50, 51, 52, 53, 54, 55, 56, 57, 74, 75, 77, 78, 79, 80, 81, 82, 83, 84, 85, 98, 99, 105, 106, 107, 108, 109, 110, 111, 112, 113, 114, 115, 116, 117, 118, 119, 120]"
449,Cách phân biệt thằng ngu ba gà và ba vi thì đúng hơn đó thầy,"[15, 16, 17, 18, 19, 20, 21, 22, 23, 28, 29]"
450,Ngu gia truyền,"[0, 1, 2, 3, 4, 5, 6, 7, 8, 9, 10, 11, 12, 13]"
451,Nguyễn Tuấn Phong thương chị quá,[]
452,Bố láo với giang hồ đất cảng à,"[0, 1, 2, 3, 4, 5, 11, 12, 13, 14, 15, 16, 17, 18]"
453,linda ngay nay rat sat sao.nhung o ngoai ba de thuong ma,[]
454,Mồm con linh không khác gì như cái lồn trâu 😄😄😄😄😄,"[4, 5, 6, 35, 36, 37, 38, 39, 40, 41, 42]"
455,"hợp đồng của DCS với Tàu thôi nhá, đéo phải dân.","[35, 36, 37]"
456,Cho cục gạch vào cái kính,[]
457,Vậy mới thấy tri thức ngu tri thức hèn là như nào,"[22, 23, 24, 35, 36, 37]"
458,"Cần nhân giống bò này gấp ,để sau này đi nghiêm thu công trình .Cứ cột mỗi con 1 cột điện,nếu kéo không đổ thì chất lượng công trình oke....","[15, 16, 75, 76, 77]"
459,DLV: đây chỉ là con sâu làm rầu nồi canh thôi :v,"[16, 17, 18, 19, 20, 21, 22, 23, 24, 25, 26, 27, 28, 29, 30, 31, 32, 33, 34, 35, 36, 37, 38, 39]"
460,AnhKiên Trần chẳng qua ng ta ko thích thôi thích thì đầy =))),[]
461,Lỡ tay thầy ơi :)),[]
462,Thần đồng Phùng Thanh Độ,[]
463,Thoi bot xam lom di nhin cach an mac beo qua dzo,"[9, 10, 11, 12, 13, 14, 15, 37, 38, 39]"
464,"tôi vẫn không tin bọn dlv ngu học, cho tới khi đọc 1 top comment :v. Gặp người có kiến thức phản biện lại thì cụp đuôi ngay, chả biết ghi gì ngoài những câu chửi tục vô nghĩa. :3","[18, 19, 20, 21, 22, 23, 24, 26, 27, 28, 29, 30, 31, 32, 110, 111, 112, 113, 114, 115, 116, 117, 157, 158, 159, 160, 161, 162, 163, 164]"
465,lớn mấy tuổi đầu rồi nói cho như thằng ko não ??? Vẫn cố làm trò ngu si của mik để câu view ??? Não cá vàng éo hiểu sao đc lm youtuber :)) bệnh hoạn vkl chửi cho càng bị bệnh nặng :)),"[33, 34, 35, 36, 37, 38, 39, 40, 41, 42, 43, 44, 65, 66, 67, 68, 69, 70, 108, 109, 139, 140, 141, 142, 143, 144, 145, 146, 147, 149, 150, 151, 153, 154, 155, 156]"
466,Yêu cầu chị Tạ bích loan lên chương trình Động cơ bay ra đảo của Su 30 là gì?,[]
467,Hãiiiii,[]
468,"Hoàng Trần Kỳ Duyên tức ghê, lần nào cũng êm xuôi, bữa xui bị phát hiện ;))))",[]
469,Sao phải xoắn?,[]
470,Vũ Khắc Hoàng tui thích chùm râu ấy,[]
471,mãi mới ra series này ;v,[]
472,Có cái cc cái gì cũng vịn vào khoảng cách :)),"[7, 8]"
473,Đây hong phải bố tuii,[]
474,hacker doi ten ^^,[]
475,Nick j ấy nhỉ?,[]
476,"Kệ mẹ người ta đi, ăn mã cha của mày hả page Lồn.","[3, 4, 22, 23, 24, 25, 26, 27, 33, 34, 35, 45, 46, 47]"
477,Bài hát phải nói là như con cac.,"[24, 25, 26, 27, 28, 29, 30]"
478,biết bao nhiêu vụ chết người bị ém ko thể tả nổi..ở VN khủng bố ko phải là đánh bom mà là giết ng giấu tay,"[18, 19, 20, 21, 22, 23, 24, 25, 26, 27, 28, 29, 30, 31, 32, 33, 90, 91, 92, 93, 94, 95, 96]"
479,Nguyễn Trọng Thái đợi cái lone,"[26, 27, 28, 29]"
480,:)) nghe nó chửi xả xì trét phết :)),[]
481,Biểu cảm được thực sự :)),[]
482,Tất cả vì mấy thằng bụng phệ óc mỡ quản lí thôi.,"[14, 15, 16, 17, 18, 19, 20, 21, 22, 23, 24, 25, 26, 27, 28, 29, 30, 31, 32, 33]"
483,bts= .....,[]
484,Đơn giản vì mấy đứa kia ăn tiền thuế của dân thì nó phải nai lưng ra làm vì đó là trách nhiệm. Còn a a là người làm vì tâm không vì tầm. Thì so sánh thế đéo nào dc add nhể. Đã vậy chưa kể người ta chỉ cần ng minh bạch thông tin chứ không cần người tung hô hoa hòe màu mè bông cành sương sa hột mít như mấy đứa làm màu. Add nhể haha,"[16, 17, 18, 153, 154, 155, 306, 307, 308]"
485,Anh Vu Ngoc :oh:,[]
486,Nghe lần đầu thấy ko hay mấy lần sau nghe lại nghiện,[]
487,Nghe mùi đa cấp khắm vkl chưa là j trong cái xã hội này đâu bớt dạy đời đi mấy ng đi xe máy mày còn chưa biết họ có bao nhiêu mét đất ở cầu giấy đâu,"[16, 17, 18, 19, 21, 22, 23, 92, 93, 94]"
488,"Linh Chi làm thêm á cưng, nhớ dzô ủng hộ 💃🏻❤️😍",[]
489,Nghiêm Văn Tú j rẻ vậy thím,[]
490,Kiếp bóng gió sống được lâu năm mà sao ko giữ được cái nết vậy...,"[0, 1, 2, 3, 4, 5, 6, 7, 8, 9, 10, 11, 12, 35, 36, 37, 38, 39, 40, 41, 42, 43, 44, 45, 46, 47, 48, 49, 50, 51, 52, 53, 54, 55, 56, 57, 58, 59, 60, 61]"
491,"14:10 ""thần quyền môn súng bắn không trúng"" nha mạ ngừ =))",[]
492,😌😌,[]
493,Trường Giang ý mình là họ đều không có ý thức như nhau cả ..biết mình có mang bệnh trong ng mà chẳng chịu đi cách li rồi mang mầm bệnh trong người đi lây sang cho ng khác tội cho ng ta lắmm,"[30, 31, 32, 33, 34, 35, 36, 37, 38, 39, 40, 41, 42, 43, 44]"
494,Óc chó hi hi,"[0, 1, 2, 3, 4, 5]"
495,Con Thương cô lắm,[]
496,Tóc có thể mất nhưng nốt ruồi không thể mất 😂,[]
497,Sẵn một con xích lô PNW 523y,[]
498,Địt mẹ cái mấu này. Tao nằm ở đây hơi nhiều rồi đấy :))) trích lời anh tôi trong buổi sờ trym tối hôm kia :)))),"[0, 1, 2, 3, 4, 5, 20, 21, 22, 86, 87, 88, 89, 90, 91, 92]"
499,Con bóng  ngu ngục  minh hiếu,"[0, 1, 2, 3, 4, 5, 6, 7, 8, 9, 10, 11, 12, 13, 14, 15, 16, 17, 18, 19]"
500,"Người ta đã xin lỗi rồi sao cứ vào nick người ta xem rồi đăng lên chửi hoài,nó chửi thề thì kệ nó,nó chửi mấy người chửi nó chứ đau có dám đem người VN ra chửi nữa đau mà nhào vào chửi nó cả vô duyên thế","[86, 87, 88, 110, 111, 112, 114, 115, 116, 217, 218, 219, 225, 226, 227, 228, 229, 230, 231, 232]"
501,Vợ Cuốc sư là Bùi Kim Thành còn vợ nhỏ là lisa phạm,[]
502,Cái điều cần thiết nhất bây giờ là : chung tay cùng chương trình giảm bụi mịn tại thủ đô ạ. Mỗi người,[]
503,Đi tìm nó đánh chết mẹ nó luôn chị,"[7, 8, 10, 11, 12, 13, 14, 15, 16, 17, 18, 19, 20, 21, 23, 24]"
504,Bờ kè cống sóm mình còn zầy hơn,[]
505,Nhìn nhà tiên TD Oaỉ quá....?,[]
506,Dlv bữa nay hoạt động về mặt kinh tế nữa à. Hay đi nhầm bài?,[]
507,"Dit me cai quy trinh,vao cap cuu deo co tien,deo bao hiem thi nam do di.","[0, 1, 2, 3, 4, 5, 33, 34, 35, 45, 46, 47]"
508,Nhà tiên tri duy nhất còn sót lại trên thế giới này nhà tiên tri trần dần,[]
509,Panda Thái đã xem =))),[]
510,Cho thằng Ad : chó vẫn sủa và đoàn người vẫn đi ( chắc là ẳng thôi chưa biết sủa đâu ),"[4, 5, 6, 7, 8, 58, 59, 60, 77, 78, 79]"
511,già mà non :)),"[0, 1, 2, 3, 4, 5, 6, 7, 8, 9]"
512,Gê troi,[]
513,"Nói thầy ngáo thì mấy đứa nó lại tự ái , híc","[9, 10, 11, 12, 33, 34, 35, 36, 37]"
514,Sự kiện cc gì đc 2 tuần,"[8, 9]"
515,K-ATM cũng được làm ca sĩ,[]
516,em vừa mới mua 1 hộp xong :)),[]
517,Thanh Phương c làm 1 bài review đi c,[]
518,"Hiệp Đinh hãy nhìn lại cách viết rồi đi trách người khác , lời nói chẳng mất tiền mua đâu",[]
519,Bố đéo gánh =)) kệ con mẹ chúng m =)),"[0, 1, 3, 4, 5, 19, 20, 21, 22, 23, 24, 25, 26, 27, 28, 29, 30, 31, 32]"
520,Ad cứ mà cẩn thẩn bọn dlv. Cứ ghi vầy : Đụ Má CSVN,"[18, 19, 20, 40, 41, 42, 43, 44]"
521,Chúc ông trần dần mạnh khỏe,[]
522,ù uôi ghê nhở,[]
523,Yêu quá đii❤️🙆,[]
524,Trần Công Minh đúng sao phải chịu 😃,[]
525,Con trai bố k đi đâu chơi à???,[]
526,"Con, này, ăn,cuc, cả,thoi, giới","[0, 1, 2, 10, 11, 12, 13, 14, 15]"
527,Hít hết mẹ r còn đâu :))))),"[8, 9]"
528,Ở cái xứ độc tài độc đảng nầy mọi chuyện sẽ được che chắn nếu chủ trường là con gái của tướng Vệ và thủ tướng Phúc !,"[9, 10, 11, 12, 13, 14, 15, 30, 31, 32, 33, 34, 35, 36, 37, 38, 39, 40, 41, 42, 43, 44, 45, 46, 47, 48, 49, 50, 51, 52, 53, 54, 55, 56, 57, 58, 59, 60, 61, 62, 63, 64, 65, 66, 67, 68, 69, 70, 71, 72, 73, 74, 75, 76, 77, 78, 79, 80, 81, 82, 83, 84, 85, 86, 87, 88, 89, 90, 91, 92, 93, 94, 95, 96, 97, 98, 99, 100, 101, 102, 103, 104, 105, 106, 107, 108, 109, 110, 111, 112, 113]"
529,Nguyễn Quốc An Cà khịa hay,[]
530,Thôi a im mẹ mồm đi :V,"[7, 8, 9, 10, 11, 12, 13, 14, 15]"
531,Hình như sam đuôi nhọn còn so thì đuôi như đôi đũa đúg không ta. Từg ăn sam rồi và cũg từg thấy con so. Đuôi tụi nó khác nhau.,[]
532,xin ạ,[]
533,Hoang lan ....thuộc đặc trị corona của ông lan day roi,[]
534,nhìn dơ dơ sao á... ớn cả lạnh. cùng người miền tây.. ma thấy bà này ghê quá mà nói hot girl.,"[5, 6, 7, 8, 9, 20, 21, 22, 23, 24, 25, 26, 27, 28, 29, 69, 70, 71, 72, 73, 74, 75]"
535,Djtmenhaong🤬🤬🤬,"[0, 1, 2, 3, 4, 5, 6, 7, 8, 9, 10]"
536,Giáo án ma phi te của thầy thật bổ ích .,[]
537,Ad óc con chó vãi lồn,"[3, 4, 5, 6, 7, 8, 9, 10, 11, 12, 13, 14, 15, 16, 17, 18, 19, 20]"
538,Moon chị đẹp ở đó mà vẫn k cưỡng chế dc sự buồn ngủ :)) phim nó cứ tối tối thế nào :)),[]
539,Lộc Phát cúttttttttt⛏⛏🔪🔪,"[9, 10, 11, 12, 13, 14, 15, 16, 17, 18, 19, 20, 21, 22, 23]"
540,"mịa sao ko cởi giày, sắn quần lên đi vô rồi mang giày vô có sao đâu, Kiểu cách CS !!!","[0, 1, 2]"
541,dep trai quá,[]
542,Càng tàn ác thì vạch áo cho dân xem lưng,"[5, 6, 7, 8, 9, 10]"
543,"Bê đe ko thăng nao xâu ma sao lôn như thăng cho bê đê nay, đu me tôi ngay lưa đao ngưoi, đu me đa kiêp nay lam bê đê rôi ko biêt tu thân kiep sao lam suc vât bê đê nưa cho no chêt me no","[0, 1, 2, 3, 4, 9, 10, 11, 12, 13, 19, 20, 21, 30, 31, 32, 38, 39, 40, 41, 42, 44, 45, 46, 48, 49, 50, 51, 52, 59, 60, 61, 62, 63, 65, 66, 67, 68, 69, 70, 71, 72, 74, 75, 76, 77, 78, 79, 80, 89, 90, 91, 92, 93, 111, 112, 113, 114, 115, 121, 122, 123, 124, 125, 126, 127, 128, 129, 130, 131, 132, 133, 134, 135, 150, 151, 152, 153, 154, 155, 156, 158, 159, 160, 161, 162, 172, 173, 175, 176, 177, 178, 179, 180, 181, 183, 184]"
544,Tết nên lì xì bao nhiêu =)),[]
545,Con đàn bà khó ưa,"[0, 1, 2, 3, 4, 5, 6, 7, 8, 9, 10, 11, 12, 13, 14, 15, 16]"
546,Ngô Thị Vân Anh,[]
547,Đinh Nguyễn Vươn Anh Tuan,[]
548,Trong lúc nước sôi lửa bỏng này mà vẫn có kẻ nhận thức kém vậy,"[42, 43, 44, 45, 46, 47, 48, 49, 50, 51, 52, 53, 54, 55, 56, 57]"
549,Lê Phát Nguyen Cao Cuong Khoai Lang Phan Lương Trường Linh Chang Chang nhớ nha :))),[]
550,Ai đánh moá bóng già này thì hú tui đánh tiếp,"[3, 4, 5, 6, 8, 9, 10, 12, 13, 14, 15, 16, 17, 18, 19, 36, 37, 38, 39]"
551,Cô ba giàu quá à con mà được một phần nhỏ mong tay thì con đó khổ quá  co ơi,[]
552,Tui mà thấy anh lên fb tối nay là biết tay tui nha 😀,[]
553,hay quá anh ơi :v,[]
554,- cả 2 cũng chỉ ngu như nhau thoii khỏi so sánh :)),"[16, 17, 18]"
555,"bảo yêu nước, thương nước, xong đi du lịch về lây bệnh cho nước mà là yêu nước à :)) đi du lịch về thì tự biết khai báo cách li đi... đằng này thì...nếu nhiều tiền quá kb lri thì đi làm từ thiện đê lại còn du ms chả lịch :3","[0, 1, 2, 3, 4, 5, 6, 7, 8, 9, 10, 11, 12, 13, 14, 15, 16, 17, 18, 19, 20, 21, 22, 23, 24, 25, 26, 27, 28, 29, 30, 31, 32, 33, 34, 35, 36, 37, 38, 39, 40, 41, 42, 43, 44, 45, 46, 47, 48, 49, 50, 51, 52, 53, 54, 55, 56, 57, 58, 59, 60, 61, 62, 63, 64, 65, 66, 67, 68, 69, 70, 71, 72, 73, 74, 75, 76, 77, 78, 79]"
556,Lê Việt Hùng Anh Hoàng việc nhẹ lương cao cho 2 em xa bờ này,[]
557,"Nghi Nguyen bên đó phải tốt hơn VN thì mới sang đó sống chứ bạn,",[]
558,Cô chững chạc hơn nhiều r 💛,[]
559,Không được đẹp mà kệ zạy🤣,[]
560,Cực kì thuyết phục.,[]
561,Trả lại để ông khác còn ăn chứ chia sẻ cho nhau là hp mà dis@@,"[8, 9, 10, 11, 12, 13, 14, 15, 16, 17, 18, 19, 20, 21, 22, 23, 24, 25, 57, 58, 59]"
562,Bế tắc quá :((,[]
563,Hà Lội TP đáng sống nhất ..... VI THẾ CÁC BẠN BAKE ĐUNG ĐU CÀNG VÀO NAM . CU Ở NGOÀI ĐÓ MÀ HIT KHÍ THIÊN ĐUONG,"[46, 47, 48, 49, 56, 57, 58, 59, 60, 61, 62]"
564,Hoàng Trà Giang hay kk,[]
565,"đúng rồi, ngu đeo vàng nó chặt tay thì chết chứ còn gì nữa. dạo này thời tiết xấu, trúng gió độc chết là bình thường mà. cs nghèo chỉ có tiền ăn bánh mì, ko có tiền làm tường chắn gió, dễ trúng phong lắm. mà quan có bao h tham nhũng, toàn bị dân ép phải nhận tiền chứ quan thanh liêm lắm. - 1 thanh niên yêu nước yêu đảng cho hay-","[10, 11, 12, 23, 24, 26, 27, 28, 29, 39, 40, 41, 42, 93, 94, 95, 97, 98, 99, 100, 121, 122, 123, 124, 125, 126, 127, 128, 129, 130, 131, 132, 133, 134, 135, 136, 137, 138, 139, 140, 141, 142, 143, 144, 145, 146, 147, 148, 149, 150, 151, 152, 153, 154, 155, 156, 157, 158, 159, 160, 161, 162, 163, 164, 165, 166, 167, 168, 169, 170, 171, 172, 173, 174, 175, 176, 177, 178, 179, 180, 181, 182, 188, 189, 190, 191, 192, 193, 194, 195, 196, 197, 198, 246, 247, 248, 249, 250, 251, 252, 253, 254, 255, 256, 257, 258, 259, 260, 261, 262]"
566,Nguyen Nam chửi ac' quá :))))),[]
567,Ôi thơm tho j. Ko co quan hệ thì vào lam cung bị đào thải. Mấy nghanh ma dân thuong vn ko bao gio vao đx. Cong an. Quan đội. Ngan hang nha nc. Hang không. Đừng mơ mà vào. Nếu vao đc cung lam cu li sai vat cho tui no. Đm,"[0, 1, 2, 3, 4, 5, 6, 7, 8, 9, 10, 11, 12, 191, 192, 193, 194, 195, 196, 197, 198, 199, 200, 201, 202, 203, 204, 205, 206, 207, 208, 209, 210, 211, 212, 213, 214, 217, 218]"
568,Moá.,"[0, 1, 2]"
569,Đc vailin anh ui 😇😇😇,"[3, 4, 5, 6, 7, 8]"
570,hy vọng bác ko bị chết đột ngột như bác Thanh :V,"[18, 19, 20, 21]"
571,Chỉ sợ cu ló ra,"[7, 8]"
572,Đúng rồi phải cùng nhau chống giặc chống cướp ngày cướp trắng trợn chứ,[]
573,Bài này ko nghe rõ được chữ nghe ko hay như những bài trước (ý kiến cá nhân) nha,[]
574,Chị trang điểm kiểu này nhìn cứ như gái 18 luôn á ta,[]
575,Nhìu tiền sao nhìn ghê z🤭🤭🤭,[]
576,Giọng miền tây nghe chất phác ❤,[]
577,Thịnh Nguyễn check ib,[]
578,tao nói thiệt ... tao vẫn xem tin chúng bây hằng ngày và hằng giờ.. nhưng sau tin này .. tao éo xem nữa .. lũ óc chó,"[0, 1, 2, 20, 21, 22, 37, 38, 39, 40, 41, 42, 43, 44, 45, 46, 99, 100, 101, 103, 104, 105, 119, 120, 121, 122, 123, 124, 125, 126, 127, 128, 129, 130]"
579,Đm thằng viện kiểm sát nhe răng cười kìa,"[0, 1, 3, 4, 5, 6, 7]"
580,dkm nó . nhà có cái bóng đèn giờ làm thế đéo nào? k lẻ nhà có cái phòng lắp 50 bóng đèn cho oách à,"[0, 1, 2, 3, 4, 5, 41, 42, 43]"
581,"Bé không học, tối không lo ôn đi lớn lên ngu như thầy Ba đấy chứ anh tao thì cm biết đấy :)))","[41, 42, 43, 69, 70, 71, 77, 78]"
582,I LOVE YOU refund😆,[]
583,Người ta chuyển giới nc giống đàn bà con gái . Còn lâm khách chi giọng như vịt đực í nhỉ,"[65, 66, 67, 68, 69, 70, 71, 72, 73, 74, 75, 76, 77, 78, 79, 80, 81]"
584,Ủa rồi nhiều tiền để mang dịch về hay gì,"[7, 8, 9, 10, 11, 12, 13, 14, 15, 16, 17, 18, 19, 20, 21, 22, 23, 24, 25, 26, 27, 28, 29, 30, 31, 32]"
585,Minh Ang toang luôn. Thấy bảo đề xuất với UEFA chuyển Euro sang 2021 tổ chức,[]
586,Này Trần dần già sắp chết rồi nói bậy nói láo tuổi con cháu khinh thường cho,"[21, 22, 23, 24, 34, 35, 36, 42, 43, 44, 60, 61, 62, 63, 64, 65, 66, 67, 68, 69, 70, 71]"
587,Ủa r ko chữa đc thì dùng 106 triệu mua đồ cúng mỗi năm à :),[]
588,Chụp cái màn hình thua game =],[]
589,giang hồ bần,"[9, 10, 11]"
590,"chắc lão đại biểu này ít đọc báo nên hơi bị mù thông tin, bây giờ ra đường gặp trẻ trâu thì bị đấm lúc nào éo biết nhé","[5, 6, 7, 8, 9, 10, 11, 12, 13, 14, 15, 16, 44, 45, 79, 80, 81, 82, 83, 84, 85, 86, 95, 96, 97, 107, 108]"
591,ăn chay đi là vừa,[]
592,Đ hiểu kiểu gì :))) sờ tai như cc,"[0, 31, 32]"
593,Cái quả nhạc,[]
594,"Mỗi lần tao thấy dịch các ngài là tao thấy dị ứng à, ngài cảnh sát nghe mới tởm, bọn cảnh sát ở mấy ngước độc tài còn thua súc sinh nữa chứ ngài ở đâu ra","[8, 9, 10, 34, 35, 36, 43, 44, 45, 46, 47, 48, 76, 77, 78, 81, 82, 83, 100, 101, 102, 103, 104, 105, 106, 107, 108, 109, 110, 111, 112, 118, 119, 120, 121, 122, 123, 124, 125, 126, 127, 128, 129, 130]"
595,Dm vòng 800 vòng mới ra vđề mk kêu k thjx vòng vo. Chăk k thjx vòng it,"[0, 1]"
596,Thôi để anh mình yên đi các pạn kikiki,[]
597,"đất nước còn nhiều người khổ, rất khổ là nhờ ơn sự lãnh đạo của đám ngợm cộng sản đoảng và boác.","[19, 20, 21, 22, 23, 24, 25, 26, 27, 28, 29, 30, 31, 32, 33, 34, 35, 36, 37, 38, 39, 40, 41, 42, 43, 44, 45, 46, 47, 48, 49, 50, 51, 52, 53, 54, 55, 56, 57, 58, 59, 60, 61, 62, 63, 64, 65, 66, 67, 68, 69, 70, 71, 72, 73, 74, 75, 76, 77, 78, 79, 80, 81, 82, 83, 84, 85, 86, 87, 88, 89, 90, 91, 92, 93, 94]"
598,Hóng link vào đây là em gái ngon ngọt nc,"[21, 22, 23, 24, 25, 26, 27, 28, 29, 30, 31, 32, 33, 34, 35, 36, 37, 38, 39]"
599,Đm mày 2/5,"[0, 1, 3, 4, 5]"
600,Tộc trưởng buồi to như lõi giấy vệ sinh,"[11, 12, 13, 14, 15, 16, 17]"
601,Đcm cái loại giả đạo đức khi ko được giáo dục,"[0, 1, 2, 8, 9, 10, 11, 12, 13, 14, 15, 16, 17, 18, 19, 20, 21, 22, 23, 29, 30, 31, 32, 33, 34, 35, 36, 37, 38, 39, 40, 41, 42, 43, 44]"
602,Chó cắn lũ nhà nc vn,"[0, 1, 2, 4, 5, 6, 8, 9]"
603,Xã hội như ao hồ. Dân chúng thoải mái bơi.,[]
604,quạo nha,[]
605,mấy thằng công an xã học chả hết cấp 1 mà cũng có bằng đh cơ ah,"[4, 5, 6, 7, 8, 21, 22, 23, 24, 25, 26, 27, 28, 29, 30, 31, 32, 33, 34, 35, 36, 37, 38, 39, 40, 41, 42, 43, 44, 45, 46, 47, 48, 49, 50, 51, 52, 53, 54, 55, 56]"
606,Link die ?,[]
607,Các Chị gục ngã là do ăn thức ăn của Mixi 🤩,[]
608,Yêu thầy <3,[]
609,Cô này nói gì cũng Duyên nói gì cũng hài hết,[]
610,Thùy Trang đel hiểu sao có người khen hay,"[11, 12, 13]"
611,cungf quan điểm,[]
612,Người Hải ngoại duy nhất làm Người dân trong nước lo lắng về sức khỏe =>> Nghệ Sĩ nhân dân Nhà Tiên Tri Vũ Trụ Trần Dần ! 😂😂,[]
613,Tác hại của việc nói triết lí quá nhiều đấy anh em ạ =)),[]
614,Cấm đứa nào like nữa :v,[]
615,"Thì fake thì nói đại đi , hàng bình dany , bình dân qq","[52, 53]"
616,"Khánh Sky chẳng nhẽ tao lại nói thẳng ra là thằng "" cạn tàu gáo máng "" k -icm ? :)","[20, 21, 22, 44, 45, 46, 47, 48, 52, 53, 54, 55, 56, 57, 58, 59, 60, 61, 62, 63, 64, 65, 66, 67]"
617,ôi a dg nhai bcs rùi đấy,"[3, 4, 5, 6, 7, 8, 9, 10, 11, 12, 13, 14, 15]"
618,thế này thì sống làm sao,[]
619,Yêu thầy dấu bé ba :)),[]
620,Hay quá thầy ơiiiii,[]
621,teen gif ad ơi 😋,[]
622,Nhìn mặt sáng sủa thế ko biết tối thì sao nhỉ. Và cái kết,[]
623,Cực kì thuyết phục nhé 😀,[]
624,Đoàn Quang Vinh khó :)),[]
625,#ERROR!,[]
626,Quá chất abe ơi,[]
627,Làm sao để thoát ra khỏi nhưng suy nghĩ trong đầu,[]
628,mượn song được thông ass không,"[15, 16, 17, 18, 19, 20, 21, 22, 23]"
629,4 năm rồi à,[]
630,Yêu Cô Minh Hiếu❤,[]
631,Chị hiếu nói chuyện có duyên,[]
632,Nhật cũng có Nhật this Nhật that à 😞 đất nước văn minh con người được ca ngợi sống đẹp mà vẫn có một vài thành phần như thế thì bảo sao Việt Nam chả có chị N :)),"[13, 14, 15, 16, 17, 18, 19, 20, 21, 22, 23, 24, 25, 26, 27, 28, 29, 30, 31]"
633,Chị hay cú có gai,"[8, 9, 10, 11, 12, 13, 14, 15, 16]"
634,đ nhặt đc mồm với nỗi nhục của bạn này :v,"[0, 18, 19, 20, 21, 22, 23, 24, 25]"
635,ddjtme giống 100% như đúc người 🤣🤣,"[0, 1, 2, 3, 4, 5]"
636,trong cái rủi có cái may vn cố lên nhất định thắng dịch bệnh,[]
637,"có một sự tồn tại của đàn bò mang tên "" cực kỳ thuyết phục "", có sở thích là nhai đi nhai lại, mục đích của chúng trên hành tinh này vẫn chưa có lời giải đáp, theo như các nhà động vật học cho biết loài bò này có lối sống hoang dâm trụy lạc, có thể động dục bất cứ lúc nào, con số của loài này đang được gia tăng đáng kể.","[222, 223, 224, 225, 226, 227, 228, 229, 230, 231, 232, 233, 234, 235, 236, 237, 238, 239, 249, 250, 251, 252, 253, 254, 255, 256]"
638,Ôi con đàn bà ngu hại nc hại dân....giau thi kêu bố m xung tiền vao công quỷ để phòng chóng cái tác hại cua m đi con ml,"[3, 4, 5, 6, 7, 8, 9, 10, 11, 12, 13, 14, 15, 16, 52, 108, 113, 114, 115, 116, 117, 118]"
639,Zơ tay phát biểu ý kiến ạ,[]
640,Tâm Ngô yen chuyen gia an con đo đo,[]
641,Thy Pham Thai Nguyen Phương Vy mai đừng có dịnh em nha mấy trị,[]
642,tai bã như tai trâu mắt thì mù nên ai nói gì mặc kệ :v,"[0, 1, 2, 3, 4, 5, 6, 7, 8, 9, 10, 11, 12, 13, 14, 15, 16, 17, 18, 28, 29]"
643,Anh Độ đã có công lớn trong việc giúp nông dân cày đất cho tơi lên bằng AK :)),[]
644,Thầy còn chưa có tiền mua quần áo mới nha mấy đứa,[]
645,Cứ từ từ,[]
646,"Ji Nhung sếp nhung đâu, tag vô kkk",[]
647,Calvin Dang these guys are funny,[]
648,Nguyễn Tường Hải Âu chọi tui bà làm trend này từ lúc mới đẻ,[]
649,Nhìn mặt cô bé phóng viên như thể sắp bợp cho ngài Lãnh đạo 1 tai cho chừa ngu người..,"[9, 10, 11, 12, 13, 14, 15, 16, 17, 18, 19, 20, 21, 22, 23, 24, 25, 26, 27, 28, 29, 30, 31, 32, 33, 34, 35, 36, 37, 38, 39, 40, 41, 42, 43, 44, 45, 46, 47, 48, 49, 50, 51, 52, 53, 54, 55, 56, 57, 58, 59, 60, 61, 62, 63, 64, 65, 66, 67, 68, 69, 70, 71, 72, 73, 74, 75, 76, 77, 78, 79, 80, 81, 82, 83]"
650,@Vh Fg vo van hoa vo hoc,"[7, 8, 9, 10, 11, 12, 13, 14, 15, 16, 18, 19, 20, 21, 22, 23]"
651,trông có khác buồi thằng trên núi xuống k,"[14, 15, 16, 17, 19, 20, 21, 22, 23]"
652,"Lý Băng Băng và Phạm Băng Băng đều là 2 diễn viên Trung Quốc ủng hộ đường lưỡi bò 9 đoạn. Có nhiều gương mặt khác nữa nhưng tui chỉ biết 2 người này và bạn Huỳnh Hiểu Minh, mấy người kia may ra chỉ biết mặt chứ không biết tên :yaoming:",[]
653,"dlv là cái lũ ko có não hơi đâu tranh chấp với tụi đó, tụi đó nói cái nào lòi ra cái ngu đó liền mà cứ thích nói, ko nói sợ ngta ko biết nó ngu hay sao ah :))","[11, 12, 13, 14, 15, 16, 17, 18, 19, 20, 21, 22, 47, 48, 49, 55, 56, 57, 85, 86, 87, 137, 138, 140, 141, 142]"
654,1 câu thôi là ad ngu như con chó chống phá nửa mùa xàm le xàm lông xàm lá,"[17, 18, 19, 20, 21, 22, 23, 24, 25, 26, 27, 28, 29, 30, 31, 33, 34, 35, 36, 37, 38, 39, 40, 41, 42, 43, 44, 45, 46, 47, 48, 49, 51, 52, 53, 54, 55, 56, 57, 58, 59, 60, 61, 62, 63, 64, 65, 66, 67, 68, 69, 70, 71, 72]"
655,Mày nói như lồn. Bọn đa cấp nó đóng thuế còn gấp chục lần doanh nghiệp. Tao cho thằng thớt ăn lồn không oan chứ thằng bên dưới?,"[0, 1, 2, 12, 13, 14, 17, 18, 19, 28, 29, 72, 73, 74, 80, 81, 82, 83, 84, 94, 95, 96, 112, 113, 114, 115, 116]"
656,Đm mày,"[0, 1, 2, 3, 4, 5]"
657,Jum 80k ai qt ib nha mọi người,[]
658,Cô lại dễ thương...i love you cho gờ cu❤️🥰,[]
659,Mày cứ nghĩ mày là ông cễnh con à,"[0, 1, 2, 12, 13, 14, 19, 20, 21, 22, 23, 24, 25, 26, 27, 28, 29, 30]"
660,Tui cười kh ra tiếng mà chảy nước mắt luônn 😂,[]
661,Ý thằng chó ad bảo nhà nước làm cái này cái kia. Rồi nó lại sủa rằng: nhà nước làm để hối lộ. Bọn phản động mà. Đi ỉa chúng cũng sủa mà. Thứ chó lưu vong,"[3, 4, 5, 6, 7, 8, 9, 10, 11, 12, 13, 64, 65, 66, 73, 74, 75, 76, 105, 106, 107, 108, 109, 110, 111, 112, 115, 116, 117, 118, 119, 120, 121, 122, 123, 124, 125, 126, 127, 128, 129, 130, 144, 145, 146, 147, 148, 149, 157, 158, 159, 160, 167, 168, 169, 170, 171, 172, 173, 174, 175, 176, 177, 178, 179, 180, 181, 182, 183, 184]"
662,Các bệnh nhân đc truyền lúc này 😢,[]
663,Fan cứng nữa,[]
664,cho a bu voi,"[6, 7]"
665,Là sv hay người ?,"[3, 4]"
666,Khổ thôi chứ biết làm thnao đc? Đi đâu đc mà phải châm biếm nhau! Ai chẳng biết khổ nhưng làm gì đc đây! Xã hội nó thối nát nhưng lũ mọi rợ quá đông và hung hãn...,"[112, 113, 115, 116, 117, 118, 119, 120, 121, 122, 130, 131, 132, 133, 134, 135, 136, 137, 138, 152, 153, 154, 155, 156, 157, 158, 159]"
667,Võ Võ Ngọc Huy,[]
668,Cô ba để thương quá,[]
669,Ảnh thật đấy dô trang cá nhân mà xem,[]
670,Gần bằng Bác Ngạn kể rồi anh ưi 🙄🙄,[]
671,"Hải Yến không thích nhìn, đéo ai bắt xem ^^","[26, 27, 28]"
672,chính thức unlike cái page phản động xàm loz này,"[27, 28, 29, 30, 31, 32, 33, 34, 35, 37, 38, 39, 40, 41, 42, 43]"
673,Địt mẹ m óc cức lắm...Đm cho cũng chửi Đéo cho cũng chửi...Đm.tay nhanh hơn não à...Đéo đc bố mẹ cho đi học à...thua con chó,"[0, 1, 2, 3, 4, 5, 6, 7, 9, 10, 11, 12, 13, 14, 22, 23, 34, 35, 36, 37, 39, 40, 41, 52, 53, 54, 55, 59, 60, 62, 63, 64, 65, 66, 67, 68, 69, 70, 71, 72, 73, 74, 75, 76, 77, 78, 84, 85, 86, 121, 122, 123]"
674,Gâu Gâu dể sợ hên về sớm,[]
675,Chut j ba Nhiu sức khoe nha,[]
676,Chúc anh eng bộ tộc nghỉ lễ vui vẻ nhé,[]
677,Trâm Trâm từ vụ linsied chị đã nhận ra hắn rất giỏi sủa,"[52, 53, 54]"
678,Nguyễn Minh Phương mua,[]
679,Đòi bằng được mẹ sang Mỹ bây giờ lại muốn đuổi mẹ ra khỏi nước Mỹ bọn mất dạy,"[42, 43, 44, 45, 66, 67, 68, 69, 70, 71, 72, 73, 74, 75, 76]"
680,tay cô gái to vl =)),"[0, 1, 2, 3, 4, 5, 6, 7, 8, 9, 10, 11, 12, 14, 15]"
681,Cương Đặng đang bảo ông palu lưu ấy 😂😂,[]
682,Chỉ có óc chó mới nghe giặc tàu,"[7, 8, 9, 10, 11, 12, 23, 24, 25, 26]"
683,Đoàn Duy Diện lên fan cưng cơ à :))) căng đấy,[]
684,Toang quá thầy ơiiii :))),[]
685,Kbiet anh ý sống ntnao =))),[]
686,Dm đánh răng thôi nó cũng chiếm 80%,"[0, 1]"
687,Nhớ bả binh lắm mà,[]
688,"Đi bắt cóc tại quốc gia người ta đã không có mặt mũi nào rồi. Giờ tiền thuê máy bay còn quịt. Nhục mặt quá, thế này vị thế VN lại cắm đầu rồi :))","[3, 4, 5, 6, 7, 8, 9, 94, 95, 96, 97, 98, 99, 100, 101, 102, 103, 104, 105, 130, 131, 132, 133, 134, 135, 136]"
689,Sợ quá sợ quá phải ban nó thôi :((,[]
690,Bên e co cơm tinh thương nak. Lm phúc đi,[]
691,đc vãi lồn a ơi,"[3, 4, 5, 6, 7, 8, 9, 10, 11]"
692,Quả Bóng Tròn Tròn đúng vậy nhưng ông đấy xem thường tính mạng mình quá ý mà,[]
693,Đúng mấy thằng bệnh hoạn,"[9, 10, 11, 12, 13, 14, 15, 16, 17, 18, 19, 20, 21, 22, 23]"
694,Hahaah,[]
695,Lx má cười ỉa :))),"[0, 1, 2, 3, 4, 11, 12]"
696,Thầy đang gập cơ bụng hả thầy,[]
697,Thất vọng về xã hội này khi mà sáng mở mắt ra thấy:,[]
698,Cho e xin fb chổ chi làm chi đẹp nha chi hieu,[]
699,Chúng ta xây dựng gần xong cnxh rồi hoan hô,[]
700,Mạng wifi đỉnh kout hơn nè 🙂,[]
701,Trần Thị Nhung con ng chứ có phải con c** đâu mà suốt ngày nghỉ. HN bị tuần sau còn phải cắp sách đi hc nữa là chỗ mk. Nằm mơ đi e,"[34, 35, 36, 37, 38, 39, 40]"
702,"gọi là đổ thừa, lại là chuyện hài nhà sản","[23, 24, 25, 26, 27, 28, 29, 30, 31, 32, 33, 34, 35, 36, 37, 38, 39, 40]"
703,Dm muốn tán vô họng nó gê...đóng thuế để cho tụi nó đi nhậu á,"[0, 1, 8, 9, 10, 11, 12, 13, 14, 15, 16, 17, 18, 20, 21, 45, 46, 47, 48, 49, 50]"
704,Vl cô 3 vàng Ngọc giới tính gì vậy,"[0, 1]"
705,Bác ơi chói quá,[]
706,Chị Trang ơi chị Trang,[]
707,Hôm nay admin mày chửi đúng lắm! Yên lặng đáng sợ,"[14, 15, 16, 18, 19, 20, 21]"
708,hai mẹ con nhà này giờ thanh nhân vật của năm rồi! 😂😂,[]
709,Đúng là 1 danh hài 102,[]
710,Mấy người được truyền máu sau khi nghe tin 😂,[]
711,Gia Khang tui nhường bạn á,[]
712,"thớt ngu vl, giấy cháy thì dùng nước, cháy bằng xăng thì dung cát hoạc bình chữa cháy dạng bột nhé, còn cái bình co2 vs lại cái bình thang ml trong clip cầm chỉ chua cháy trog phạm vi không gian nhỏ như phòng, hay cabin xe hoac chua chay do đien tử, chứ o ngoai duong khong gian nhu vậy xịt bình co2 bốc hơi mẹ nó roi !!! đăng bài ngu vãi lìn","[5, 6, 7, 8, 9, 10, 133, 134, 135, 136, 137, 138, 139, 140, 308, 309, 310, 311, 312, 331, 332, 333, 334, 335, 336, 337, 338, 339, 340, 341]"
713,thầy lồn,"[5, 6, 7]"
714,Còn đây là BAROIBEO,[]
715,Khá Trần có những người tai trâu. nghe nhạc theo số đông nhạc thị trường. thấy ngta khen hay thi cung khen. cha biết đên tầm này tháng sau còn biết đên bài này la gì không nữa.,[]
716,Và ĐM chúng nó sáng chế toàn nông dân,"[3, 4, 5, 6, 7, 8, 9, 10, 11, 12, 13]"
717,Cực kì thuyết phục 😂,[]
718,Minh hiếu ơi may với nó cũng một thứ xạo lồn xàm lồn,"[13, 14, 15, 21, 22, 33, 34, 35, 36, 37, 38, 39, 40, 41, 42, 43, 45, 46, 47, 48, 49, 50, 51]"
719,Tại sao abe phải trả lời bạn ? 🙂,[]
720,Ở đâu mà trời vẫn trong xanh vậy anh,[]
721,Viết Phúc ò ông lại tưởng m xl quá nên nó khg cho 😌😌😌.... Hụ hụ,"[26, 28, 29, 39, 40]"
722,Chị Lệ này thì ai chả biết ở HN,[]
723,DIễn tập chống khủng bố ở Sài Gòn.,"[15, 16, 17, 18, 19, 20, 21, 22]"
724,Vn chết là vừa.cho dân nó xướng,"[3, 4, 5, 6, 23, 24]"
725,Cs như bầy sư tử săn mồi! Gặp phải thứ gì chúng cũng muốn cướp hết và bất chấp tất cả. Trừ khi người bị cướp đủ năng lực chống trả thì chúng mới dừng. Bản chất của lũ cs là cướp và cướp.,"[0, 1, 2, 3, 4, 5, 6, 7, 8, 9, 10, 11, 12, 13, 14, 15, 16, 17, 18, 19, 20, 21, 22, 23, 42, 43, 44, 45, 46, 58, 59, 60, 61, 70, 71, 72, 73, 74, 75, 76, 77, 104, 105, 106, 107, 135, 136, 137, 138, 139, 164, 165, 173, 174, 175, 176, 181, 182, 183, 184]"
726,Còn sức còn chơi 😎😎,[]
727,Ai chả hướng về đất nước nhưng ko theo tư tưởng cs thôi,[]
728,Yeu coô quá.,[]
729,Tiền đâu mua thầy ơi áo đắt vãi đái,"[28, 29, 30, 31, 32, 33, 34]"
730,Nghe chuyện chồng chị mà thấy thương 2 mẹ con vợ của anh chồng. Ổng lấy vợ sanh con cho tròn chữ hiếu với gđ rồi lại bỏ theo chị. Mong là c sẽ giúp đỡ 2 mẹ con kia và cũng chúc ac hp.,[]
731,Vâng a rất thượng đẳng,"[5, 6, 7, 8, 9, 10, 11, 12, 13, 14, 15, 16, 17, 18, 19, 20, 21]"
732,Dell hiểu mấy đứa ấy nghĩ j nhỉ mà cứ thích lây bệnh cho người khác v?,"[0, 1, 2, 3, 14, 15, 16, 38, 39, 40, 41, 42, 43, 44, 45, 46, 47, 48, 49, 50, 51]"
733,Vl. bỏ 33 giây cuộc đời ra để cười. tốn thời gian mà đéo đc cl gì,"[0, 1, 53, 54, 55, 60, 61]"
734,Nguyễn Thêu biểu tượng của bông hoa:)))),[]
735,"Samsung vẫn đi làm bth nhé, mỗi ngày đi làm là 1 ngày vui 😜😜😜😜",[]
736,"Thằng viện kiểm sát kia con cười, thằng chó","[0, 1, 2, 3, 4, 34, 35, 36, 37, 38, 39, 40, 41, 42]"
737,Hi vong de roi bi that vong,[]
738,Add là cái lồn gì,"[11, 12, 13]"
739,Lồn ba rọi,"[0, 1, 2]"
740,Lại chuẩn bị hí,[]
741,Em gái Sói :v,[]
742,Ý thức kb so sánh với cái thứ rác rưởi gì luôn😣😣,"[30, 31, 32, 33, 34, 35, 36, 37]"
743,Tủnn Tủnn phục l4`n,[]
744,Tao lên rừng ở đâyyyyy,[]
745,Tỉnh nào báo cáo chống tham nhũng cũng đẹp không riêng gì Sóc trăng,[]
746,Tính máy tính sợ lộn hahaa 🤣🤣,[]
747,Tdf2,[]
748,con này là đệ ruột của thằng quang lùn cuồng phân mà:)),"[0, 1, 2, 23, 24, 25, 26, 27, 35, 36, 37, 39, 40, 41, 42, 43, 44, 45, 46, 47]"
749,T cũng tính chửi. Toàn cmt xàm lol ko,"[12, 13, 14, 15, 27, 28, 29, 30, 31, 32, 33]"
750,Bình Thuận toang rồi ôg giáo ạ,[]
751,Trần Huy cái lồn 😂😂😂,"[13, 14, 15]"
752,Poppy is the best,[]
753,dme 500like còn dc chứ 100 hơi ít a ơi :v,"[0, 1, 2]"
754,Cực kì thuyết p.....,[]
755,TẠI DÂN THÍCH LÀM NÔ LỆ .CHƯA THÍCH LÀM NGƯỜI .ÔNG TRỜI CHO TỰ DO QUYẾT ĐỊNH .TẠI SAO KHÔNG CHỊU LÀM NGƯỜI MÀ LÀM CHÓ GIỮ CHẾ ĐỘ CSVN,"[4, 5, 6, 7, 8, 9, 10, 11, 12, 13, 14, 15, 16, 17, 18, 19, 20, 21, 22, 23, 24, 25, 26, 27, 28, 29, 30, 31, 32, 33, 34, 35, 36, 37, 38, 39, 40, 41, 42, 43, 44, 114, 115, 116]"
756,ngán ngẫm thiệt,[]
757,tự nhận mình là thằng mặt heo,"[16, 17, 18, 19, 20, 21, 22, 23, 24, 25, 26, 27, 28]"
758,Hép bi liu zia 😂😂😂,[]
759,Ad chẳng biết cc j cả. Ổng nói đúng rồi. Ko có tranh giành gì hết. Họ rất đồng lòng và tất cả mọi việc mọi vị trí đều đc sắp xếp cả.,"[14, 15]"
760,Tối ngày Đi ra ngoài đường khùng khùng,"[27, 28, 29, 30, 31, 32, 33, 34, 35, 36, 37]"
761,Vẫn đang phân vân xem có nên đảo k. 🤣,[]
762,hi,[]
763,Thằng nào nói láo cả nhà nó chết.,"[0, 1, 2, 3, 4, 14, 15, 16, 25, 26, 28, 29, 30, 31]"
764,Chứ còn mẹ gì nữa . . . Câu view trắng trợn,"[8, 9]"
765,"Thành hồ và thành hà, thành nào cũng bị ô nhiễm không khí độc hại rất nguy hiểm ! Có lẽ ông trời ổng trừng phạt bọn Việt cộng gian ác, gian tà, gian dối, gian dâm, đã nghèo đói mà còn bày đặt ""giải phóng Miền Nam"" !","[97, 98, 99, 112, 113, 114, 126, 127, 128, 129, 130, 131, 132, 135, 136, 137, 138, 139, 140, 141, 144, 145, 146, 147, 148, 149, 150, 151, 154, 155, 156, 157, 158, 159, 160, 161]"
766,Quỳnh Nhi Đình Hoàng xong rồi hoàng ơi :)),[]
767,Ka ka,[]
768,"nên cho mấy lãnh đạo già về nghỉ hưu được rồi , đem mấy cái tư tưởng trước 1975 về nghỉ hưu chung luôn.","[8, 9, 10, 12, 13, 14, 15, 16, 17, 18, 19, 20, 21, 22, 23]"
769,@Đầu Bò TV nó điên á,"[11, 12, 14, 15, 16, 17]"
770,Họp kín và thông báo là không liên quan đến Formosa :v,[]
771,Lyric cho ace:,[]
772,"Dùng được trong 2 năm là còn may, đéo biết nổi 2 tháng không","[34, 35, 36]"
773,"Được anh ưi, lâu rồi không nghe phúc du rap 🤣",[]
774,Anh ơi :( đau vcl,"[14, 15, 16]"
775,Triệu S. Tùng Icon sớm cũng bị nói. Đéo hiểu kiểu gì,"[36, 37, 38]"
776,Sao lon dung la  mieng  cho k the moc nga voi,"[0, 1, 2, 3, 4, 5, 6, 17, 18, 19, 20, 21, 22, 23, 24, 25, 26, 27, 28, 29, 30, 31, 32, 33, 34, 35, 36, 37, 38, 39, 40, 41, 42, 43, 44]"
777,Nhật Long toang. Kiểu ni còn lâu lắm :((,[]
778,Thuyết phục.......,[]
779,"Vũ khắc Tiệp phải dương tính coviD-19 thì mới thấy được giá trị của cuộc sống,thay đổi thái độ","[13, 14, 15, 16, 17, 18, 19, 20, 21, 22, 23, 24, 25, 26, 27, 28, 29, 30, 31, 32, 33, 34, 35, 36, 37, 38, 39, 40, 41, 42, 43, 44, 45, 46, 47, 48, 49, 50, 51, 52, 53, 54, 55, 56, 57, 58, 59, 60, 61, 62, 63, 64, 65, 66, 67, 68, 69, 70, 71, 72, 73, 74, 75, 76, 77, 78, 79, 80, 81, 82, 83, 84, 85, 86, 87, 88, 89, 90, 91, 92, 93]"
780,Bexuammailonto :),"[9, 10, 11]"
781,Chúc mừng bóng đá VN ha ha ha,[]
782,Cái miệng linh cá lóc  ik hệt cái lồn,"[34, 35, 36]"
783,Xem on Tran dan noi chuyen cung co cai hay😀,[]
784,Hoàng Xuân dễ bị lộn zs con so lắm. Thôi nhịn luôn cho chắc nheng bác,[]
785,ĐMCS bê tông hoá cái qằn qè cây chặt hết giờ để dân chịu hậu quả. Hk còn từ nào chửi cái lũ cô hồn các Đảng này,"[0, 1, 2, 3, 17, 18, 19, 20, 21, 22, 23, 24, 25, 26, 48, 49, 50, 51, 52, 53, 54, 55, 56, 57, 58, 59, 60, 61, 62, 63, 80, 81, 82, 83, 84, 85, 86, 87, 88, 89, 90, 91, 92, 93, 94, 95, 96, 97]"
786,"@Hoàng Phúc Lê t củng đã cmt gì trên fb bả đâu mà bị chửi chỉ là đọc thấy ko thích ok, m ko đọc là t củng thích xem clip vì vui nhưng đọc cmt thì thấy nhiều cái quá đáng à chứ t chửi gì cô lan của m. Lgbt tối ngày đòi bình đẳng ko kì thị nhưng người ta chưa nói động chạm gì mà dựng lồn lên chửi như m thì người ta ai ko ghét 🙂","[15, 53, 54, 55, 56, 87, 99, 176, 178, 179, 180, 181, 197, 205, 206, 207, 208, 209, 210, 211, 212, 213, 214, 215, 216, 217, 218, 219, 220, 221, 222, 223, 224, 225, 226, 227, 228, 229, 230, 231, 232, 233, 234, 235, 236, 253, 254, 255, 256, 257, 258, 259, 260, 261, 262, 263, 264, 265, 266, 267, 268, 269, 270, 271, 272, 273, 274, 275, 276, 277, 278, 279, 280, 281, 282, 283, 284, 285, 291, 292, 293, 294, 300, 321, 322, 323, 324]"
787,Nghe có vẻ vô sinh nhưng lại sinh đôi,[]
788,Nguyễn Hoài Bảo Ghe rk na :)),[]
789,Like đầu 🤣,[]
790,Răng của cụ còn nửa mảng răng 🦷 ở hàm trên 🤣,[]
791,Xao lol ma noi ko so meo mieng nhi,"[0, 1, 2, 3, 4, 5, 6, 11, 12, 13, 14, 15, 16, 17, 18, 19, 20, 21, 22, 23, 24, 25, 26, 27, 28, 29]"
792,Xin ảnh ạ,[]
793,Chị 3 miền tây,[]
794,Đề Văn mai ra . A chj hãy nêu cảm nhận của mình và phân tích về hiện tg streamer Phùng Thanh Độ (Độ Mixi) hiện dk nhiều giới trẻ yêu thích. Câu 5đ,[]
795,"nó quản lí internet, nhồi sọ dân từng phút từng giây. Dân TQ đông nhưng nói chung nòi giống cũng éo ra con mẹ gì.","[0, 1, 21, 22, 23, 24, 25, 26, 27, 97, 98, 103, 104, 105, 106, 107, 108]"
796,38:47 . đúng rồi mấy người nổi tiếng do live câu like câu view là ko lâu dài . bé đang chửi chị bạn linda của bé đó . bởi ta nói lời nói nhanh hơn não là biết con người ntn . miệng thì nói ko đụng tới ai mà nói chuyện trên đầu cha người ta . đá xéo móc họng ngta kiểu đó . hk ai rảnh mà chị minh hiếu đi ganh tỵ hay kiếm chuyện hãm hại cái con như m . mặt méo mặt tròn của mày hay tên hay họ của m chị minh hiếu còn chả để trong tư tưởng . còn chả thèm biết con như m là con nhỏ ất ơ nào nữa . làm như m ngôi sao hạng 1 ở vn ko bằng . bán hàng thì bán đi . miệng thiên hạ thì phải chịu . đừng có lôi kéo đá xéo ngta kiểu đó bú fam rẻ tiền,"[87, 88, 89, 90, 129, 130, 131, 132, 133, 134, 135, 136, 137, 138, 139, 140, 141, 142, 143, 144, 145, 146, 147, 148, 149, 150, 151, 152, 153, 154, 155, 156, 157, 158, 159, 160, 161, 162, 163, 164, 165, 166, 167, 168, 169, 170, 171, 223, 224, 225, 226, 227, 228, 229, 242, 243, 244, 245, 246, 247, 248, 249, 250, 251, 252, 253, 254, 255, 256, 340, 341, 342, 343, 344, 345, 346, 347, 348, 356, 357, 358, 373, 374, 375, 396, 416, 417, 418, 444, 445, 446, 447, 448, 449, 450, 451, 458, 459, 460, 461, 462, 463, 464, 465, 466, 471, 472, 473, 474, 475, 476, 477, 478, 479, 480, 481, 482, 502, 604, 605, 606, 607, 608, 609, 624, 625]"
797,"Đừng nghe cộng sản nói, hãy nhìn cộng sản làm muôn đời vẫn không sai !",[]
798,Hello chi yeuuuuuuui 😘😘😘😘😘😘,[]
799,Tphcm trong tương lai sẽ là thủ đô thì phải. Vì người ngu sẽ bỏ hết thủ đô hn quá,"[0, 1, 2, 3, 4, 5, 6, 7, 8, 9, 10, 11, 12, 13, 14, 15, 16, 17, 18, 19, 20, 21, 22, 23, 24, 25, 26, 27, 28, 29, 30, 31, 32, 33, 54, 55, 56]"
800,Họa từ miệng mà ra,"[0, 1, 2, 3, 4, 5, 6, 7, 8, 9, 10, 11, 12, 13, 14, 15, 16, 17]"
801,Muốn phòng chống thì phải viết sách nghen😂,[]
802,Tsb 💩,"[0, 1, 2, 4]"
803,Phạm Việt nghe dc,[]
804,Trần Thanh khi nào mà m nhắn qua cho t câu “đuỹ lone khốn nạn ghê” là t hiểu r đó,"[22, 37, 44, 45, 46, 47, 48, 49, 50, 51, 52, 53, 54, 55, 56, 57, 58, 59, 60, 70]"
805,quan trọng là dân đéo tin vào chúng mày nữa chứ ko phải là sợ chúng mày lạm quyền trưng dụng,"[18, 19, 20, 30, 31, 32, 33, 34, 35, 36, 37, 38, 62, 63, 64, 65, 66, 67, 68, 69, 70]"
806,tụi trung + nó qua VN mặc áo dài luôn rồi ah. các bạn bò vô cho mình tí ý kiến với !!! thanks các bạn,"[0, 1, 2, 3, 4, 5, 6, 7, 8, 9, 10, 12, 13, 54, 55]"
807,Chi ba em kho qua cho em muon mot it,[]
808,Kinh...,"[0, 1, 2, 3]"
809,"Biết nói gì đây, an bài rồi nên làm việc có phúc trước khi về với cát bụi!",[]
810,Thánh kiếm đâu za cái này. Mà đọc cái bl của thằng kia song. Tôi đi đái đéo hết bc,"[45, 46, 47, 48, 49, 68, 69, 70, 72, 73, 74]"
811,Gục ngã thực sự,[]
812,Bạn nào bt fb của mấy bạn ad ko nhỉ cho mk xin cái đjt con me cay vãi cả lol là t thề cmt đúng một câu a vs cu tùng giống hệt nhau xong r nó trả lời t đúng một câu ? Thế là nó ban t thề cay vãi lol t mà bt fb của m thì đjt con me m xác định lập acc mới con chó lol con me nó cay vãi lon t vẫn đéo hiểu tại s nó ban t lam dụng chức quyền à hay khinh ng v ??,"[51, 52, 53, 54, 55, 56, 57, 58, 59, 60, 61, 62, 63, 64, 65, 66, 67, 68, 69, 70, 71, 72, 73, 74, 75, 80, 108, 109, 138, 139, 149, 173, 174, 180, 186, 187, 188, 189, 190, 191, 192, 193, 194, 195, 196, 198, 213, 219, 220, 221, 222, 223, 224, 225, 226, 227, 228, 229, 230, 231, 232, 233, 234, 235, 236, 237, 238, 239, 240, 241, 242, 243, 244, 245, 246, 247, 248, 249, 250, 251, 253, 254, 255, 256, 257, 258, 259, 260, 261, 262, 263, 264, 265, 266, 267, 268, 269, 270, 275, 276, 277, 278, 279, 280, 281, 282, 283, 284, 285, 286, 287, 293, 294, 295, 308, 309, 315, 318, 319, 320, 321, 322, 323, 324, 325, 326, 327, 328, 329, 330, 331, 332, 333, 334, 335, 343, 344, 345, 346, 347]"
813,"Đôi lúc trong lòng đầy tâm sự nhưng biết nói cùng ai và hiện tại cũng thế , có lúc mong thời gian trôi thật nhanh rồi có lúc mog thời gian chậm lại",[]
814,Đã xem,[]
815,ông edit video chán quá,[]
816,Coi chừg ad nó chào thân ái và dí đái vào mặt m giờ hỏi như thế cũg hỏi thì dĩ nhiên là...oh mà tao cũg đéo biết :))))),"[31, 32, 33, 34, 35, 36, 46, 96, 97, 98, 104, 105, 106]"
817,Giống loài Loan luân la vây,"[12, 13, 14, 15, 16, 17, 18, 19, 20]"
818,"Mấy bạn chửi chị này bê đê này bê đê nọ bớt cái mõm lồn lại Ngta bê đê hay ko bê đê ko cần phải đề cập đâu miễn sao họ đẹp hơn cgai mẹ mấy đứa cmt chửi này chửi nọ  ok thích thì xem k thích thì biến ngta có làm j m đâu mà vào cmt chửi
Còn về chị Linda cứ sống thật là mình e thâý chị quá tuyệt r chị đâu có ăn hết của cha ông cố nội tụi nó đâu . Nên lời nó nói hay chửi cứ xem như chó sủa đi chị ơi .
Chẳng lẻ tự dưng mình đang đi trên đường có con chó điên lại sủa lại cắn mình k lẽ mình cắn lại nó
Mãi bên Linda cố gắng phát triển kênh ik chị","[8, 9, 10, 11, 21, 22, 23, 24, 25, 31, 32, 33, 34, 35, 48, 49, 50, 51, 52, 53, 54, 65, 66, 67, 68, 69, 78, 79, 80, 81, 82, 127, 128, 129, 130, 131, 132, 133, 139, 140, 141, 147, 148, 149, 150, 151, 152, 153, 154, 155, 156, 157, 158, 159, 160, 161, 162, 194, 195, 196, 197, 213, 230, 231, 232, 233, 333, 334, 335, 336, 337, 338, 354, 355, 365, 366, 367, 368, 381, 382, 383, 384, 385, 386, 387, 462, 463, 464, 470, 471, 472, 489, 490, 491, 497, 498]"
819,Qua mặt j do fan minh hiếu vô chọc trần đoàn trước chi. Chó hùa,"[56, 57, 58, 59, 60, 61, 62]"
820,Vl anh tôi cà khịa căng thế,"[0, 1]"
821,K thể nói ra rằng tôi đag rất k ổn...😓,[]
822,Hình như chỉ có 1 vài quốc gia trên thế giới có hiện tượng lá mọc đinh như này nhỉ,"[59, 60, 61, 62, 63, 64, 65, 66, 67, 68, 69]"
823,Sao còn tồn tại con người này hả trèn,[]
824,"Nếu ai, hoặc cộng đồng nào giúp tiêu diệt được luôn các chế độ cộng sản còn sót lại trên thế giới, đặc biệt là tại TQ và VN, thì nên trao tặng họ giải Nobel Hòa Bình và giải Nobel Y Học. Giải Nobel Hòa Bình vì công lao tiêu diệt chủ nghĩa bạo lưc cộng","[32, 33, 34, 35, 36, 37, 38, 39, 40, 219, 220, 221, 222, 223, 224, 225, 226, 227, 239, 240, 241, 242, 243, 244, 245]"
825,"Nguyễn Ngọc Linh thì hợp rồi mới truyền đó cậu, bài ghi rõ là truyền cho 9 người rồi mà!",[]
826,Mình nói người ta bê đê mình xem lai mình đi . Mày la cũng loai bê đê co cây đinh chính giữ la may kkkk,"[18, 19, 20, 21, 22, 29, 30, 31, 32, 33, 34, 35, 36, 37, 38, 39, 40, 47, 48, 49, 59, 60, 61, 62, 63, 64, 65, 66, 67, 68, 95, 96, 97]"
827,Ủa tưởng Linh vật của team :)),[]
828,ăn bận như cac họ,"[11, 12, 13]"
829,Thằng Hùng đụ bà Tư Nha nín thở,"[0, 1, 2, 3, 4, 11, 12]"
830,Buồn thật chứ,[]
831,Chúng ta đã thắng trong việc bịt miệng dân,"[29, 30, 31, 32, 33, 34, 35, 36, 37, 38, 39, 40, 41]"
832,Trần Đặng Thái Sơn tên phim sẽ phải là ĐỊT MẸ Về nhà=)),"[39, 40, 41, 42, 43, 44]"
833,Mua vo ao tung chao,[]
834,Nay chuyển qua đi xe côn tay rồi à?,[]
835,Caiditmemay,"[0, 1, 2, 3, 4, 5, 6, 7, 8, 9, 10]"
836,"Con này với thằng Don Nguyễn dv hài chưa bị bắt nữa hả? Tụi nó kết hợp với nhau bán hàng giả làm lũng đoạn thị trường, lừa đảo người tiêu dùng. Làm mất uy tín nhà nước VN. Đề nghị công an vào cuộc bắt hết bọn này. Ai đồng ý thì hãy cùng nhau lên tiếng. Bọn này là bọn lừa đảo là tội phạm kinh tế","[0, 1, 2, 12, 13, 14, 15, 16, 36, 37, 38, 39, 40, 41, 42, 43, 44, 45, 46, 47, 48, 49, 50, 51, 52, 53, 56, 57, 58, 59, 60, 61, 89, 90, 91, 205, 206, 207, 253, 254, 255, 264, 265, 266, 267, 268, 269, 270, 271, 272, 273, 274]"
837,Đâu đó vẫn còn bọn óc vật,"[15, 16, 17, 18, 19, 20, 21, 22, 23, 24]"
838,"Siêu quốc gia, siêu cường quốc như Triều Tiên ấy ☝️",[]
839,Tội nghiệp cô quá đi😭😭😭,[]
840,Vậy là e yên tâm r :)),[]
841,dmcs nước còn nợ nhiều.,"[0, 1, 2, 3]"
842,Tuân Anh Trinh thua thua,[]
843,keo ong? xuong kc lai di :D,[]
844,"Trâu bò chứ ko phải người mà. 🤔 Sức chịu đựng của dân thủ đô thật đáng ngưỡng mộ. Hàng ngày họ hít thủy ngân, bụi mịn ô nhiễm, uống nước thải qua đường ống làm bằng vật liệu phế thải trung quốc (ống nước bể mấy chục lần), ăn thực phẩm chứa chất độc hại","[0, 1, 2, 3, 4, 5, 6, 7, 8, 9, 10, 11, 12, 13, 14, 15, 16, 17, 18, 19, 20, 21, 22, 23, 24, 95, 96, 97, 98, 99, 100, 101, 102, 103, 104, 105, 106, 107, 108, 109, 110, 111, 112, 113, 114, 115, 116, 117, 118, 119, 120, 121, 122, 123, 124, 127, 128, 129, 130, 131, 132, 133, 134, 135, 136, 137, 138, 139, 140, 141, 142, 143, 144, 145, 146, 147, 148, 149, 150, 151, 152, 153, 154, 155, 156, 157, 158, 159, 160, 161, 162, 163, 164, 165, 166, 167, 168, 169, 170, 171, 172, 173, 174, 175, 176, 177, 178, 179, 180, 181, 182, 183, 184, 185, 186, 187, 188, 189, 190, 191, 192, 222, 223, 224, 225, 226, 227, 228, 229, 230, 231, 232, 233, 234, 235, 236, 237, 238, 239, 240, 241, 242, 243, 244, 245, 246, 247, 248, 249, 250, 251]"
845,Cầm gậy lên là làm ca sĩ :₫),[]
846,Đọc mấy dòng cuối tức muốn điên luôn,"[18, 19, 20, 21, 22, 23, 24, 25, 26, 27, 28, 29, 30]"
847,bị tam than My co giam dinh than kinh ong nay chua?,"[3, 4, 5, 6, 7, 8, 9, 10, 28, 29, 30, 31, 32, 33, 34, 35, 36]"
848,Bùi Trường ko có sách phép thì sao thành công đc :)),[]
849,Phạm Văn Lộc chúc hay mỗi tội chính tả nên như lol :)),"[47, 48, 49]"
850,Em đợi thầy mang lại tin vui cho anh em trong gr em sẽ đợi thầy về,[]
851,Nay chị dẹp quá,[]
852,thầy park trốn phỏng vấn đi gặp nữ y tá người nhật trợ tim rồi,[]
853,Ráng qc kiếm tiền nuôi vợ con chứ đừng như e,[]
854,Cực kì thuyết phục :))),[]
855,CHI ĐEP QUÁ.,[]
856,Hồng Thắm book lịch đánh nhà cá nha :))),[]
857,Trung Trần vcc:)),"[11, 12, 13]"
858,ông đặt cho tên Khánh bánh. ông mất rồi 🙂,[]
859,Ghê vãi,"[0, 1, 2, 3, 4, 5, 6]"
860,Bắt được đừng chữa nhốt vào cho chết luôn...loại này đừng để đẻ trứng!!!,"[19, 20, 21, 22, 23, 24, 25, 26, 27, 28, 29, 30, 31, 32, 33, 34, 35, 44, 45, 46, 47, 48, 49, 50, 51, 52, 53, 54, 55, 56, 57, 58, 59, 60, 61, 62, 63, 64, 65, 66, 67, 68]"
861,@Trà My đr,[]
862,Trung đầu nấm,[]
863,Minh hiếu chửi lồn mà còn hay,"[10, 11, 12, 13, 15, 16, 17]"
864,không nhé,[]
865,Ngày nào tui cũng nghe tin là thêm 1 bệnh nhân lo lắng thật sự 😞,[]
866,Có não mà để tay nhanh hơn não :v,[]
867,"Xóa bài là đúng thôi,(ko thì các ông lãnh đạo bị lôi cái đuôi ra), có quỹ xóa đói giảm nghèo có mà","[49, 50, 51, 52, 53, 54, 55, 56, 57, 58, 59, 60]"
868,nước Mỹ đã bỏ rơi chúng ta  câu này nghe có vẻ phủ phàng nhỉ.,[]
869,Nhìn như con bóng lải cái 🤣,"[9, 10, 11, 12, 13, 14, 15, 16, 17, 18, 19, 20, 21, 22, 23, 24]"
870,Thứ ngu như m nói chuyện mất tg...đi học lại lớp mẫu giáo đi,"[0, 1, 2, 3, 4, 5, 6, 12, 34, 35, 36, 37, 38, 39, 40, 41, 42, 43, 44, 45, 46, 47, 48, 49, 50, 51, 52, 53, 54, 55, 56, 57, 58, 59]"
871,nhai đi nhai lại đéo biết mỏi mỏ àh,"[0, 1, 2, 3, 4, 5, 6, 7, 8, 9, 10, 11, 12, 13, 14, 15, 17, 18, 19, 30, 31]"
872,Tưởng Xuân Hiển vcl ba chó :vvv,"[16, 17, 18, 20, 21, 22, 23, 24, 25]"
873,địtmẹ bọn dân đen như các ông thì làm gì...đau đầu thực sự :))),"[0, 1, 2, 3, 4, 6, 7, 8, 9, 10, 11, 12, 13, 14, 15, 16, 17, 18, 19, 20, 21, 22, 23, 24, 25, 26, 27, 28, 29, 30, 31, 32, 33, 34, 35, 36, 37, 38, 39]"
874,lúc đi thì xung sức . lúc về ôi mệt thôi rồi :v,[]
875,Nguyễn Anh Tú ê coi nè Tú giờ mới nhớ ra xa bờ.,[]
876,mớ để ý kỉ a mc đẹp trai vừa gì😊 cười cái muốn rụng tim luôn ❤️,[]
877,May la co nguoi dai loan lay my do my the bao sao ai cung ghet song cac cu vi lam di 9 phuong con 1 phuong de lay chong nhe,"[68, 69, 70, 72, 73, 78, 79, 80, 81, 82, 83, 84, 85, 86, 87, 88, 89, 90, 91, 92, 93, 94, 95, 96, 97, 98, 99, 100, 101, 102, 103, 104, 105, 106, 107, 108, 109, 110, 111, 112, 113, 114, 115, 116, 117, 118]"
878,Kinh tế thị trường định hướng đấy! 😉,[]
879,phục cái cm mày :),"[11, 12, 13, 14, 15, 16, 17]"
880,Con mẹ day làm răng giả ghê quá,"[0, 1, 2, 4, 5]"
881,Đạt Văn coi xong bị lag luôn,[]
882,Cang noi cang nham nhi qua pho bolsa,"[14, 15, 16, 17, 18, 19, 20, 21]"
883,Cũng hay,[]
884,"Có ai để ý rằng cái mẫu hình làm logo đại diện cho băng đảng của thằng Vin ""vượn"" nó có nét tương đồng với cờ của đám giặc cộng sản Trung Quốc không? :v Éo biết team designer tụi nó nghĩ cl gì nữa :3","[51, 52, 53, 54, 55, 56, 57, 58, 59, 65, 66, 67, 68, 69, 76, 77, 78, 79, 114, 115, 116, 117, 118, 119, 120, 121, 153, 154, 187, 188]"
885,Con cac,"[4, 5, 6]"
886,Hoan hô LÒ TÔN,"[8, 9, 10, 11, 12, 13]"
887,Thằng cha tập qua đây dân mìh nó xem như choá :))))),"[0, 1, 2, 3, 4, 30, 31, 41, 42, 43, 44]"
888,"Thí sinh xứ mình ngay khi nghe câu hỏi sẽ trừng mắt chửi MC: Phản động, phản động. Rồi nhìn cả lượt BGK: Đồ ///","[42, 43, 44, 45, 46, 52, 53, 54, 55, 61, 62, 63, 64, 65, 66, 67, 68, 69, 72, 73, 74, 75, 76, 77, 78, 79, 80, 108, 109, 110]"
889,Nói chuyện xóc óc,"[11, 12, 13, 14, 15, 16]"
890,Đcm. Nó đóng thuế nghìn tỉ thì nó được quyền giết người à con chó,"[0, 1, 2, 5, 6, 31, 32, 45, 46, 47, 48, 49, 50, 51, 52, 53, 54, 58, 59, 60, 61, 62, 63, 64]"
891,Mấy thằng chó cs chắc tức lắm vì ng dân đã phá cái nơi cung cấp cứt cho tụi nó ăn.,"[4, 5, 6, 7, 8, 9, 10, 11, 12, 51, 52, 53, 54, 55, 56, 57, 58, 59, 60, 61, 62, 63, 64, 65, 66, 72, 73, 74, 75, 76, 77]"
892,tau khửa ghét Kpop lại còn nhãy trc mặt bác Mao như z là bôi nhọ chính quyền xử ngay :v,"[0, 1, 2, 3, 4, 5, 6, 7, 77, 78]"
893,Tẩy cmn chay ngay và luôn cái dn khốn nạn và bọn toà án ăn hùa,"[4, 5, 6, 26, 27, 28, 33, 34, 35, 36, 37, 38, 39, 40, 45, 46, 47, 56, 57, 58, 59, 60, 61]"
894,Nghe rất hư trúc nhưng lại là mộ Dung phục,[]
895,Sena nhìn mặc như lồn,"[18, 19, 20]"
896,Vừa đọc thấy vậy á,[]
897,Cái quần què gì thế này chời :))),"[4, 5, 6, 7, 8, 9, 10, 11]"
898,Hiệp Tis Trường Giang các cháu nằm trong thành phần nào :v,[]
899,Mất hình tượng vl,"[0, 1, 2, 3, 4, 5, 6, 7, 8, 9, 10, 11, 12, 13, 14, 15, 16]"
900,Áo ác vậy abe :))),[]
901,1lủ ngu adua. Ví dụ lở có ông nội nào hút đíu thuốc rồi quăng dô ghế ngồi. Nó cháy rôi ko lẻ đi tìm nước để dập tắt? Chắc khi quay lại thì cháy mẹ hết rồi. Trang bị bình chửA cháy là để khống chế lửa mấy cu ạ. Còn thêm vụ mấy xe phải trang bị búa để khi lở rơi xuống vực or xuống nước còn lấy núa mà phá kính thoát thân. Khi trag bị là để an toàn tíng mạng nhé. Lở có ngu thì im chứ nói ra người ta biết thì nhục lắm,"[1, 2, 4, 5, 6, 8, 9, 10, 11, 26, 27, 28, 29, 30, 31, 32, 144, 145, 204, 205, 368, 369, 370, 408, 409, 410, 411]"
902,nhiệt độ giờ quá hợp lý. sài gòn 35. hà nội 32. virus ko sống nổi. hà nội ở nhà 2 ngày thôi là hết dịch.,[]
903,Khiêu dâm hay gì,"[0, 1, 2, 3, 4, 5, 6, 7, 8]"
904,Chào nhéee,[]
905,Đường tăng hơi béo,[]
906,Dung la con linh dien dien vua thoi chang qua nt goi de choc my dien thoi con ng nhu linh dien thi ai them,"[8, 9, 10, 17, 18, 19, 20, 21, 22, 23, 24, 25, 64, 65, 66, 67, 74, 75, 76, 78, 79, 80, 81, 82, 83, 84, 85, 86, 87, 88, 89, 90, 91, 92, 93, 94, 95, 96, 97, 98, 99, 100, 101, 102, 103, 104, 105]"
907,Hà Nhật đang ở nhà ko thì đi đi :))),[]
908,Lần sau bắt gặp chụp thành quả + chủ vũng nước đái = ghép lại. Up nó lên gr cty cho đội quần luôn 😃,"[42, 43, 44, 45, 46, 47, 48, 49, 84, 85, 86, 87, 88, 89, 90, 91]"
909,Gia Cát Lồn =))))),"[8, 9, 10]"
910,Fan Việt lúc này:,[]
911,Ý Thức Như Kặc.,"[11, 12, 13]"
912,"cái thằng tung cựa...nó lại đi trước chúng ta ah ! đã duyệt bao nhiêu cái tượng đài, tốn bao nhiêu tiền tỷ rồi mà... ko có cái nào to nhất để đập là sao hả...các đồng chí ! về viết kiểm điểm hết cho tôi...","[4, 5, 6, 7, 8, 9, 10, 11, 12, 13, 14, 15, 16, 17, 21, 22, 142, 143, 144]"
913,Cực kì thuyết phục!!!!,[]
914,Nguyễn Thúy Nga Bù Tây 2 em thấy thế nào,[]
915,Đập sắp mặt sena thầy ơi,"[0, 1, 2, 3, 4, 5, 6, 7, 8, 9, 10]"
916,Dương Cao Thắng hahaa 🤣,[]
917,👍👏,[]
918,Toàn a chị giàu sang..ko bao giờ nghe bóng này nói nó có cc gì hết,"[38, 39, 40, 41, 51, 52, 57, 58]"
919,Cút,"[0, 1, 2]"
920,Quần què là có thật à. :)))),"[0, 1, 2, 3, 4, 5, 6, 7]"
921,1 tỷ ko bằng miếng vải chùi lol mà lại giựt 100 mấy triệu của Minh Hiếu 😏,"[23, 24, 25, 26, 27, 28, 29, 30, 39, 40, 41, 42]"
922,Chị pa nhận kiếm cu để bú,"[17, 18, 19, 20, 21, 22, 23, 24]"
923,Trần Sang óc vật,"[10, 11, 12, 13, 14, 15]"
924,Hoàng Vũ có tiền thì thằng đéo nào cũng đẹp🙂,"[21, 22, 23, 24, 25, 27, 28, 29]"
925,"Độc lập, tự do, hạnh phúc hơn 40 năm rồi mà vẫn phải ngửa tay xin tiền tư bản a. Sao đảng ta tài tình thế ... ;-)","[53, 54, 55, 56, 57, 58, 59, 60, 61, 62, 63, 64, 65, 66, 67, 68, 69]"
926,Lâm Anh Vinn tui bảo rồi loz mẹ,"[25, 26, 27, 29, 30]"
927,Xin nhẹ nha thầy,[]
928,Nhanh chậm cái địt mẹ mày,"[15, 16, 17, 18, 19, 20, 21, 22, 23, 24]"
929,Mưa gió bão bùng:),[]
930,Do lười chụp ảnh có mỗi kiểu chụp trộm thôi,[]
931,Khánh Hoà tuy k gần 35 nhưng lại gần 34 mà vẫn đành lòng k cho nghỉ. Bệnh...thành tích (em nói xong đừng ai ném đá em nha),"[69, 70, 71, 72, 73, 74, 75, 76, 77, 78, 79, 80, 81, 82, 83, 84, 85, 108, 109, 110, 111, 112, 113]"
932,Nhẹ nhàng.,[]
933,Buồi to như lõi giấy vệ sinh nghe buồn cười vl,"[0, 1, 2, 3, 44, 45]"
934,Vco chui hay qua,[]
935,"Vô tình thấy, giống anh quá 🤨",[]
936,Cái này mặn nè thầy,[]
937,Dm!,"[0, 1]"
938,Anh cứ để Tú lo,[]
939,Minh Nguyen sập tiệm mẩy thất nghiệp 1 time,[]
940,Tục vl 🙂,"[4, 5]"
941,Vô liêm sỉ. Dối trá. Tàn độc mà đòi chổ tựa của văn minh sao? Tìm lại các câu nói của đảng viên coi..,"[0, 1, 2, 3, 4, 5, 6, 7, 8, 9, 12, 13, 14, 15, 16, 17, 18, 21, 22, 23, 24, 25, 26, 27]"
942,"Trần Thư từ hồi diễn ở đâu đấy ko có beat , gẩy mãi có dc đâu :))",[]
943,Đéo quan tâm t nào lãnh đạo?,"[0, 1, 2, 13]"
944,Tết chưa đến mà đã nghĩ Tết đi :),[]
945,Con chó điên,"[4, 5, 6, 7, 8, 9, 10, 11]"
946,Nguyễn Nhật chuẩn cmnr . nhạc ko nhai nổi. đên bon fan cũng đéo thể yêu thương nổi luôn,"[18, 19, 20, 21, 33, 34, 35, 36, 47, 48, 49, 60, 61, 62]"
947,:))) chiều về ngủ ngoài đường nha thầy,[]
948,Làm video chưa bạn,[]
949,Dùng nó chửi cho sml ak,"[5, 6, 7, 8, 9, 10, 11, 17, 18, 19]"
950,Bà naỳ căt́́ toc.măt giống dan ông hơn.,[]
951,tại ba cả đấy,[]
952,Đến con chó nó còn có ý cầu tiến>>Chán lãnh đạoVN,"[0, 1, 2, 3, 4, 5, 6, 7, 8, 9, 10, 11, 12, 13, 14, 15, 16, 17, 18, 19, 20, 21, 22, 23, 24, 25, 26, 27, 28, 29, 30, 31, 32, 33, 34, 35, 36, 37, 38, 39, 40, 41, 42, 43, 44, 45, 46, 47, 48]"
953,"Một baì viết phân tich́ và đánh giá có cơ sở rõ rang .Đanh theṕ cho lẽ phải ,sự thật .nhưng rõ rang hơn là Lưư manh coi thương mang ̣sống cuả đồng loại .ko đử tư cách và ko thể biện minh đc TỘI PHẠM NGUYÊN HÌNH VÀ CÓ TỔ CHỨC .XIN CẢM ƠN TG.","[123, 124, 125, 126, 127, 128, 129, 130, 132, 133, 134, 135, 136, 137, 138, 139, 140, 141, 142, 143, 144, 145, 146, 147, 148, 149, 150, 151, 152, 153, 173, 174, 175, 176, 177, 178, 179, 180, 181, 182, 183, 184, 185, 186, 187]"
954,toang toang thật sự Sóng Vỗ,[]
955,Con cẹc,"[4, 5, 6]"
956,Phan Mạnh Cường một học sinh ở thủ lô Hà Lội vừa cho biết ý kiến,[]
957,Trẻ trâu,"[0, 1, 2, 3, 4, 5, 6, 7]"
958,Chung lò đào tạo với John wick :v,[]
959,Optimusthree với 99% sức mạnh,[]
960,"Thanh minh cho Trần Dần, Trần Dần không bị mắc covid 19 đâu, bác sĩ chuyên chữa bệnh thần kinh, kết luận, Trần Dần chỉ mắc bệnh tâm thần thôi, bệnh này hay ăn nói linh tinh bừa bãi, bậy bạ lắm,","[85, 86, 87, 88, 89, 90, 91, 92, 93, 128, 129, 130, 131, 132, 133, 134, 135, 163, 164, 165, 166, 167, 168, 169, 170, 171, 172, 173, 174, 175, 176, 177, 178, 179, 180, 181, 182, 183, 184, 185, 186, 187]"
961,"Ủa chị xài cái gì vậy chị,chị có cái miệng ko chứ chị có đéo gì mà ở gần kho đạn vậy","[57, 58, 59, 77, 78, 79]"
962,Hoàng Đức Ngọc joke cái lồn chứ joke =)),"[24, 25, 26]"
963,thế thua gì bác.. k công khai mà cả VN điều biết tên e nó bác nghĩ ngta đón được sao????,[]
964,"6-700 triệu tiền ship/tháng, gì dữ z má, nói không sợ thụt lưỡi hả trời, ship hàng ra nước ngoài còn chưa tới cỡ đó, mầy ship ra sao diêm vương cho người ngòai hành tinh hay gì mà dữ z","[37, 38, 54, 55, 56, 57, 117, 118, 119]"
965,Anh dag lm j ấy🐱🐱,[]
966,Đũng là đ có trải nghiệm riêng nên rất khó 🙂,[8]
967,Ngô Tuấn phục cái máu lồn,"[22, 23, 24]"
968,Hải bảo rùi>>Thà nghèo mà yên bình còn hơn giàu mà bất ổn.Tao buồn ỉa quá,"[62, 63, 64, 65, 66, 67, 68]"
969,25:05 cặp tận bình luôn rồi hả.. 😄😄😄,[]
970,Nghe thơm nhưng lại thối 🙂,[]
971,Quyên Phạm mịe :))),"[11, 12, 13]"
972,"Người hùng, nam mô a di đà phật",[]
973,"Chán ăn, suy nhược cơ thể,",[]
974,Có tiền vay ko đi giải phẫu cho thành con gái đi ròi nc..ngừoi đàn bà có cây cà rem 9 giữa.kkk,"[18, 19, 20, 21, 22, 23, 24, 25, 26, 27, 28, 29, 30, 31, 32, 33, 34, 35, 36, 37, 38, 39, 40, 41, 42, 43, 44, 57, 58, 59, 60, 61, 62, 63, 64, 65, 66, 67, 68, 69, 70, 71, 72, 73, 74, 75, 76, 77, 78, 79, 80, 81, 82, 83, 84, 85, 86, 87, 88, 89]"
975,Giây phút tôi không nghĩ mình còn tồn tại 🙂,[]
976,Ngụ ý của anh bảy vịt quay là???cả đất nước Việt Nam chỗ nào cũng có bọn tàu cộng nó nắm đầu hết.,"[69, 70, 71, 72, 73, 74, 75, 76, 77, 78, 79, 80, 82, 83, 85, 86, 87, 88, 89, 90, 91]"
977,Nếu nghe nhiều lần sẽ thấy êm tai lắm ý,[]
978,Nguyễn Tiệp rep ne`,[]
979,Cực kì thuyết phục!,[]
980,Sơn tùng qua những năm🤭,[]
981,Cái địt cụ nhà chúng nó ? Việt nam nhiều giáo sư tiến sỹ nhất thế giới mà chẳng thằng lồn nào hiểu chất độc nó là cái gì??? Bọn bú lồn ăn tục nói phét thôi,"[4, 5, 6, 7, 8, 9, 15, 16, 17, 18, 19, 20, 21, 22, 80, 81, 82, 83, 84, 85, 86, 87, 88, 124, 125, 126, 127, 128, 129, 130, 131, 132, 133, 134, 135, 136, 137, 138, 139, 140, 141, 142, 143, 144, 145, 146, 147, 148, 149]"
982,Tùng mới đáng iu :)),[]
983,cực kì thuyết phục!,[]
984,"Quang Vinh Le bọn cẩu tham quan mới có triệu đô bu càng,chứ đám bò đỏ có vẹo gì để bu đâu cụ ngoại bị nhồi sọ tẩy não","[14, 15, 16, 17, 18, 19, 20, 21, 22, 23, 24, 25, 26, 27, 28, 29, 30, 48, 49, 50, 51, 52, 53, 54, 60, 61, 62, 63, 64, 65, 66, 67, 68, 73, 74, 75, 83, 84, 102, 103, 104, 105, 106, 107, 108, 110, 111, 112, 113, 114, 115, 116]"
985,Công nhận chưa thấy cái con đàn bà nào mà có cái miệng xấu như con Linh cá lóc,"[24, 25, 26, 27, 28, 29, 30, 31, 32, 33, 49, 50, 51, 52, 53, 54, 55, 56, 57, 63, 64, 65]"
986,Mỏ như cái lồn linh cá lóc,"[0, 1, 11, 12, 13]"
987,Giọng anh trung B52 thánh thót vãi lồn,"[31, 32, 33, 34, 35, 36, 37]"
988,Lũ chó đói,"[0, 1, 2, 3, 4, 5, 6, 7, 8, 9]"
989,vì vậy các bạn cứ ở ngoài đó nha. đừng có vô trong Nam này làm gì. hít bụi mịn như hít cỏ Mỹ vậy đó. hèn chi phát phát biểu ra là biết ở đâu liền ah !!! 🤣🤣🤣,"[67, 68, 69, 70, 71, 72, 73, 74, 75, 76, 77, 78, 79, 80, 81, 82, 83, 84, 85, 86, 87, 88, 89, 90, 91]"
990,"Vũ Thanh Huyền mày điên à, bà này đi công tác.","[15, 16, 17, 19, 20, 21, 22]"
991,Sẵn sàng bán netflix cho những người cần nhé 65k 1 thángg,[]
992,Phạm Văn Lộc phát biểu hay nhưng mà là “yên nghỉ” nha dm😞,"[54, 55]"
993,"Khoai Lang có vụ đấy mà ông ơi, người hàn nói tiếng việt cái gì",[]
994,cho e hỏi đường lên thiên đường cơm sườn sắp tới chưa ạ chứ dân trả phí cao quá,[]
995,Nghe nói anh tôi đag cà khịa,[]
996,CHỊ BA  SỐNG LANG THANG NGOÀI ĐƯỜNG TỘI CHỊ BA QÚA,"[8, 9, 10, 11, 12, 13, 14, 15, 16, 17, 18, 19, 20, 21, 22, 23, 24, 25, 26, 27, 28, 29, 30, 31, 32, 33, 34]"
997,Không hay lắm hơi hụt hẫng xíu,[]
998,Ủa ông này là ai z mọi ng,[]
999,chơi cái đầu bồi 😒 mất hình tượng vc ông ạ 😶,"[9, 10, 11, 12, 13, 14, 15, 34, 35]"
1000,"Ôi vẽ chuyện, kiểu của bọn này lúc nào chẳng vậy. Phát ngôn ngáo để tăng độ nổi thêm chút, hôm sau xin lỗi để mn bỏ qua, nhưng nổi tiếng thì giữ lại. Lợi như thế cơ mà","[23, 24, 25, 60, 61, 62, 63]"
1001,Như thắng dien,"[4, 5, 6, 7, 8, 9, 10, 11, 12, 13]"
1002,Thứ thần kinh,"[0, 1, 2, 3, 4, 5, 6, 7, 8, 9, 10, 11, 12]"
1003,Mang thần khuyển susan 0175 của thầy ra gánh à :v,[]
1004,Địt mẹ cộng sản,"[0, 1, 2, 3, 4, 5]"
1005,Tnao thiếu iot thế bạn huy minh lương. Bạn về nhà hỏi lại con bà già nhà bạn ra ngoài chợ nhặt đc tiền về có khoe loạn nhà hay k. Hay mang tới c.a tôi nhặt đc 20k 50k k biết của ai tôi mang ra trình các đồng chí. Ai cũng có lòng tham mà những ng như bạn ăn đủ iot lại đéo hiểu cái vđề nó nằm ở đâu. Ng ta mới hỏi là có nên hốt k. Chưa ỉa ra mà các bạn đã chực cắn r. Lại thêm đc 1 con chó to nữa :)),"[0, 1, 2, 3, 5, 6, 7, 8, 9, 10, 11, 12, 13, 58, 59, 60, 61, 62, 63, 64, 65, 66, 67, 268, 269, 270, 335, 336, 355, 356, 357, 358, 359, 360, 361, 362, 381, 382, 383, 384, 385, 386, 387]"
1006,Em là fan của cô Lê Na nên luôn dõi theo cô bác ạ 😁😁😁😁,[]
1007,Bui Hong Ngoc ccj,"[14, 15, 16]"
1008,"Lâm Quốc Huy đại học là oke ông , còn cấp 3 thì coi chừng thầy cô nứng :))","[66, 67, 68, 69]"
1009,"Vậy mà có khối người vẫn gân cổ lên bảo dân mình có cần đóng đồng thuế nào đâu đó. Thua cả bò, bò còn được cho ăn mới vắt sữa, này phải tự nai lưng ra kiếm ăn mà sữa vẫn bị vắt đều đều.","[25, 26, 27, 83, 84, 85, 86, 87, 88, 89, 90, 91, 92, 173, 174, 175]"
1010,My Moi Biet Minh Hieu Nhung Ngje Minh Hieu Noi Vui Chan That,[]
1011,"@Tiktok Official nói k lại rooid phán là chó hùa. T chúng tao đang nói đây đéo phải hàng real. Bớt xl lại. Đéo có fan của ai đây hết. Bán vậy rồi nghiệp quật. Thử nghỉ cha mẹ bây uống thuốc chống đột quỵ.... Mà trúng thuốc giả rồi k có tác dụng rồi sao. Đéo biết suy nghỉ. Ừ hàng giả nói giả. Rẻ cũng chạy. Bày đặt real, hàng pháp .... Xạo l","[41, 42, 43, 44, 45, 46, 47, 50, 51, 52, 53, 54, 55, 56, 57, 58, 59, 60, 75, 76, 77, 99, 100, 107, 108, 109, 175, 176, 177, 254, 255, 256, 336, 337, 338, 339, 340]"
1012,"Ô nhiễm là do ko rửa đường nhé, có khi nào ô nhiễm môi trường do dân thủ đô đi ngủ không rửa chân không các bác nhỉ",[]
1013,Sam đi đôi so đi lẻ,[]
1014,Tiêu Chảy Cấp .,[]
1015,chậm cái địt mẹ m,"[0, 1, 2, 3, 9, 10, 11, 12, 13, 14, 15, 16]"
1016,Ngộ ha,[]
1017,Vấn đề bv đi ad e mình bục ruột r khám ở bv xong chụp xquang các kiểu dm bác sĩ vẫn nói ko sao giữ 1 tuần bảo xuất viện thì ko cho may hôm qua kịp xuống hà nội khám nta bảo mổ bác sĩ mà chả khác j ăn cướp chụp xquang thì nó bảo phải chờ mai ms chụp đc hl v,"[23, 24, 25, 26, 27, 28, 29, 30, 70, 71, 197, 198, 199, 200, 201, 202, 203, 221, 222, 252, 253, 254, 255]"
1018,Minh Man Le Harry Otter học để mốt đi rãi dạo còn biết để ko bị mất danh dự nè :)),[]
1019,Chi 3 cai gi cung co nhung cai lờ la chi 3 hét kiếp nay cung k bao gio co .,"[27, 28, 29, 30, 31, 32]"
1020,Những chú dâm loạn viên đâu tui muốn thấy cái mõm chó của mấy bạn,"[10, 11, 12, 13, 14, 15, 16, 17, 18, 19, 20, 21, 22, 46, 47, 48, 49, 50, 51, 52]"
1021,Hì hì hì,[]
1022,Hoàng Xuân Tâm Tùng lo canh me GD ra sản phẩm để đạo thời gian đâu đi cmt dạo bạn,"[20, 21, 22, 23, 24, 25, 26, 27, 28, 29, 30, 31, 32, 33, 34, 35, 36, 37, 38, 39, 40, 41, 42, 43, 44, 45, 46, 47, 48, 49, 50, 51]"
1023,Nam mô a di đà phật,[]
1024,Hehe,[]
1025,Thôi m kut diiiii !!!!!,"[5, 7, 8, 9]"
1026,"Thế mới thấy ở dưới thôn xóm đã ""ăn lai 1.0 rùi"", càng lên cao thì càng tăng theo cấp số nhân thế nào đây từ thôn, phường, chi hội, hội, quận, tỉnh thành, trung ương.... Ôi thôi nó thối đến fat tởm thật.","[178, 179, 181, 182, 183, 184, 185, 186, 187, 188, 189, 190, 191, 192, 193, 194, 195, 196]"
1027,Anh em biết phải làm gì rồi chứ :))),[]
1028,Phương Nguyễn Thanh là một đóm chân chính luôn đi bảo vệ idol của mình ở bất kì đâu 🤝🤝🤝🤝,[]
1029,Được a ưiii!,[]
1030,thôi em cũng ạ thầy,[]
1031,Đạo khổng ăn quá sâu vào tiềm thức rồi. Xã hội đó không thể bắt kịp nền văn minh nhân loại nữa.,"[0, 1, 2, 50, 51, 52, 53, 54, 55, 56, 57, 58, 59, 60, 61, 62, 63, 64, 65, 66, 67, 68, 69, 70, 71, 72, 73, 74, 75, 76, 77, 78, 79, 80, 81, 82, 83, 84, 85, 86, 87, 88, 89]"
1032,Người ta giàu nhưng ngta vẫn muốn đi xe máy 🙂,[]
1033,"Ko biết mình nhầm ko nhưng tòa nhà kia là keangnam ở phạm hùng cầu giấy, ảnh này hack r",[]
1034,Em xin các anh chị đừng chửi những người đã mất đau lòng lắm mấy người ơi,[]
1035,bựa :D tinh túy của trọng lú :D đất nước ta ngày càng phát triển thua lào vào campuchia ơn đảng nhỜ sự lãnh đạo tài tình của lão già biến thái này.cON CHÁU ÔNG CHẮC HÃNH DIỄN LẮM NGÀN NĂM TIẾNG THƠM LƯU CMN DANH,"[0, 1, 2, 26, 27, 65, 66, 67, 68, 125, 126, 127, 128, 129, 130, 131, 133, 134, 135, 136, 137, 138, 139, 140, 141, 203, 204, 205]"
1036,Toanggg,"[0, 1, 2, 3, 4, 5, 6]"
1037,Miệng con này còn thúi hơn cái hầm cầu,"[7, 8, 9, 21, 22, 23, 24, 25, 36, 37, 38, 39, 40, 41, 42, 43, 44]"
1038,Bút hình con c,[15]
1039,"Mỹ nói thật. Virus Trung CỘNG chuyên nói láo, nó giấu diếm, phải thêm số bị nhiễm của nó 2 con số.","[19, 20, 21, 22, 23, 24, 25, 26, 27, 28, 41, 42, 43, 46, 47, 86, 87]"
1040,Nhỏ bạn em cũng vậy mua chai gu hi về sài nói thơm 8 tiếng 500k mà 10 phút là hết mùi mẹ r,"[86, 87]"
1041,Stupid cực mạnh,"[0, 1, 2, 3, 4, 5]"
1042,Clear mái tóc xanh sạch đẹp :v,[]
1043,Đinh Phước cmt trên thì k thấy chửi =))) mà cmt này lại quay ra chửi =))) chắc là thấy gái nên nứng hết cả buồi nên k dám chửi bác ạ =)))))),"[31, 32, 33, 34, 64, 65, 66, 67, 95, 96, 97, 98, 107, 108, 109, 110, 122, 123, 124, 125]"
1044,Haha... Bọn thượng đẳng lỗi thời,"[12, 13, 14, 15, 16, 17, 18, 19, 20, 21, 22, 23, 24, 25, 26, 27, 28, 29, 30, 31]"
1045,Sẽ cố gắng thích nghi,[]
1046,Phát biểu nguu vãi,"[10, 11, 12, 13, 15, 16, 17]"
1047,"Bay len ma bay den 46lan ah,cai dit cu may","[32, 33, 34, 35, 36, 37, 38, 39, 40, 41]"
1048,"Đéo tin! Mèo rồi lại hoàn mèo thôi! Dăm ba bữa rồi chìm thôi quá lắm thì kiểm điểm, rút kinh nghiệm","[0, 1, 2, 9, 10, 11, 12, 13, 14, 15, 16, 17, 18, 19, 20, 21, 22, 23, 24, 25, 26, 27, 28]"
1049,Cái lỗn cát khôg 😂,"[4, 5, 6]"
1050,Chị ba vàng ngọc có cây nọc mọc giữa háng chị ba thêm hai trái dâu lủng lẳng. Bệnh nặng giữ lắm rồi đồ bóng khùng.nói chuyện là biết khùng điên rồi.,"[20, 21, 22, 23, 24, 25, 26, 27, 28, 29, 30, 31, 32, 33, 34, 35, 36, 37, 38, 39, 40, 54, 55, 56, 57, 58, 59, 60, 61, 62, 63, 64, 65, 66, 67, 68, 69, 70, 71, 72, 73, 74, 75, 78, 79, 80, 81, 82, 83, 84, 85, 86, 87, 88, 89, 90, 91, 92, 93, 94, 95, 96, 97, 98, 100, 101, 102, 103, 104, 105, 106, 107, 108, 109, 110, 111, 112, 133, 134, 135, 136, 137, 138, 139, 140, 141, 142]"
1051,Cái loz chị Ba có rắn Kim cương hok..,"[4, 5, 6]"
1052,"Đinh Bá Trung ơi nếu không có ai đồng ý với ý kiến của mày thì mày nên xem lại đi,1 người cũng đéo có mà cứ cãi. Mày hút thuốc trên xe thì tao xịt thẳng vào mõm mày trước khi lên xe chứ đợi mày gây cháy xe nữa à. Mượn lời ad tý nhé( thằng lỏng bao)","[55, 56, 57, 63, 64, 65, 95, 96, 97, 113, 114, 115, 139, 140, 141, 157, 158, 159, 160, 161, 162, 163, 190, 191, 192, 198, 199, 200, 201, 233, 234, 235, 236, 237, 238, 239, 240, 241, 242, 243, 244, 245, 246]"
1053,Duy Trần xin video với bạn ơi,[]
1054,Sao không cách lý vs chữa bên nước ngoài luôn đi nhỉ. :v Sang đó định cư rồi lúc dịch bệnh lại quay về Việt Nam để chữa trị. :v,[]
1055,Ban gai quoc dan dang thay do o nha minh nhe :3,[]
1056,Chú Bòn em chặt chứ ko ăn nha =))))))),[]
1057,Hợp lý hơn nè abe :),[]
1058,:))))) nay thi doc quyen :V d' cho tu nhan tham gia om chet me chung m di :v de dan ganh d gi,"[28, 55, 56, 57, 58, 59, 60, 61, 63, 64, 65, 66, 67, 68, 69, 89]"
1059,Lo mà phụ mẹ giúp cha cực kì thuyết phục mả cha chúng mày,"[41, 42, 43, 44, 45, 46, 47, 48, 49, 50, 51, 52, 53, 54, 55, 56]"
1060,nge luyến sao sao á :)),[]
1061,Thuỷ Tiên cho dù 100tr lượt xem thì fan vẫn ghét,[]
1062,"Ở xứ người đứng chửi Tổng thống cũng chả sao , dân chủ thật sự, còn bị phạt như nội dung trên là lòi cái bản mặt dân chủ giả hiệu.","[16, 17, 18, 19, 97, 98, 99, 105, 106, 107, 108, 109, 110, 111, 112, 113, 114, 115, 116, 117, 118, 119, 120, 121, 122, 123, 124, 125, 126, 127, 128]"
1063,Link mấy phút,[]
1064,vu thuan 🤣🤣🤣,[]
1065,Mày chửi đi ad . Sủa nhiều vào mọi khi sủa kinh lắm mà,"[0, 1, 2, 4, 5, 6, 7, 17, 18, 19, 39, 40, 41]"
1066,Con Trai Kưng,[]
1067,cc,"[0, 1]"
1068,Váy kia làm nhism mà,[]
1069,Tốt nhất không nên du nhập vào Việt Nam chúng ta phải giữ lấy thuần phong mỹ tục 😌 tôi thiết nghĩ nên chế tạo ra vòng đeo cho cái bọn không chửi bậy mà nhân cách sống như lon ý,"[9, 10, 11, 12, 13, 14, 15, 16, 17, 18, 19, 20, 21, 22, 23, 24, 25, 26, 27, 28, 29, 30, 31, 32, 33, 34, 35, 36, 37, 38, 130, 131, 132, 140, 141, 142, 143, 144, 145, 146, 147, 152, 153, 154, 155, 156, 157, 158, 159, 160, 161, 162, 163, 164, 165, 166, 167, 168, 169, 170, 171, 172, 173]"
1070,"Đuỵt mọe, các ông nghĩ cứ sáng tạo ra cái cc gì cũng được lôi ra mà thử nghiệm hết đấy","[0, 1, 2, 3, 4, 5, 6, 7, 42, 43]"
1071,Clgv abe !,"[0, 1, 2, 3]"
1072,Mấy người này là con cháu của tụi bán nước chứ ai nữa. Đem vàng qua Mĩ mà hãnh diện hả?? Vàng của ai?? Tiền vàng cũng của người Việt của đất Việt mà lại hãnh diện ghê. Tụi bán nước tui trộm cắp.,"[30, 31, 32, 33, 34, 35, 36, 37, 38, 39, 40, 41, 74, 75, 76, 77, 78, 79, 80, 81, 82, 153, 154, 155, 156, 157, 158, 159, 160, 161, 162, 163, 164, 165, 172, 173, 174, 175, 176, 177, 178, 179, 181, 182, 183, 184, 185, 186, 187, 188, 189, 190, 191, 192]"
1073,Tăng theo ngày à bâyyy,[]
1074,Cuộc sống thú vị hơn khi bạn xamlol,"[29, 30, 31, 32, 33, 34]"
1075,Ơ K-ICM là ca sĩ hả,[]
1076,Biết mà,[]
1077,"Ad hãy tìm số báo nào của báo quân đội khi viết "" ba-rách ô-ba-ma"" và ""đô-na trăm "". Vãi báo","[85, 86, 87]"
1078,Đây có lẻ là của năm 2021,[]
1079,lạy thím. đuôi .garena.vn rồi còn sợ wed giả.,[]
1080,"anh ơi theo e nghĩ là đâu phải có 1 mình a phải xét nghiệm ? cũng giống như đi bệnh viện vậy, phải chờ tới lượt chứ nhỉ? làm như có mình anh v mà đòi cái gì cũng nhanh. mệt lon quá","[173, 174, 175]"
1081,Tùng Sói👶👶,[]
1082,Tùng hỏng :)))),"[5, 6, 7, 8]"
1083,Giong rua bat lau nha qua Ong Em a,[]
1084,Chương trình quảng cáo xin đc bắt đầu,[]
1085,Bé Phở Một chút của cậu rất chi là Cute😘,[]
1086,Thảm thiệt!,"[0, 1, 2, 3]"
1087,xin vid,[]
1088,Tu Kim Khoa im cmm đi🤫🤫,"[12, 13, 14, 15, 16, 17]"
1089,Bị gì bị lắm thế,[]
1090,"Thật là phiền phức , toàn bọn ăn ko ngồi rỗi nghĩ ra lắm trò hành dân ??? Ko biết bọn này có thuộc dạng nâng điểm vào ngành hay ko mà chả nghĩ gì đến hệ luỵ dân phải ôm theo nhiều giấy tờ phụ chứng nhận ?? Gọn nhẹ đâu ko thấy chỉ thấy thêm phiền phức mà thôi !","[26, 27, 28, 30, 31, 32, 33, 34, 35, 36, 37, 38, 39, 40, 41, 42, 43, 53, 54, 55, 56, 57, 58, 59, 60, 61, 62, 63, 64, 82, 83, 84, 104, 105, 106, 107, 108, 109, 110, 111, 112, 113, 114, 115, 116, 117, 118, 119, 120, 121, 122]"
1091,Lần đầu a tôi,[]
1092,Mày có loz hả,"[0, 1, 2, 7, 8, 9]"
1093,Tài Duy liu liu tài k biết khánh phương ahihi,[]
1094,"Đấu tố trưởng phường, công an , cskv chủ tịch",[]
1095,"dân chủ ở đâu vậy các bạn , à tên của nó là bảo hiểm "" bắt buộc "" mà !","[30, 31, 32, 33, 34, 35, 36, 37, 38, 39, 40, 41, 42, 43, 44, 45, 46, 47, 48, 49, 50, 51, 52, 53, 54, 55, 56, 57, 58, 59, 60, 61, 62, 63, 64, 65, 66, 67]"
1096,Cực kì thuyết phục :)),[]
1097,"giác ngộ đi , tp HCM nhé , bác giết SG rồi 😆😆😆😆","[31, 32, 33, 34]"
1098,"Thằng ad ""phản động"" chỉ giỏi ""xuyên tạc đường nối chính sách của đãng và nhà lước, bôi nhọ các anh hùng nực nượng vũ trang nhân dân"". Hết đặt mìn xe đò thì đặt mìn bưu điện, ném lựu đạn vào chợ vào rạp hát, pháo kích vào nhà dân vào trường học ko phải là khủng bố khủng mẹ gì hết, phải gọi là ""đi nàm kách mệnh"" mới đúng.","[0, 1, 2, 3, 4, 5, 6, 7, 9, 10, 11, 12, 13, 14, 15, 16, 17, 18, 19, 30, 31, 32, 33, 34, 35, 36, 37, 38, 39, 40, 41, 42, 43, 44, 45, 46, 47, 48, 49, 50, 51, 52, 53, 54, 55, 56, 57, 58, 59, 60, 61, 62, 63, 64, 65, 66, 67, 68, 69, 70, 71, 72, 73, 74, 75, 76, 77, 78, 79, 80, 81, 82, 83, 84, 85, 86, 87, 88, 89, 90, 91, 92, 93, 94, 95, 96, 97, 98, 99, 100, 101, 102, 103, 104, 105, 106, 107, 108, 109, 110, 111, 112, 113, 114, 115, 116, 117, 118, 119, 120, 121, 122, 123, 124, 125, 126, 127, 128, 129, 130, 131, 132, 139, 140, 141, 142, 143, 144, 145, 157, 158, 159, 160, 161, 162, 163, 175, 176, 177, 178, 179, 180, 181, 182, 183, 184, 185, 208, 209, 210, 211, 212, 213, 214, 215, 216, 256, 257, 258, 259, 260, 261, 262, 263, 265, 266, 267, 268, 269, 270, 271, 272, 294, 295, 296, 297, 298, 299, 300, 301, 302, 303, 304, 305, 306, 307, 308, 309, 310, 311]"
1099,@Hoàng Phúc Lê ❤,[]
1100,Thoại Trần nhà quê,"[11, 12, 13, 14, 15, 16, 17]"
1101,Một thời nông nổi 🤣,[]
1102,Hoang tưởng quốc sư kkk,[]
1103,Kia là bức tường toàn súng ống đằng sau camera stream,[]
1104,nhạt vl,"[5, 6]"
1105,"mình cũng băn khoăn cái này trước cá chết nhiều đéo màu mè gì giờ cá đéo chết thì nước lại có màu, nghi án đổ ít màu cho loang ra mị nhau, rồi tối tối đi đổ ít nước gì đó cho cá ở đâu đó hồ nào chết hàng loạt để gây hoang mang và phân tán dư luận, cái dmd","[37, 38, 39, 40, 48, 49, 50, 69, 70, 71, 72, 73, 74, 75, 76, 99, 100, 101, 102, 103, 104, 105, 130, 131, 132, 133, 134, 135, 136, 194, 195, 196, 197, 198, 199, 200, 201, 202, 203, 204, 205, 206, 207, 216, 217, 218, 219, 220, 221, 222, 223, 224, 225, 252, 253, 254]"
1106,Bóng đá là rường cột của đất nước. Nhờ những trận bóng đá này mới giúp được người dân Việt Nam quên đi nổi sầu Việt Nam vô địch địch vô.,[]
1107,Bóng già đeo vàng giả sửa như chó,"[0, 1, 2, 3, 4, 5, 6, 7, 18, 19, 20, 21, 22, 23, 24, 30, 31, 32]"
1108,Nguyễn Hữu Thiện,[]
1109,"1 LÀ NGƯỜI TA KHÔNG ĐẸP BẰNG MÌNH, 2 LÀ NGƯỜI TA XẤU HƠN MÌNH 🤣",[]
1110,Cực kì thuyết phục!!!,[]
1111,Đỷ mẹ,"[0, 1, 2, 3, 4]"
1112,Abe mang susan 0175 ra toàn thế giới :))),[]
1113,Nó mỗi thế thôi 1 lũ lao vào chửi nó ko ra con người. Vl thật bọn trẻ,"[18, 19, 34, 35, 37, 38, 39, 40, 41, 42, 43, 44, 45, 46, 47, 48, 49, 50, 51, 54, 55, 62, 63, 64]"
1114,Bông Xù tag zô hội tuyết bích lun ớ,[]
1115,là mày thì mày định làm gì hả thằng ad óc chó? đánh bom đập thủy điện của nó à?,"[3, 4, 5, 30, 31, 32, 33, 34, 39, 40, 41, 42, 43, 44, 47, 48, 49, 50, 51, 52, 53, 54, 74, 75]"
1116,djt mẹ.thuyết phục cái lol,"[0, 1, 2, 3, 4, 5, 23, 24, 25]"
1117,Ghen ăn tức ở vừa thôi. Ngoài nói xấu ra ko bik làm gì à?,[]
1118,Dàn allstar của VN may mắn lắm mới đc cùng chụp hình cùng The Shy - top lane số 1 thế giới đến từ Sa Đéc chứ đùa!,[]
1119,Giang Duy Lu Xu Bu thik e nao?,[]
1120,Đcmm ad,"[0, 1, 2, 3]"
1121,sell slot cho đỡ căng,[]
1122,ảnh hưởng cái cc gì. dm chúng nó bán cmnr,"[14, 15, 21, 22, 23, 24, 25, 26, 27, 28, 29, 30, 31, 37, 38, 39, 40]"
1123,TD Nguyễn trong khi cô trong clip chỉ đi con xe hơi 600 mấy chục triệu và là 1 trong những thành viên đa cấp chứ k giàu cái cm j,"[124, 125]"
1124,Vl fake,"[0, 1, 2, 3, 4, 5, 6]"
1125,update nặng,[]
1126,Đụmámài,"[0, 1, 2, 3, 4, 5, 6]"
1127,Bk loạn vcl,"[3, 4, 5, 6, 8, 9, 10]"
1128,Fb linda la gi v mọi người,[]
1129,Thang bong gia ngao da  cai lay  mieng may nhu cai cau tieu vay do,"[0, 1, 2, 3, 4, 6, 7, 8, 9, 10, 11, 12, 13, 15, 16, 17, 18, 19, 20, 21, 39, 40, 41, 47, 48, 49, 50, 51, 52, 53, 54, 55, 56, 57, 58]"
1130,Đỉnh ❤,[]
1131,Mình Hiểu nè mới biết you vì con SIC sanh nay ai ai,[]
1132,Dân ngu cu đen thôi mà .,"[4, 5, 6, 7, 8, 9, 10, 11, 12, 13]"
1133,giong ca lozz trong lang fo,"[9, 10, 11, 12]"
1134,Ở mỹ mà nhìn như ăn mài nhìn ghê quá,"[17, 18, 19, 20, 21, 22, 29, 30, 31]"
1135,Trường chán chả muốn nói,[]
1136,Kiểu gì SBTC chả thắng :)),[]
1137,Dị ứng với thằng cha này quá,"[0, 1, 2, 3, 4, 5, 11, 12, 13, 14, 15, 16, 17, 18, 19]"
1138,Rin Tẹt :v,[]
1139,Mệt chả buồn giải thích nữa,[]
1140,Địt cụ thằng add ngu như 1 con lợn. Giỏi cái lồn mẹ nhà mày à.. giỏi sao k đi mà hack bọn khựa ý. Hack của quốc gia làm gì. Dm thằng add óc chó,"[0, 1, 2, 3, 4, 5, 7, 8, 9, 10, 11, 17, 18, 19, 20, 21, 22, 23, 24, 25, 26, 27, 28, 29, 30, 31, 32, 33, 45, 46, 47, 48, 49, 50, 51, 52, 53, 54, 55, 56, 57, 58, 86, 87, 88, 89, 90, 91, 92, 93, 124, 125, 127, 128, 129, 130, 131, 137, 138, 139, 140, 141, 142]"
1141,Em dậy thì thành công quá mn. Khác nhau có mỗi cái mặt :)),[]
1142,Cho,"[0, 1, 2]"
1143,tại sao phải vượt !,[]
1144,Thằng Ca nào phát ngôn câu ngu vãi lìn. Bụi????,"[0, 1, 2, 3, 4, 27, 28, 29, 31, 32, 33, 34, 35, 36, 37]"
1145,Chi có tim đươc linh loc nhơ đanh nhỏ đó dum em 1 cái nhé,[]
1146,Hi chu,[]
1147,May là sửa kịp :)))),[]
1148,Người Bắc kỳ họ có khái niệm. Hy sinh đời bố củng cố đời con. Đụng đến chén cơm nhà nó mà. Cầu mong sao nó đi sớm hơn.,"[6, 7, 8, 9, 10, 11, 84, 85, 104, 105]"
1149,Đây là táo liên quân ad ơi nhầm sang táo quân năm nào cũng lèo trẻ con vậy,[]
1150,Chửi chết con mẹ mấy thằng ngu đi 😂,"[0, 1, 2, 3, 5, 6, 7, 8, 10, 11, 12, 13, 14, 15, 21, 22, 23, 24, 25, 27, 28, 29]"
1151,Háo thắng ham vui câu nói dành cho abe,[]
1152,Thằng Ad này muốn ăn chửi đây mà =))) ~,"[0, 1, 2, 3, 4, 21, 22, 23, 24]"
1153,Quan chuc nha nc lam gi co tien ung ho..chj co tien chon duoi dat thoi...ko gjam gui ngan hang so bj lô.😂😂,"[40, 41, 42, 43, 44, 45, 46, 47, 48, 49, 50, 51, 52, 53, 54, 55, 56, 57, 58, 59, 60, 61, 62, 63, 64, 65, 66, 67, 68, 69, 73, 74, 75, 76, 77, 78, 79, 80, 81, 82, 83, 84, 85, 86, 87, 88, 89, 90, 91, 92, 93, 94, 95, 96, 97, 98, 99, 100, 101, 102]"
1154,Chỉ sợ những người dùng não để trồng cây,"[19, 20, 21, 22, 23, 24, 25, 26, 27, 28, 29, 30, 31, 32, 33, 34, 35, 36, 37, 38, 39]"
1155,May hong biet nhuc ma may con lay chim nua nhuc qua.....,"[0, 1, 2, 14, 15, 16, 17, 22, 23, 24, 43, 44, 45, 46]"
1156,Nguyễn Quỳnh Thi Đà Nẵng nè 😞,[]
1157,Bảo Tín đi du lịch gặp con gì ngứa ngứa ở biển e đã sợ lắm r sao xuất hiện con này nữa,[]
1158,Cô ba vàng mã 😂,[]
1159,Về vn chửa free. Chính phủ lo từ a---z ở nước ngoài chửa bằng niềm tin ak.. mà chả có con mà nào ở nước ngoài chửa free cho dân nước khác đâu,[]
1160,"Cùng ngành và bao che cho nhau,sao biết nó lạm quyền mà xử lý?tôi ở tỉnh xa,đi đến đây bị cảnh sát của ông trưng dụng phương tiện.rồi đợi ông trả xe ở đâu?mất mát đồ đạc,tài sản,xe bị đâm đụng hỏng hóc,biết đâu mà bồi thường?tôi sẽ tiếp tục hành trình,hay ngồi đợi ông quay lại trả phương tiện.....luật mới trả lệ.toàn nghĩ cách chộp giật.","[14, 15, 16, 17, 18, 19, 20, 40, 41, 43, 44, 45, 46, 47, 48, 49, 50, 51, 329, 330, 331, 332, 333, 334, 335, 336, 337]"
1161,Tiên tri? Tao lao,"[10, 11, 12, 13, 14, 15, 16]"
1162,Mẹ làm ảnh hưởng bon tao Vl,"[0, 1, 17, 18, 19, 20, 21, 22, 23, 25, 26]"
1163,Tình báo nằm vùng :)),[]
1164,Còn lồn này cái mỏ như cái lồn,"[4, 5, 6, 16, 17, 18, 19, 20, 21, 22, 23, 24, 25, 26, 27, 28, 29]"
1165,Thiếu tiền cj hiếu dell trả bớt xạo l đi m,"[19, 20, 21, 22, 32, 33, 34, 35, 36, 41]"
1166,phong cách gây sự chú ý,[]
1167,Anh có thể bớt xạo cho dân tình đỡ ghét anh đi =))),"[15, 16, 17, 35, 36, 37, 38]"
1168,Mu này tởm thật,"[7, 8, 9]"
1169,Biện minh cl,"[10, 11]"
1170,Loạn vl,"[5, 6]"
1171,;))) n đã mất công phạt . Thì phạt hẳn 100-200 rảnh đéo đâu phạt 10-20k làm gì mất công vl .,"[52, 53, 54, 88, 89]"
1172,tin rat hay,[]
1173,Nhok Lầy địt mẹ trên mạng thì gáy khét vãi l em ạ =)) ra đường câm như con chó,"[9, 10, 11, 12, 13, 14, 30, 31, 32, 34, 35, 36, 37, 38, 39, 40, 41, 42, 43, 63, 64, 65, 66, 67, 68, 69, 70, 71, 72, 73, 74, 75, 76, 77]"
1174,Abe đúng là thật xàm l ;v,"[17, 18, 19, 20, 21]"
1175,Ủa tôm :v,[]
1176,Bài này như lồn,"[12, 13, 14]"
1177,Hello,[]
1178,Lo trả nợ đi nhé mấy con,[]
1179,Thỉnh thoảng lại có địt con mẹ nghe hay vãi lon,"[20, 21, 22, 23, 24, 25, 26, 27, 28, 29, 40, 41, 42, 43, 44, 45, 46]"
1180,Hồ Khang đm câm mồm đi =)),"[9, 10, 12, 13, 14, 15, 16, 17, 18]"
1181,đáng yêu ghê,[]
1182,Nhìn k ưa miếng nào,"[0, 1, 2, 3, 4, 5, 6, 7, 8, 9, 10, 11, 12, 13, 14, 15, 16, 17, 18]"
1183,Đẹp đội hình,[]
1184,Thanh Huyền đấy mình đi trước thời đại rồi,[]
1185,chuong trinh sam lon qu a,"[13, 14, 15, 16, 17, 18, 19]"
1186,Hôm trước thấy bảo 2người Anh này xét nghiệm lần đầu thấy kết quả âm tính mà nhỉ? Rồi xét nghiệm lần 2 3 lại dương tính hay sao mà bệnh nhân này lại lây được từ 2du khach này ?,[]
1187,Giàu quá trời mà nhà cha mẹ anh chị em ở VN ko có lành lặn con cháu nghèo mạt đi làm kiếm từng đồng từng cắt nghe mất ói quá con bóng nổ banh xác,"[68, 69, 70, 71, 72, 73, 74, 75, 76, 114, 115, 116, 117, 118, 119, 125, 126, 127, 128, 129, 130, 131, 132, 134, 135, 136, 137, 138, 139, 140, 141, 142, 143, 144]"
1188,Vợ em mấy anh ơi :)) em lớp trưởng nè,[]
1189,Abe nóng quá,[]
1190,Hello abe,[]
1191,De nhi nha nuoc Tim cach tran tri,[]
1192,"Hmm, Trời đã sinh ra Tuấn tại sao còn sinh ra Tiệp :( haizzz","[5, 6, 7, 8, 9, 10, 11, 12, 13, 14, 15, 16, 17, 18, 19, 20, 21, 22, 23, 24, 25, 26, 27, 28, 29, 30, 31, 32, 33, 34, 35, 36, 37, 38, 39, 40, 41, 42, 43, 44, 45, 46, 47, 48, 49]"
1193,Yep!!! Cố lên❤️❤️,[]
1194,Ủa rùi nào mới chịu hết vậy,[]
1195,"Hazardous là cấp “cực kỳ nguy hiểm”, thằng giáo toang Nguyễn Khắc Ngọc đâu, vô sủa mấy câu tao coi","[37, 38, 39, 40, 41, 48, 49, 50, 51, 52, 79, 80, 81, 91, 92, 93]"
1196,Anh Trong a hay ăn thì để ý vào,[]
1197,Chú hùng và cô tư nha thì ra là hư cấu như nhân vật bác ba phi,[]
1198,Mh o California mun kết bn zalo voi châu. 0919677682.châu kết bn mh nhe,[]
1199,Ngu thì làm mất kệ cmn,"[0, 1, 2, 16, 17, 18, 19, 20, 21]"
1200,Có sổ hộ nghèo nên được miễn giảm lỗi chính tả nhé!,[]
1201,Thần đồng đấy việt quá🤣,[]
1202,"Nl số 1 á, ta thích c trinh nh géc thèn tiệp vãi","[0, 1, 31, 32, 33, 45, 46, 47]"
1203,Anh độ đạp xe chất như nước cất,[]
1204,Võ Thanh Hiền có chứ bạn,[]
1205,Hoàng,[]
1206,Vân Thuỳ xàm vl :)),"[9, 10, 11, 12, 13, 14]"
1207,"Loại này nên bắn, đéo cần bịnh hay không.","[0, 1, 2, 3, 13, 14, 15, 18, 19, 20]"
1208,Chúc bác trần dần thật nhiều sưc khoẻ để bảo vệ đất nước.,[]
1209,"Đéo hiểu ai là bố ai là con trong cái gia đình này , mệt vl đến từ sói gaming","[0, 1, 2, 57, 58]"
1210,"Thắng Ok m chui từ cái lol cho ra nói chuyện như thằng vô học, đmm ai nc vs m nhàu vô đây cắn bậy","[9, 11, 12, 13, 14, 23, 24, 25, 49, 50, 51, 52, 53, 55, 56, 57, 58, 59, 60, 63, 64, 65, 76, 90, 91, 92, 93, 94, 95, 96]"
1211,(!) cánh hoa đây,"[0, 1, 2]"
1212,Mất tiền của dân mua hoạ cho dân. Thiết kế đấy không có vài thảm hoạ giao thông thì hơi phí. Hơn khủng bố rất nhiều!!:(,"[17, 18, 19, 20, 21, 22, 23, 60, 61, 62, 63, 64, 65, 66, 67, 97, 98, 99, 100, 101, 102, 103, 104]"
1213,Moon Nguyễn số đt kìa,[]
1214,Akatski Akashi Nói đúng với nói thật thôi chứ có gì đâu mà anti? Bộ anti đéo có não hay gì mà chuyện vậy cũng nói cho được?,"[73, 74, 75, 76, 77, 78, 79, 80, 81, 82]"
1215,việc đéo gì phải nhường nhịn quyền lợi của mình bị xâm phạm mà,"[5, 6, 7]"
1216,Mẹ kiếp. Công lý của đồng tiền.,"[0, 1, 2, 3, 4, 5, 6]"
1217,"@TheJaboProductions tụi tao là bò đỏ còn tụi bây là chó vàng nhé. Chó vàng lết thử về VN đi, bò đỏ tụi tao húc cho lòi ruột.","[20, 21, 22, 23, 24, 25, 26, 31, 32, 33, 34, 35, 41, 42, 43, 44, 45, 46, 47, 52, 53, 54, 55, 56, 57, 58, 59, 66, 67, 68, 69, 70, 71, 72, 73, 93, 94, 95, 96, 97, 98, 99, 100, 101, 102, 103, 104, 105, 115, 116, 117]"
1218,Ông này diễn hài nói mua vui cho mọi người mà. Đừng chửi ông ấy.,[]
1219,Cang ngay cang ghet tui thp,"[15, 16, 17, 18]"
1220,Tại sao lại đọc vai rớt .vai rớt là gì vậy. Đọc tầm bậy,[]
1221,Mua ở đây nhé các ông,[]
1222,Chưi cho nhiêu vô ơ đai loan nhiêu ngươi băc lăm đo con no đên cho may 1 trân ko cân quy lay đâu nha,"[0, 1, 2, 3, 52, 53, 54, 56, 57, 63, 64, 65, 66, 67, 68, 69, 70, 71, 72, 73, 74, 75, 76, 85, 86, 87, 88, 89, 90, 91]"
1223,"Thực ra cảnh sát HK rất hiền và biết Luật, họ không bao giờ đàn áp nhân dân,chỉ bọn côn đồ mang danh công an của bọn cẩu backinh là bọn vừa quái thai vừa mất dạy để bảo vệ chế độ của chúng, bọn công an nó đàn áp nhân dân HK Xong giờ nó rút về backinh nhận tiền rồi","[80, 81, 82, 83, 84, 85, 86, 87, 88, 89, 113, 114, 115, 117, 118, 119, 132, 133, 134, 140, 141, 142, 143, 144, 145, 146, 147, 148, 154, 155, 156, 157, 158, 159, 160, 183, 184, 185, 186, 187, 190, 191, 192, 202, 203]"
1224,Bác sĩ như vậy thì sẽ được danh hiệu anh hùng liệt sĩ mới đúng,[]
1225,"sao anh Độ sói không đóng MV của MTP nhỉ, nó lại chả sang vãi lồn","[58, 59, 60, 61, 62, 63, 64]"
1226,Học trò của thậy ở khắp nơi:<<,[]
1227,"Hoàng Xuân Tâm mắc cưòi quá haha , cmt này thật hài hước ??",[]
1228,"@Hoàng Phúc Lê mày mới khẩu nghiệp á. Tao đọc cmt mà thấy rõ ai nói chuyện sân si, mất dạy liền. Thứ đàn ông mà nhảy dựng dựng lên chửi trong khi người ta góp ý lịch sự, rồi nói người ta dựng dựng mà không biết nhìn lại bản thân :))) miệng nói mấy từ như đứa thiếu giáo dục, ko khá nổi :D","[15, 16, 17, 23, 24, 25, 26, 27, 28, 29, 30, 31, 32, 33, 38, 39, 40, 75, 76, 77, 78, 79, 80, 83, 84, 85, 86, 87, 88, 89, 97, 98, 99, 112, 113, 114, 115, 116, 117, 118, 119, 120, 121, 122, 123, 124, 125, 131, 132, 133, 134, 187, 188, 189, 190, 191, 192, 193, 194, 195, 200, 201, 202, 203, 204, 205, 206, 207, 208, 209, 210, 211, 212, 213, 214, 215, 216, 217, 218, 219, 220, 221, 222, 223, 224, 225, 226, 227, 255, 256, 257, 258, 259, 260, 261, 262, 263, 264, 265, 266, 267, 268, 269, 270, 271, 272, 275, 276, 277, 278, 279, 280, 281, 282, 283, 284]"
1229,Thứ chúng tôi muốn,[]
1230,Đừng để thời tiết lừa a ạ,[]
1231,Diện Trần vậy là 1386 người yêu thích việc bác sĩ này qua đời à 🤔,[]
1232,Bình thường,[]
1233,hệ thống thủy lợi yếu kém cộng thêm Khựa chơi bẩn bựa thì lụt lội là điều tất nhiên :\,"[36, 37, 38, 39, 41, 42, 43, 44, 45, 46, 47, 48, 49, 50, 51, 52]"
1234,Hi vọng chị Trang k nghe được câu chuyện này,[]
1235,day la mot ong gia dien thoi dai  ong co xau ho khong   ??,"[19, 20, 21, 22, 23, 24, 25, 26, 27, 28, 29, 30, 31, 41, 42, 43, 44, 45, 46]"
1236,Thiên đường,[]
1237,Nguyễn Quốc An nhìn như con đười ươi,"[24, 25, 26, 27, 28, 29, 30, 31, 32, 33, 34, 35]"
1238,Linh Pham Thi để con sắm cho mẹ 1 cây😂,[]
1239,Cáo từ,[]
1240,😂🤣😂👍👍👍😂🤣😂,[]
1241,Quả nhạc thốn đcđ,"[9, 10, 11, 12, 13, 14, 15, 16]"
1242,Sống chậm đi các pro 🤓,[]
1243,"Phải,VN vô số tham nhũng,lại vụ nữa đây,sắp đại hội gì đó","[14, 15, 16, 17, 18, 19, 20, 21, 22, 23]"
1244,Khổ thân anh độ giải này mà nát mấy ông anti lại um lên cho mà xem ... Rồi team lại đủ thứ buồn. Còn ngày mai nữa mong các anh cố gắng,[]
1245,Thành phuong noi quá dung quá chuẩn và quá hay,[]
1246,Quỹ đầu cằc nè mấy em,"[0, 1, 2, 3, 4, 5, 6, 7, 8, 9, 10]"
1247,Cánh hoa gì lạ l.o.n zị nè Nguyễn Mỹ Diễm,"[15, 16, 17, 18, 19]"
1248,"Nhị Thắng ông a chốt hạ câu lên top luôn,vãi cả nồi😂","[41, 42, 43, 44, 45, 46, 47, 48, 49, 50]"
1249,Thà bợ đít cs chứ ko bợ đít lủ chó chúng mày,"[5, 6, 7, 8, 9, 10, 11, 12, 13, 14, 15, 25, 26, 27, 28, 29, 30, 31, 32, 34, 35, 36, 37, 38, 39, 40, 41, 42, 43, 44, 45, 46, 47, 48, 49, 50, 51, 52, 53]"
1250,Tưởng khỉ 🐒 muốn chịt lúc nào cũng được chứ - hè với đông cũng chịt chịt đụ đụ với nhau đúng khung giờ bố đi nhậu,"[17, 18, 19, 20, 63, 64, 65, 66, 67, 68, 69, 70, 71, 72, 73, 74, 75, 76, 77, 103, 104]"
1251,cdm,"[0, 1, 2]"
1252,Phương Linh Mai Anh trend đây nè haah,[]
1253,Quân tâm ae có link xem chưa bao phê luôn ae ơi,[]
1254,Lý Thành Công phục cái máu lồn,"[23, 24, 25, 26, 27, 28, 29]"
1255,Cc  3 m,"[0, 1, 6]"
1256,chúng nó ăn ghê vạy...chứ đè đầu bắt tù ngay thằng nào dám dành ăn với nó ! cho dù là bán phở !,"[0, 1, 2, 3, 4, 5, 6, 7, 9, 10, 37, 38, 45, 46, 47, 48, 49, 64, 65, 71, 72]"
1257,Thầy sử lí pha này hay quá =))),[]
1258,Cô này có quá cảnh ở sân bay Inchen HQ rồi mới qua sân bay Quatar mà lại không thành thật khai báo :) 1 tuần trước HQ thành ổ dịch mà cô vẫn không khai báo :) Thì ra vô ý thức không chừa một độ tuổi nào cả :) Hi vọng nhà nước share thông tin để né,"[166, 167, 168, 169, 170, 171, 172, 173, 174, 175, 176, 177, 178, 179, 180, 181, 182, 183, 184, 185, 186, 187, 188, 189, 190, 191, 192, 193, 194, 195, 196, 197, 198, 199, 200, 201]"
1259,Ad m éo làm đc cái chi mà tối ngày đi vạch lá tìm sâu mà nói! Có tài thì bỏ face và làm j đó thực tế đi.,"[3, 5, 6]"
1260,Vừa xài vừa sạc mất tay như chơi 😑,[]
1261,Vũ Ngọc Yến page anh tớ đây hahaa. Xem mấy vdeo trg page ý,[]
1262,buồn thực sự,[]
1263,Quang Minh xạo lồn vừa phải 🤣🤣🤣,"[11, 12, 13, 14, 15, 16, 17]"
1264,"Thương anh í quá, sao chính quyền không cho ông cách ly ở nhà tang lễ cho tiện nhang đèn, hòm gỗ kèm nến lung linh cho ấm áp!","[48, 49, 50, 51, 52, 53, 54, 55, 56, 57, 58, 59, 60, 61, 62, 63, 64, 65, 66, 67, 68]"
1265,B52,[]
1266,hàng nóng,[]
1267,Thuốc lào đếy :))),[]
1268,"Trần Tân Kiệt Đây là một lần thử sức với phong cách mới mà, lời nếu ko bật sub thì hơi khó nghe thật nhưng mà bật sub lên lời vẫn rất hoa mĩ và đậm chất miền tây nhé",[]
1269,"Lá lành đùm lá rách là ở đó. Tiền thuế người giàu ""đùm"" người kém may mắn. Đó cũng là tư tưởng của mọi đảng chính trị thế giới, và điều nực cười nhất đó là Đảng Cộng sản nỗi dậy vì các tư tưởng bảo vệ người nghèo, người kém may mắn. Nhưng khi nắm quyền thì họ lật lộng. VN cũng có câu hay về những người đó: ""quẹt mỏ như gà"".","[260, 261, 262, 263, 264, 265, 266, 267, 309, 310, 311, 312, 313, 314, 315, 316, 317, 318, 319, 320, 321, 322, 323]"
1270,Hợp lý,[]
1271,Quá là hợp lí,[]
1272,NÓI SAO CON LINH NÓ KHÔNG CHỬI ĐIỆN THOẠI LẠI CHỬI NGƯỜI TA TỤC TĨU,"[8, 9, 10, 17, 18, 26, 27, 28, 29, 60, 61, 62, 63, 64, 65, 66]"
1273,Hề già,"[0, 1, 2, 3, 4, 5]"
1274,Trần Dần đã giác ngộ lí tưởng của đảng,[]
1275,"Tui nghĩ là xe Merc sẽ có camera hành trình phía sau lưu lại xe nào quay được cảnh này. Tội cắt ghép clip này là bôi nhọ lãnh đạo, vu khống, xuyên tạc chứ ít gì.",[]
1276,Nó bóng mà sao đẻ đc bạn,"[0, 1, 3, 4, 5, 6]"
1277,Học anh ba có mà chớt :3,[]
1278,Em nói chuyện có duyên quá em,[]
1279,Ê lũ ducanger vào xem thành tích cm ngày xưa này,"[2, 3, 4, 5, 6, 7, 8, 9, 10, 11, 12, 33, 34]"
1280,Đón tết tây sớm nè các bạn ^^,[]
1281,chán luôn,[]
1282,Phan Thị Mỹ Dung,[]
1283,1tr súp rồi nhớ giữ lời hứa năm xưa nha thầy,[]
1284,Thằng ad chắc theo công giáo nên suốt ngày thiên đường,"[0, 1, 2, 3, 4, 14, 15, 16, 17, 18, 19, 20, 21, 22, 23, 24, 25, 26, 27, 28, 29, 30, 31, 32, 33, 34, 35, 36, 37, 38, 39, 40, 41, 42, 43, 44, 45, 46, 47, 48, 49, 50, 51, 52, 53]"
1285,Hay quá aba ơi thưởng cho cái thơm má nè,[]
1286,Ôi đm xoạc háng ra đọc hết cái cmt thì đau cả cứt,"[3, 4, 6, 7, 8, 9, 10, 11, 12, 13, 14, 46, 47, 48]"
1287,Trend như con cật cũng đi đú,"[10, 11, 12, 13, 14, 15, 16, 26, 27]"
1288,"Duyên mà thật thà quá, yêu cô",[]
1289,bán linh hồn và não cho quỷ r thất vọng làm j =)),"[0, 1, 2, 3, 4, 5, 6, 7, 8, 9, 10, 11, 12, 13, 14, 15, 16, 17, 18, 19, 20, 21, 22, 23, 24, 25, 26]"
1290,Tưởng a lên tiếng gì chứ. Hoá ra giữ thể diện à. Đúng là người hay nói triết lí thì sống như... vẫn phải nói là dạo này a lọt top show chart chỉ sau 20 du khách hàn quốc thôi ạ,"[33, 34, 35, 36, 37, 38, 39, 40, 41, 42, 43, 44, 67, 68, 69, 70, 71, 72, 73, 74, 75, 76, 77, 78, 79, 80, 81, 82, 83, 84, 85, 86, 87, 88, 89, 90, 91]"
1291,Nguyễn Châu Gia Bảo giờ có cho vé free tui củng méo đi đâu hết tụi này bị điên hay gì á chứ ng thường ai mà ngu động trời như vậy.,"[48, 49, 50, 63, 64, 65, 74, 75, 76, 77, 108, 109, 110, 111, 112, 113, 114, 115, 116, 117, 118, 119, 120]"
1292,Vậy là ngay gần nhà mình mà có những kẻ tồi tệ vậy sao! Hại người sẽ thành hại chính mình thôi.,"[37, 38, 39, 40, 41, 42, 43, 44, 45, 56, 57, 58, 75, 76, 77]"
1293,Huỳnh Đạt haha 😂,[]
1294,"mình ở TPHCM ai biết trung tâm nào dạy tiếng Hoa tốt tốt chỉ mình với,học lẹ ko thì ko kịp :'(",[]
1295,E đang học xem lén thầy và cái kết về nhà xem luôn 😂,[]
1296,Tàu khựa tào lao,"[0, 1, 2, 3, 4, 5, 6, 7, 9, 10, 11, 12, 13, 14, 15]"
1297,"Giữa hàng bao nhiêu người Fan Cứng như thế này thì % chắc là 1% mất =))) Huhuhuhu thật buồn, nhma cũng hy vọng=))",[]
1298,Cực kì thuyết phục😄,[]
1299,"Bênh bênh cl nè,ahihi <("")","[10, 11]"
1300,"2 từ giống nhau ák bạn, tùy địa phương, tùy người dùng thôi",[]
1301,Tâm Ngô e ko thích ăn con này. nướng lên ăn có mùi khét khét ko ngon,[]
1302,Đcm tướng mà giờ chơi loto để hy vọng. Vãi cả ...,"[0, 1, 2]"
1303,Tùng sói thíchhh ghee nta có ảnh ọt là vui r,[]
1304,Tặng anh cả 5 bông hoa đấy😗,[]
1305,1 con chó dlv cho hay :)),"[6, 7, 8]"
1306,Vl anh em nhà ông độ đông thế cơ à =)) giống nhau y sì,"[0, 1]"
1307,Vậy trc h là con Bóng Long Xiên??,"[13, 14, 15, 16, 17, 18, 19, 20]"
1308,Nghĩa là vào đây thì cần lồn gì phải nói chuyện lịch sự hả Add ?? :))),"[25, 26, 27]"
1309,Hải Yến đéo care cmt ăn lốn màu à con điên,"[8, 9, 10, 24, 25, 26, 27, 28, 29, 30, 34, 35, 36, 37, 38, 39, 40, 41]"
1310,"ông khác với các vị tù khác ở chỗ là ông chẳng khổ như họ ở tù, quan chức ở tù cũng sướng.. có trà bưng nước rót, ở phòng riêng, người nhà vô chơi thoải mái..","[17, 18, 19, 20, 21, 64, 65, 66, 67, 68, 69, 70, 71, 72, 73, 74, 75, 76, 77, 78, 79, 80, 81, 82, 83, 84, 85, 86, 87, 88, 89, 90, 91, 92, 93, 94, 95, 96, 97, 98, 99, 100, 101, 102, 103, 104, 105, 106, 107, 108, 109, 110, 111, 112, 113, 114, 115, 116, 117, 118, 119, 120, 121, 122, 123, 124, 125, 126, 127, 128, 129, 130, 131, 132, 133, 134, 135, 136, 137, 138, 139, 140, 141, 142, 143, 144, 145, 146, 147, 148, 149, 150, 151, 152, 153, 154, 155]"
1311,Thế giờ Ad có chỉ đc tui xem NN này có ccc gì mặt tốt không? Có mới sợ đó =)),"[39, 40, 41]"
1312,Bớ người ta tư bản hùa bưng bô tung hô CS :)),"[27, 28, 29, 30, 31, 32, 33]"
1313,Còn câu nào khó hơn không,[]
1314,Thương anh mong anh chết sớm cho đất nước bớt đi một loại phân,"[20, 21, 22, 23, 42, 43, 44, 45, 46, 47, 48, 49, 50, 51, 52, 53, 54, 55, 56, 57, 58, 59, 60, 61]"
1315,Đạt chân có vẻ nuột nhưng tay kìa,[]
1316,Thuy Anh :))) quá được ý chứ,[]
1317,Chán thầy,[]
1318,":)) vấn đề sang đấy làm đc cơm cháo gì hay lại ăn bám trợ cấp, làm nail với culi như cái đám đu càng thọt mà ra rả kêu gửi tiền về nước nghe to tát quá hihi","[20, 21, 22, 23, 24, 25, 26, 27, 28, 29, 30, 31, 32, 33, 34, 35, 36, 37, 47, 48, 49, 50, 51, 52, 63, 64, 65, 66, 67, 68, 69, 70, 76, 77, 78, 79, 85, 86, 87, 88, 89, 90, 91, 92, 93, 94, 95, 96, 97, 98, 99, 100, 101, 102, 103, 104, 109, 110, 111, 112, 113, 141, 142, 143, 144, 145, 146]"
1319,Ôi đm 😂,"[3, 4]"
1320,"Con này ko bị mới lạ, may mà về sớm đấy","[0, 1, 2]"
1321,Linh Pig trend đó,[]
1322,3-4tr bán còn 300k đến 400k ... nói xạo nói ngu còn nói cho to ... lên mặt dạy đời bán hàng dễ thương :))) mồm mày ngày thường ăn phải gai tre nên giờ tối lại xộn lào ak :v,"[36, 37, 38, 44, 45, 46, 67, 68, 69, 70, 71, 72, 73, 74, 75, 76, 77, 78, 79, 80, 81, 107, 108, 109, 110, 111, 112, 113, 127, 128, 129, 130, 131, 132, 133, 134, 135, 136, 137, 138, 139, 140, 141, 159, 160, 161, 162, 163, 164, 165]"
1323,Nguyễn Văn Nhã kệ bn đi b...mệt lắm =)),[]
1324,Gr nhảm lol chuyên soi mói đời tư ng khác câu like,"[3, 4, 5, 6, 7, 8, 9, 10, 19, 20, 21, 22, 23, 24, 25, 42, 43, 44, 45, 46, 47, 48, 49]"
1325,bị chịch,"[3, 4, 5, 6, 7]"
1326,Đi sau Việt Nam hàng thập kỉ,[]
1327,Cô siêu dễ thương😆,[]
1328,Đm ads phản động nhé !! Các bạn Cơm Sườn đói là thích các bạn ấy làm thôi :3,"[0, 1, 7, 8, 9, 10, 11, 12, 13, 14, 15, 32, 33, 34, 35, 36, 37, 38, 39]"
1329,Dm...thằng assmin phản lại cái động...gác máy cái mả cụ mày...sao mày không nghĩ dây dt bị cá mập cắn...dm...,"[0, 1, 5, 6, 7, 8, 9, 10, 11, 12, 13, 14, 15, 16, 18, 19, 20, 21, 22, 23, 24, 25, 26, 27, 28, 29, 30, 31, 32, 33, 34, 50, 51, 52, 53, 54, 55, 56, 57, 58, 66, 67, 68, 104, 105]"
1330,Phải con được một phần nào cũng đỡ 😑,[]
1331,Bui Hoang lại mất quan điểm,[]
1332,Nguyễn Văn Nam mình cũng vẽ nhưng vẽ máy😀,[]
1333,đm may tien cho qa mỹ ma giut no cô minh hiếu 100 may truc triệu,"[0, 1, 2, 3, 4, 5, 30, 31]"
1334,Giống như tú cho abe blu,[]
1335,ngứa bà cẹt ghê 😌,"[0, 1, 2, 3, 4, 5, 6, 7, 8, 9, 10, 16]"
1336,Lên youtube seach dương trung quốc chất vấn Nguyễn tấn dũng,[]
1337,Nè :3,[]
1338,Nguyễn Phương Nam chó,"[18, 19, 20]"
1339,Hoài Giang thành trend rồi kìa,[]
1340,Con nay da vo mat no cho đa,"[0, 1, 2, 8, 9, 18, 19]"
1341,Nhà có mấy kg cá mắm để lâu nên chắc cũng đủ khắm với trình của thắm...chính thức cần chịch đứa ad này và tặng nó lô cá mang chửi thuê cho xứng với nghề :v,"[50, 51, 52, 53, 54, 55, 56, 57, 58, 59, 60, 61, 62, 63, 64, 65, 66, 67, 68, 69, 70, 71, 72, 73, 74, 75, 76, 77, 78, 79, 80, 81, 103, 104, 105, 106, 107, 108, 149, 150, 151, 152, 153, 154, 155, 156, 157, 158]"
1342,Iu cô,[]
1343,a hihi lũ chó lợn thích thủ dâm ở đây nhỉ,"[7, 8, 9, 10, 11, 12, 13, 14, 15, 16, 24, 25, 26, 27, 28, 29, 30]"
1344,Bua nao ve sai gon gap em nha em.,[]
1345,Tàu Hủ bản lĩnh lấy nick chính ra sủa nữa đừng lấy nick face clmmm,"[34, 35, 36, 61, 62, 63, 64, 65]"
1346,Phương Minn ngộ nghĩnh nhỉ lạ lone nhỉ ? Rõ ràng cố tình tạo phốt để bán hàng online :))) mà làm như hay lắm . Sống dơ v ai mua đồ cho trời .,"[30, 31, 32, 33, 116, 117]"
1347,Có ai chờ mãi tập này như tui hông,[]
1348,có 1 sự thật rằng nếu THP ko có nhiều tiền thì anh Minh sẽ ko ngồi tù ! Oke !Nếu THP ko có nhiều tiền thì giám định cái chai nó khác đi !,[]
1349,Văn Đông,[]
1350,Cưng 😍,[]
1351,Nhờ mọi người kiếm con này rạch mồm nó ra,"[19, 20, 21, 27, 28, 29, 30, 32, 33, 34, 36, 37]"
1352,Mèo chứ ai,[]
1353,@Phuong Tran kkkk,[]
1354,Chị nầy mình bảo đảm là vàng thật nha mọi ng,[]
1355,Sắm đồ tết thui các bạn🥰🥰🥰,[]
1356,có anh oiiiii :bb,[]
1357,Thôi đi thím cán bọi bị bắt thì phải mất vài trăm triệu chạy án thì mới mong yên ổn =)),[]
1358,Lừa dối khách hàng,"[0, 1, 2, 3, 4, 5, 6]"
1359,"Hay, chính quyền VN rất có tính giải trí. Nhưng ngặc một nỗi, sự độc ác của nó thì là thật và không giải trí tí nào cả.","[5, 6, 7, 8, 9, 10, 11, 12, 13, 14, 15, 16, 17, 18, 19, 20, 21, 22, 23, 24, 25, 26, 27, 28, 29, 30, 31, 32, 33, 34, 35, 36, 37, 38, 39, 65, 66, 67, 68, 69, 70, 76, 77]"
1360,Ngứa mắt vc :v,"[0, 1, 2, 3, 4, 5, 6, 7, 9, 10]"
1361,Giết người dấu tay đây mà,"[0, 1, 2, 3, 4, 5, 6, 7, 8, 9, 10, 11, 12, 13, 14, 15, 16, 17]"
1362,Trung cọc quá zậy =))),[]
1363,"Cảnh sát cơ động nước văn minh dân chủ nhiệm vụ chính của họ là giữ trật tự an ninh, ngăn chặn những người biểu tình quá khích trong khi cảnh sát cơ động Việt Nam thì chuyên đi cướp hiếp dân lành ,cướp đất. CSCĐ = Cảnh sát cướp đất hoặc sâu xa là Cộng sản cướp đất.","[177, 178, 179, 180, 182, 183, 184, 185, 197, 198, 199, 200, 214, 215, 216, 217, 218, 219, 220, 221, 222, 223, 224, 225, 226, 227, 228, 229, 230, 247, 248, 249, 250, 251, 252, 253, 254, 255, 256, 257, 258, 259, 260, 261, 262, 263]"
1364,Ủa ngộ gê hen😄,[]
1365,Thầy tui ơi 😆😆,[]
1366,đc anh ưiiiii,[]
1367,có cứt,"[3, 4, 5]"
1368,sao ngu v bên kia éo chữa hiểu chưa con ngu,"[4, 5, 6, 18, 19, 36, 37, 38, 39, 40, 41, 42]"
1369,Thôi đi con đi cho nieu mày giao quá mà làm thấy mộ noi đo đi,"[8, 9, 10, 11, 12, 13, 14, 15, 16, 17, 24, 25, 26, 49, 50, 51, 52, 53, 54]"
1370,Nguyen Hoang Quoc Bao Đoan Trinh hình cánh hoa nhe,[]
1371,Loại này thả nó và khu bảo tồn thiên nhiên cho về với giống loài của nó chứ ng Việt Nam ta có cùng giống loài vời hắn dc đâu🙂,"[9, 10, 11, 12, 13, 14, 15, 16, 17, 18, 19, 20, 21, 22, 23, 24, 25, 26, 27, 28, 29, 30, 31, 32, 33, 34, 35, 36, 37, 38, 39, 40, 41, 42, 43, 44, 45, 46, 47, 48, 49, 50, 51, 52, 53, 54, 55, 56, 57, 58, 59, 60, 61, 62, 63, 64, 65, 66, 67, 68, 69, 70, 114, 115, 116]"
1372,"Hội bảo vệ trẻ em - phụ nữ tiêu tốn ngân sách 1 năm bao nhiêu tỷ, có làm được trò gì không ? Bao nhiêu trẻ em bị bạo hành, lạm dụng , phụ nữ bị hành hạ đéll bao giờ thấy hội thối đấy ra mặt bảo vệ","[113, 114, 115, 116, 117, 118, 119, 120, 123, 124, 125, 126, 127, 128, 129, 130, 144, 145, 146, 147, 148, 149, 150, 152, 153, 154, 155, 174, 175, 176, 177]"
1373,Báo giao thông thì một phe. Chúng đăng báo để dắt mũi dư luận.nhưng toàn dân đã ko còn tinh cs nửa rồi. Một ngày ko xa cả nc sẽ đứng lên thay đổi cs,"[28, 29, 30, 31, 32, 46, 47, 48, 49, 50, 51, 52, 53, 54, 55, 56, 57, 58, 59, 60, 68, 69, 70, 71, 72, 73, 74, 75, 76, 77, 78, 79, 80, 81, 82, 83, 84, 85, 86, 87, 88, 89, 90, 91, 92, 93]"
1374,"Tiết mục thư giãn cuối tuần của Phobolsa TV.  Zâng, tâc ziêng là rất hay!",[]
1375,Khả năng thằng ad chỉ có thế. Thông cảm,"[9, 10, 11, 12, 13]"
1376,Ảnh gốc,[]
1377,Anh độ ơi ngái dứa vailon,"[10, 11, 12, 13, 14, 15, 16, 17, 19, 20, 21, 22, 23, 24]"
1378,"Oày,chức quyền đều mua thì biết cái quái gì mà bảo sao không phát biểu theo kiểu ""ngu học"" thế được.Mang tiếng giám đốc sở xây dựng mà một tí chuyên môn nghiệp vụ thì cũng dần dần hiểu ra bỏ bao nhiêu là ""tiền"" cho cái chức đó rồi đó.Phát cho bé 1 phiếu vì sự ""ngu dốt"" của bé :))","[36, 37, 38, 39, 82, 83, 84, 85, 86, 87, 88, 243, 244, 261, 262, 263, 264, 265, 266, 267, 274, 275]"
1379,Thế này mới yêu,[]
1380,ngon cc anh chào em câu đi đốt nhà đấy,"[5, 6, 27, 28, 29, 30, 31, 32, 33]"
1381,Cây atm đến từ cao lãnh :)),[]
1382,Lê Hoàng Trọng xin video,[]
1383,cô duyên dáng quá luôn á 😍❤️❤️❤️,[]
1384,Phạm Văn Lộc vãi lol lộc,"[13, 14, 15, 16, 17, 18, 19]"
1385,1 tỷ là tấm vải chùi lon nhưng chị 3 đâu có lon đâu mà chùi tới 1ty,"[21, 22, 23, 44, 45, 46]"
1386,"Paula Lưu người miền đéo nào mà chả ăn cơm , ông này bị hài à ? dựa vào thịt chó chỉ là cái cớ để phân biệt vùng miền :/ không bằng cả con chó rách","[21, 22, 23, 98, 99, 100, 101, 102, 103, 104, 105, 106, 107, 108, 109, 110, 111, 112, 113, 114, 115, 116, 139, 140, 141, 142, 143, 144, 145, 146]"
1387,"Nhìn mấy fan trẩu vào bênh hài vl, ng ta nghe k đc thì ngta nói k đc chứ ngta có chửi idol tụi m đâu mà xù lông lên, m bật nhạc jack lên cho ba mẹ tụi m ông bà m nghe đi, thử ba mẹ ông bà m có chê thì m có chửi ba mẹ m k","[13, 14, 15, 16, 31, 32, 81, 82, 83, 84, 91, 92, 93, 94, 95, 104, 105, 106, 107, 108, 109, 110, 117, 147, 148, 149, 150, 151, 160, 188, 201, 206, 207, 208, 209, 217]"
1388,Hợp lý anh ưiii:)),[]
1389,Em bữa nay đẹp quá,[]
1390,"Ngoài bệnh kiêu ngạo , tự hào dân tộc ảo tưởng . Thì còn bệnh hùa theo phong trào , luôn coi tư tưởng của số đông , miệt thị cá nhân khác biệt . Những đứa "" phản động "" như mình , khi phát biểu suy nghĩ cá nhân , luôn có sẵn 1 tiểu đoàn bò đỏ cuồng cộng trực chờ nhảy vào mồm tổng sỉ vả mình ^_^","[11, 12, 13, 14, 15, 16, 17, 18, 19, 38, 39, 40, 41, 42, 43, 44, 45, 62, 63, 64, 116, 117, 118, 119, 120, 121, 122, 123, 157, 158, 159, 160, 161, 162, 163, 164, 165, 237, 238, 239, 240, 241, 243, 244, 245, 246, 247, 248, 249, 250, 251, 252, 272, 273, 274, 281, 282, 283, 284, 285]"
1391,"Hay quá , bác ấy , nói quá tuyệt vời (y)",[]
1392,Phúc Báo dịch thì sát đít mà đi du lịch như đéo có chuyện gì rồi mang về Việt Nam đéo hiểu mấy đĩ nhà giàu này,"[22, 23, 24, 44, 45, 46, 82, 83, 84, 95, 96, 97, 98, 99, 100, 101, 102, 103, 104, 105]"
1393,Này khẩu phật tâm xà,"[4, 5, 6, 7, 8, 9, 10, 11, 12, 13, 14, 15, 16, 17, 18, 19]"
1394,Anh bán hết nhé,[]
1395,Coi này để bít ông Hùng với bà Tư Nha . Thì ra chỉ là trong truyền thuyết kkkkkk,[]
1396,Mình đang tìm một con bò đặc điểm nhận dạng nó kêu cực kì thuyết phục nha có hậu tạ :;),"[18, 19, 20, 21, 22, 23, 44, 45]"
1397,Dcmm cmt bài viết của bố ăn lozz ak cut,"[0, 1, 2, 3, 22, 23, 28, 29, 30, 31, 36, 37, 38]"
1398,Lon ma m nka,"[0, 1, 2, 3, 4, 5, 6, 7]"
1399,Toàn lũ não phẳng.......thấy cái biển số xanh là loại xe dc ưu tiên làm công vụ.....đèn đỏ dc vượt...đường cấm cũng dc chạy mà.....tụi bây ngu dữ vậy! Đéo bik ất giáp thì câm mỏ lại.....lâu lâu lụm dc tấm hình đéo liên quan cc j cũng nhảy lên như chó điên...vô cmt giống như đúng rồi....cả thằng ad cũng hình người mà óc chó!!!,"[5, 6, 8, 9, 10, 11, 12, 13, 14, 15, 16, 131, 132, 133, 134, 135, 136, 137, 139, 140, 141, 151, 152, 153, 171, 172, 173, 175, 176, 210, 211, 212, 224, 225, 234, 235, 236, 237, 238, 239, 240, 241, 242, 243, 244, 245, 246, 247, 248, 249, 250, 251, 252, 253, 254, 271, 272, 273, 274, 275, 276, 277, 278, 279, 280, 281, 282, 290, 291, 292, 293, 294, 304, 305, 306, 307, 308, 309, 310, 311, 312, 313, 314, 315, 316, 317, 318, 319, 320, 321, 322, 323]"
1400,Ý kiến cái củ cải . Lên phường mau,"[11, 12, 13, 14, 15, 16]"
1401,Thầy xạo lol . 🙂,"[5, 6, 7, 8, 9, 10, 11]"
1402,Á đổi cap nhé,[]
1403,Mạo danh Trần Dần hả ?,[]
1404,Khi nào chính thức về với mẫu quốc đảng nô nhớ thông báo trên vtv nha.,"[35, 36, 37, 38, 39, 40, 41]"
1405,Con thuong co ba,[]
1406,"Cave chịch đc tiền, làm thiếp bị chịch free rồi còn đc đè đầu cưỡi cổ nữa :)))","[0, 1, 2, 3, 5, 6, 7, 8, 9, 33, 34, 35, 36, 37, 55, 56, 57, 58, 59, 60, 61, 62, 63, 64, 65, 66, 67, 68]"
1407,Thanh Thảo Rùa Loan Đỗ Khánh Huyền Trần Thu Trang team nhận lương sau tết,[]
1408,8:32 6:51,[]
1409,Kim Tiêm,[]
1410,. Vcl,"[2, 3, 4]"
1411,Minh Đức ho thôi chứ hay thì em k có nha,[]
1412,Khổ bl,[]
1413,Tức vl,"[4, 5]"
1414,Chúng mày điên hết rồiiiii,"[0, 1, 2, 3, 4, 5, 6, 7, 8, 10, 11, 12, 13]"
1415,D' Đức d hiểu nhìn cái hình là cừ ỉa,"[7, 34, 35]"
1416,Cà khịa :)))),[]
1417,Đề nghĩ mấy đứa rich kids não phẳng ngoài Hà Nội bớt hãm lone bênh con điên kia! Tao muốn bay ra vả cho mỗi đứa một phát vào mõm!,"[26, 27, 28, 29, 30, 31, 32, 33, 34, 53, 54, 55, 56, 57, 58, 59, 60, 67, 68, 69, 70, 71, 72, 73, 74, 81, 82, 83, 97, 98, 108, 109, 110, 125, 126, 127]"
1418,"Nói chứ nó rẫy chết mà tại chưa thấy thôi , nó giấu đó , một thanh niên cuồng cộng cho biết :))","[8, 9, 11, 12, 13, 14, 15, 16, 17, 18, 44, 45, 72, 73, 74, 75, 76]"
1419,Thuyết cc,"[7, 8]"
1420,Cha khùng này vẫn còn tự nhận mình là tiên tri vũ trụ à :)),"[0, 1, 2, 3, 4, 5, 6, 7, 8]"
1421,“Nhưng bình yên của anh ở nơi mà tim em giấu...” 😁,[]
1422,.!,[]
1423,Ai lớp du chu cờ mo cô minh hiếu,[]
1424,Đoán đéo trượt phát nào là K-ATM đứng đầu mà,"[5, 6, 7]"
1425,Mơ đê,[]
1426,Phạm Nguyễn Cát Vy cljv con,"[19, 20, 21, 22, 24, 25, 26]"
1427,"Vãi cả 84% ==""","[0, 1, 2]"
1428,"Tâm Nguyễn Bỏ mớ tiền ra thuê hẳn một cái máy bay riêng , đi 1 mình thì lây ai , lây cho con mẹ bạn à ? Thông tin trên google sợt là ra cũng đéo chịu tìm hiểu , vào đây chửi adua phong trào . \""Đạo đức rách\"" mà cứ ngồi đấy mà nói đạo lý .","[89, 90, 91, 92, 93, 94, 141, 142, 143, 169, 170, 171, 172, 174, 175, 176, 177, 194, 195, 196, 197, 198, 199, 200, 201, 202, 203, 204, 205, 212, 213, 214, 215, 216, 217, 218, 219, 220, 221, 222, 223, 224, 225, 226, 227, 228, 229, 230, 231, 232, 233, 234, 235, 236]"
1429,Nguyễn Xuân Bắc trend nhảm Vl,"[22, 23, 24, 25, 26, 27, 28]"
1430,cực kì thuyết phục 😁,[]
1431,"Cứ mỗi ngày lại có thêm ca nhiễm :)) Mong chị Nhung sớm khoẻ, mặc áo kẻ vào tù ăn thịt nướng rắc muối cho sang miệng 🖕🏻","[72, 73, 74, 75, 76, 77, 117, 118]"
1432,Nhìn vô phục nhưng rất thuyết lý :>>,[]
1433,Aba hát hay quá!!! Nghe xong xỉu luôn,[]
1434,Cai miệng nói không sợ bị hậu quả,"[10, 11, 12, 13, 14, 15, 16, 17, 18, 19, 20, 21, 22, 23, 24, 25, 26, 27, 28, 29, 30, 31, 32]"
1435,Vừa tăng lương phát biết ngay,[]
1436,đấm xàm loinf,"[0, 1, 2, 4, 5, 6, 7, 8, 9, 10, 11, 12]"
1437,Lưu Thị Phương Thảo em cũng sợ quá.cô cho em ôm cho đỡ sợ được không ạ 😢😢😢,[]
1438,Nhung ơi Nhung ra đây mà xem nè em :) xem em đã làm j cho đất nước nè :),[]
1439,"Đất nước sẽ đi đâu về đâu khi đám bộ trưởng, tổ trưởng tổ tư vấn của thủ tướng toàn là đám vô học, lưu manh giả danh trí thức, thời đại súc vật lãnh đạo con người đây mà","[30, 31, 32, 87, 88, 89, 91, 92, 93, 94, 95, 96, 99, 100, 101, 102, 103, 104, 105, 106, 107, 108, 109, 110, 111, 112, 113, 114, 115, 116, 117, 118, 119, 120, 121, 122, 123, 124, 136, 137, 138, 139, 140, 141, 142]"
1440,Đệt! =)),"[0, 1, 2]"
1441,Khùng khí chuột,"[0, 1, 2, 3, 4, 5, 6, 7, 8, 9, 10, 11, 12, 13, 14]"
1442,Chị Trang nhìn dễ thương thực sự 😆😆😆,[]
1443,Quang Minh best xiaolin :v,"[16, 17, 18, 19, 20, 21, 22]"
1444,"Thử một lần tỏ tình, và cũng một lần bị đau",[]
1445,Dô con di mây ngon lâm ma,"[3, 4, 5, 6, 7, 8, 10, 11, 12]"
1446,Thằng assmin cút wa mĩ sống mày...( thay đồ đi lãnh 3 củ đây)...,"[0, 1, 2, 3, 4, 5, 6, 7, 8, 9, 10, 11, 13, 14, 15, 28, 29, 30]"
1447,Không biết dân mình khi nào mới thoát khỏi sự cai trị này,"[11, 12, 13, 14, 15, 16, 17, 18, 19, 20, 21, 22, 23, 24, 25, 26, 27, 28, 29, 30, 31, 32, 33, 34, 35, 36, 37, 38, 39, 40, 41, 42, 43, 44, 45, 46, 47, 48, 49, 50, 51, 52]"
1448,0777704402. Dt cua con do.,[]
1449,Trần Vỹ mày có đi học phải biết phân biệt đâu là đạo nhái đáng khinh chứ,"[8, 9, 10, 49, 50, 51, 52, 53, 54, 55, 56, 58, 59, 60, 61, 62, 63, 64, 65, 66, 67]"
1450,"Chịu khó đọc báo dùm. Tiền xây tượng do dân địa phương đóng góp. Nguyên nhân tháo dở là do xây dựg ko xin phép cơ quan sở tại. Vải lại đag trong quá trình xây dựng nhé. Ko lẻ mấy lủ ngu các người xây nhà kiểu Âu Mỹ mà ko xin phép, bị cơ quan thẩm quyền tháo dở. Lủ ngu lại riêu rao: Do xây nhà theo kiểu tư bản nên bị chính quyền ngăn cấm àk? Lên mạng chi mà ko khôn ra được, thằng ad page này có vấn đề về nảo bộ","[0, 1, 2, 3, 4, 5, 6, 7, 8, 9, 10, 11, 12, 13, 14, 15, 16, 17, 18, 19, 179, 180, 181, 182, 183, 184, 185, 186, 187, 188, 189, 190, 191, 192, 193, 194, 262, 263, 264, 265, 266, 267, 273, 274, 275, 276, 277, 278, 279, 280, 359, 360, 361, 362, 363, 364, 365, 366, 367, 368, 376, 377, 378, 379, 380, 394, 395, 396, 397, 398, 399, 400, 401, 402, 403, 404, 405, 406, 407, 408, 409, 410, 411, 412]"
1451,Chưa viết thành Mê Cung là khá rồi. Mà cái thằng soạn thư này chắc cũng không biết Mê Công là cái thứ gì. Thằng ký thì cứ ký!,"[43, 44, 45, 46, 47, 106, 107, 108, 109, 110]"
1452,"Nguyễn Jonh thật ra Mỹ chỉ chống học thuyết cộng sản nói riêng và những nước gây bất ổn cho thế giới, chứ Mỹ ko xem độc tài như kẻ thù bất cộng đái thiên nếu loại độc tài đó chỉ làm khổ dân nước đó mà ko ảnh hưởng đến dân nước Mỹ. Đến giờ các quốc gia",[]
1453,Bác Trần Dần tuyệt vời!,[]
1454,Con đĩ này bóng lộ nè,"[0, 1, 2, 3, 4, 5, 11, 12, 13, 14, 15, 16, 17]"
1455,đm thề chưa bao giờ xem phim mà ngủ =)) đây là lần đầu,"[0, 1, 3, 4, 5]"
1456,Chị ơi e nghèo nè chị. Làm cong nhân không dũ ăn nè,[]
1457,“Cộng đồng mạng “thế lực vô cùng :))),[]
1458,"Địt mẹ đến là hài, cướp như thế mà nó chỉ bắt vì tội gây rối trật tự công cộng. Cái tội này là tội máu lồn nhất. Dân oan đi khiếu kiện nó cũng vu cho người ta tội này được, rồi thì thanh niên ra quảng trường chơi chúng nó cũng vu tội này...Nhưng tuyệt nhiên chúng nó cho lũ an ninh, dlv đánh người giữa phố thì đéo thấy tội này đâu.","[0, 1, 2, 3, 4, 5, 19, 20, 21, 22, 35, 36, 99, 100, 101, 102, 103, 104, 105, 135, 136, 219, 220, 258, 259, 260, 261, 262, 263, 264, 265, 271, 272, 287, 288, 289, 290, 291, 292, 293, 294, 295, 296, 311, 312, 313]"
1459,Chị vàng ngọc ít mất dạy hơn chị ba,"[17, 18, 19, 20, 21, 22, 23]"
1460,Yêu ai thì kệ mẹ nó. Đăng làm cc gì,"[14, 15, 16, 17, 18, 30, 31]"
1461,"Như này thì thế giới theo kịp thế éo nào được. Tía nhà nó biện minh cho hành động đạp con mái là do say rượu, chắc còn con mái kia say cặc","[34, 35, 55, 56, 82, 83, 84, 85, 86, 87, 88, 89, 90, 91, 92, 119, 120, 121, 122, 123, 124, 125, 135, 136, 137]"
1462,Ai yêu cô I  love you chu cà mo nà  😃😃,[]
1463,Bánh tráng chỉ xếp thứ 2 sau pha lật mặt của Vũ Khắc Tiệp,"[0, 1, 2, 3, 4, 5, 6, 7, 8, 9, 10, 11, 12, 13, 14, 15, 16, 17, 18, 19, 20, 21, 22, 23, 24, 25, 26, 27, 28, 29, 30, 31, 32, 33, 34, 35, 36, 37, 38, 39, 40, 41, 42, 43, 44, 45, 46, 47, 48, 49, 50, 51, 52, 53, 54, 55, 56]"
1464,Khánh Ly tự cmt tự thả tim :v,[]
1465,Nóng như thế này cho ông già đi du lịch vòng quanh tủ lạnh là hợp lý nhất sói said,[]
1466,đây là một vấn đề hết sức QUAN NGẠI,[]
1467,"về cơ bản làm cán bộ ở VN dễ vl ra ấy cứ việc nghĩ ra ý kiến linh tinh giống như việc cải cách giáo dục thi đại học ,đề nghị giảm học phí cho con e cA , ngực lép ko lái xe , hay bộ y tế đề nghị thay áo blu , giờ thì bình chữa cháy v .v và v cứ nêu vd ra nếu dân ko có ý kiến gì thì làm nếu chửi cho thì lại thôi éo cần phải động não","[26, 27, 28, 29, 30, 61, 62, 63, 64, 65, 66, 67, 68, 69, 153, 154, 155, 156, 157, 158, 159, 160, 290, 291, 292, 293, 312, 313, 314, 315, 316, 317, 318, 319, 320, 321, 322, 323, 324, 325, 326, 327, 328, 329, 330, 331]"
1468,Tại thằng dân... Cái j cũng tại dân đmcs chứ t đóng thuế nuôi chúng m bú C nhau à,"[4, 5, 6, 7, 8, 36, 37, 38, 39, 45, 68, 70, 71, 72, 73]"
1469,Kb đẹp ở chỗ nào mà phanh ra :((,"[20, 21, 22, 23, 24]"
1470,Em được làm fan cứng luôn rồi nè ❤️ reaction quá hay quá cute coi mấy giờ này quá hợp lí =]]],[]
1471,Cô ơi cô có dòng họ vs Hồ Xuân Hương không cô:)) cô nói gì 1 tỉ không bằng vải chùi âm đạo của cô hả 😂 vậy trước tiên thì cô thay lại cái áo của mình đi nghe cô😂 dù sang cở nào thì cái áo là nó làm mất hình tượng hết đó cô ơi 😂...,"[79, 80, 81, 82, 83, 84, 85, 86, 87, 88, 89]"
1472,Trương Duy ko mvp đội mình thì là mvp của đội bạn :))),[]
1473,còn thiếu nè,[]
1474,Tú ko cho anh 3 blue và cái kết :)),[]
1475,Như hai giọt nước 🤣🤣🤣,[]
1476,"Chính cái bản chất tiền là trên hết kể cả bán rẻ lương tâm, đạo đức...thể loại văn hóa rừng rú không có gì là ngạc nhiên khi đặt chân đến xứ sở lừa.","[51, 52, 53, 54, 55, 56, 57, 58, 59, 60, 61, 62, 63, 64, 65, 66, 67, 68, 69, 70, 71, 72, 73, 74, 75, 76, 77, 78, 93, 94, 95, 96, 97, 98, 99, 100, 101, 102, 103, 104, 105, 106, 107, 108, 109, 110, 161, 162, 163, 164, 165, 166, 167, 168, 169, 170, 171]"
1477,Nhìn có vẻ 3 anh rất chi là đẹp trai :)),[]
1478,Nguyen The Anh anh ad vui tính ghee,[]
1479,anh ơi em muốn vào group bộ tộc thì làm sao ạ?,[]
1480,kẻ tổn thương lại muốn tổn thương ng khác,[]
1481,Ok tùng sói😆😆,[]
1482,Việt nam tập trung nông nghiệp nuôi 3 triệu con bò đỏ,"[44, 45, 46, 47, 48, 49, 50, 51, 52]"
1483,Gần toàn gái xinh mà hành xử kém quá.,"[0, 1, 2, 3, 4, 5, 6, 7, 8, 9, 10, 11, 12, 13, 14, 15, 16, 17, 18, 19, 20, 21, 22, 23, 24, 25, 26, 27, 28, 29, 30, 31]"
1484,Tý Trương cực hun,[]
1485,Đăng Ninh ke me m,"[10, 11, 12, 13, 14, 15, 16]"
1486,Hôm qua hứa hẹn trăm đường,[]
1487,Rồi xong cái mặt nó thành cái gì😆,[]
1488,Cực kì thuyết phục ☺️,[]
1489,7-8 triệu ko đủ tiền để ăn cơm nên anh tôi phải ăn cua với tôm trừ bữa,[]
1490,E đc làm fan cứng của a rồi a độ ưi :)),[]
1491,Tính tiền,[]
1492,Con mất day,"[0, 1, 2, 3, 4, 5, 6, 7, 8, 9, 10]"
1493,Thích đi với anh huấn đấy mà,[]
1494,Cô đẹp quá. Khánh Chi cười nhẹ nhẹ nhìn đáng yêu dễ sợ,[]
1495,Phát ngôn ngu như chó. Giờ bọn lãnh đạo như cục cứt,"[10, 11, 12, 13, 14, 15, 16, 17, 18, 19, 20, 27, 28, 29, 44, 45, 46, 47, 48, 49, 50]"
1496,Sao đéo quỳ xuống cho nó dẫm lên lưng,"[4, 5, 6, 8, 9, 10, 22, 23, 25, 26, 27]"
1497,Tòa án Việt+ là bọn giết người hơp pháp,"[7, 8, 9, 10, 11, 16, 17, 18, 20, 21, 22, 23, 24, 25, 26, 27, 28, 29]"
1498,Cái loại người khốn nạn này mà ngồi trên công lý thì quốc gia ko còn gì nữa cả.Vô luân vô pháp,"[15, 16, 17, 18, 19, 20, 21, 22, 31, 32, 33, 34, 35, 36, 37, 38, 39, 40, 41, 42, 43, 44, 45, 46, 47, 79, 80, 81, 82, 83, 84, 85, 86, 87, 88, 89, 90, 91, 92, 93]"
1499,Thanh niên phân biệt vùng miền bàn phím vãi lồng. Giỏi thì ra hà nội kêu bắc kỳ giữa đường hoặc sài gòn kêu nam kỳ xem. Coi thử có đi răng hàm mặt chỉnh hình không. Đkm lũ phân biệt vùng miền. Đkm lũ phản động.,"[11, 12, 13, 14, 15, 16, 17, 18, 19, 20, 21, 22, 23, 24, 25, 26, 27, 28, 29, 30, 31, 32, 33, 34, 35, 36, 37, 38, 39, 40, 41, 42, 43, 44, 45, 46, 47, 73, 74, 75, 76, 77, 78, 108, 109, 110, 111, 112, 113, 120, 121, 122, 123, 124, 125, 126, 127, 128, 129, 130, 131, 132, 133, 134, 135, 136, 137, 138, 139, 140, 141, 142, 143, 144, 145, 146, 147, 148, 149, 150, 151, 152, 153, 154, 155, 156, 157, 158, 159, 160, 161, 162, 165, 166, 167, 168, 169, 170, 171, 172, 173, 174, 175, 176, 177, 178, 179, 180, 181, 182, 183, 184, 185, 186, 187, 188, 189, 190, 193, 194, 195, 196, 197, 198, 199, 200, 201, 202, 203, 204, 205, 206, 207, 208]"
1500,"Day la y kien tam huyet cua rat nhieu tri thuc :phai dan chu hoa thi moi bao ve duoc dat nuoc ,nhung hinh nhu dang cs van chua tinh ra ,ho vua dien tap chong “khung bo “ma ke khung bo lai cam co do sao vang !","[172, 173, 174, 175, 176, 177, 178, 179, 180, 181, 182, 183, 184, 185, 186, 187, 188, 189, 190, 191, 192, 193, 194, 195, 196, 197, 198, 199, 200, 201, 202, 203, 204, 205]"
1501,Nhờ ơn chị Nhung cả nước hoang mang =.=,"[25, 26, 27, 28, 29, 30, 31, 32, 33, 34]"
1502,Cũng đã đến lúc những người làm công tác bảo vệ an ninh.các khu phố cần vào cuộc. Vì hình ảnh của đất nước không để mấy thằng lưu manh làm mất mặt được,"[120, 121, 122, 123, 124, 125, 126, 127, 128, 129, 130, 131, 132, 133]"
1503,Ơ chả thấy MV luôn ý :v,[]
1504,Bạn lữ tên trang,[]
1505,Vu Quynh Huong,[]
1506,Thơm tho cang dễ =)),[]
1507,Trần Nguyên Khôi,[]
1508,Vlol v:))),"[0, 1, 2, 3]"
1509,Nó lại dễ vl anh ạ,"[10, 11]"
1510,Thiên đường của cs!,[]
1511,E thầy à,[]
1512,Trung - MTP,[]
1513,"Đề nghị 17, 22,23,32 đến phà vài hơi vào mẹt tk này để nó đi cách ly thế giới hẳn đi.","[25, 26, 27, 28, 29, 30, 31, 32, 33, 34, 35, 36, 37, 38, 39, 40, 41, 42, 43, 45, 46, 55, 56]"
1514,tinh thần ko sợ vợ,[]
1515,Thành Đạt HN rồi á,[]
1516,Đc =)),[]
1517,Giốg c haha,[]
1518,Ý thức?,[]
1519,Me too :))),[]
1520,Bó tay Anh phóng viên🙈,[]
1521,"Khi còn ngồi ghế cao, chúng nó kiêu căng, hợm hĩnh, còn viết sách dạy người. Tự mình cho mình là vĩ đại, là quang vinh. Đến khi cháy nhà mới ra mặt chuột. Cũng bởi dân ta ngu quá lợn, nên để chúng nó dễ làm quan. Cũng bởi cái thể chế độc tài, độc đảng nên mới tạo ra một chế độ bốc phét ăn tiền mà ăn to đến mức chúng ta ko thể tưởng tượng được.","[22, 23, 24, 25, 26, 27, 28, 29, 56, 57, 58, 59, 60, 61, 62, 63, 64, 65, 66, 67, 68, 69, 70, 71, 72, 73, 74, 171, 172, 173, 174, 175, 176, 177, 178, 179, 180, 181, 191, 192, 193, 194, 195, 196, 197, 198, 278, 279, 280, 281, 282, 283, 284, 285, 286, 287, 288, 289, 290, 291, 292, 293]"
1522,Bùn,[]
1523,"Dân đen ăn lồn hết rồi, đkm :D","[0, 1, 2, 3, 4, 5, 6, 7, 8, 9, 10, 11, 12, 13, 24, 25, 26]"
1524,:'( Vãi nồi !,"[4, 5, 6, 7, 8, 9, 10]"
1525,Vâng đây là cách để có bộ tóc đẹp ạ 🤣,[]
1526,Con này nước ngoài người ta đang lên án nó: con rối của phe cánh tả(thủ đoạn luôn là đánh lạc hướng và che mắt tình hình chính trị TG) nhờ những buổi tuyên truyền mà gia đình nó ngốn cả đống tiền. Mà các nước ô nhiễm như TQ vs Ấn Độ thì đéo bao giờ ghé tới.,"[0, 1, 2, 3, 4, 5, 6, 33, 34, 35, 36, 37, 38, 40, 41, 44, 45, 46, 47, 48, 49, 50, 68, 69, 70, 71, 72, 73, 74, 75, 103, 104, 105, 106, 107, 108, 109, 175, 176, 237, 238, 239]"
1527,"Chị 3 nói nghe hay quá, tiếng dì 3 hát cải lương chắt ngọt lắm",[]
1528,Chỉ biết nói là..... rất viêt nam,[]
1529,Tủnn Tủnn đú vcl =)),"[10, 11, 12, 13, 14, 15]"
1530,Thật là nhục nhã,"[0, 1, 2, 3, 4, 5, 6, 7, 8, 9, 10, 11, 12, 13, 14, 15]"
1531,Các bạn nghe câu chuyện về vali tiền của người tày chưa ??,[]
1532,duma xem ghê hết cả người😅😅,"[0, 1, 2, 3]"
1533,Ae sống chậm lại đi 😁,[]
1534,Fan tên K coi bộ cmt nhiêù nhỉ 😂,[]
1535,Đẹp thầy ơi,[]
1536,E k gọi Clear e sài gồ ba nồ,[]
1537,Aba nhớ đem con này ra thế giới nhé abe,[]
1538,What đờ phắc,"[0, 1, 2, 3, 4, 5, 6, 7, 8, 9, 10, 11]"
1539,Nhưng ở VN nó có nghĩa hoàn toàn khác.,[]
1540,Đm xạo lồn :) Fuck,"[0, 1, 3, 4, 5, 6, 7, 8, 9, 14, 15, 16, 17]"
1541,Tú Tý Tởn cười cái qq à bạn :((,"[19, 20]"
1542,Huyền Khánh Phùng hệt nhau😆,[]
1543,"Chưa có kết quả bọn ko hiểu gì phát ngôn ngông cuồng , giờ có kết quả quả rồi sao bọn nó câm hay trốn đâu hết rồi","[16, 17, 18, 41, 42, 43, 44, 45, 46, 47, 48, 49, 50, 51, 82, 83, 84, 85, 86, 87, 89, 90, 91, 97, 98, 99, 100]"
1544,"Phí vai lin ra, thgian bố đợi có khi tán đổ con khác mẹ roii =))","[4, 5, 6, 7, 8, 9, 10, 23, 24, 44, 45, 46, 53, 54]"
1545,Phuc Tran cảm ơn bạn mình nhé,[]
1546,"em nghĩ sặc khoai chết thì hợp lý, tổ cha bọn nó","[9, 10, 11, 12, 20, 21, 22, 23, 24, 41, 42, 43, 44, 45, 46, 47, 48, 49, 50, 51, 52, 53, 54, 55, 56]"
1547,Lê Kim Như Ngọc má nhột qá má,[]
1548,Cạn mẹ cái lời vì tụi này,"[5, 6, 7, 23, 24, 25, 26]"
1549,Hqa mới ngửi mùi của sena nên nghiện mùi đit. Hả thầy=))),"[41, 42, 43]"
1550,Cũng được đấy chứ a Độ ộ ộ ộ ộ ộ....😂😂😂,[]
1551,Di Jenny,[]
1552,Hnay sói sẽ làm thử thách 24h đưa ông già về quê😂,[]
1553,"Có tí tiền hống hách , bgio biết quá muộn rồi , cc tốt nhất im cmnm vào , chấp hành tốt , dù ông có tốt đến mấy cdm có chửi ông sống ko bằng chết .","[11, 12, 13, 14, 15, 16, 17, 18, 19, 48, 49, 60, 61, 62, 63, 64, 65, 66, 119, 120, 121, 122, 128, 129, 130, 131, 132, 133, 134, 135, 136, 137, 138, 139, 140, 141, 142, 143, 144]"
1554,Thời buổi nào rồi mà còn yêu đương. Ăn học k lo. Yêu yêu cl,"[57, 58]"
1555,cầu mong cho VN mình k ai nhiễm nữa😢,[]
1556,CôCa In bế r :)),[]
1557,Ae nào nỡ chơi thua tha đặt bóng đá mà chưa về bờ thì mình biết ông anh Lê Tiến Tường chơi bóng rất hay. Rất nhiều ae đang theo.,[]
1558,"chào buổi sáng , chúc ngày mới tốt lành",[]
1559,Trần Thị Huyền Trang chán ha 😜,[]
1560,A...a....a...cái thằng mất dạy nào định tập tành làm sâu mọt của dân đây :v,"[17, 18, 19, 20, 21, 22, 23, 24, 25, 26, 27, 28, 29, 53, 54, 55, 56, 57, 58, 59]"
1561,Indo đã biết danh bác hù từ lâu lắm rồi!,"[18, 19, 20, 21, 22, 23]"
1562,"Ko phân biệt vùng thông báo bay( FIR) và lãnh lổ vùng trời. Ad đúng là ngu căn bản, ngu bền vững nhỉ? Tội nghiệp","[71, 72, 73, 84, 85, 86, 102, 103, 104, 105, 106, 107, 108, 109, 110, 111]"
1563,Khi quá nhiều tiền=))),[]
1564,Lại dân chịu chứ ai chịu,[]
1565,Nhin guong mat sang lan ....cai dau trong rong ...o ben trong cai gi cung THUI ....mo mieng ra cai gi cung thui .....dat nuoc oiiiiiiiii....,"[28, 29, 30, 31, 32, 33, 34, 35, 36, 37, 38, 39, 40, 41, 42, 43, 44, 45, 74, 75, 76, 77, 83, 84, 85, 86, 87, 88, 89, 90, 91, 92, 93, 94, 95, 96, 97, 98, 99, 100, 101, 102, 103, 104, 105, 106, 107, 108, 109, 110]"
1566,Anh Minh,[]
1567,Ong dau troc oi ong hoi toi ko nhin duoc cuoi hahaha,[]
1568,Cang ngay toi cang thay lo cho bac thang,[]
1569,Có ai đó hỏi tôi những điều này và tôi đã trả lời tương tự :)),[]
1570,"Ở xứ thiên đường an sinh xã hội như ccc nên nghèo đói bệnh tật cũng phải lết đi làm đủ thứ nghề kiếm cơm k thì chết đói, trách ông này nhưng cũng đừng đổ hết trách nhiệm lên ng ta như vậy.","[36, 37, 38, 44, 45, 46, 47, 48, 49, 50, 51, 52, 53, 54, 55, 56, 57, 58, 59, 60, 61, 73, 74, 75, 111, 112, 113, 114, 115, 116, 117, 118]"
1571,Nguyễn Trung Hưng Bác mua được chỉ e chỗ với nhé,[]
1572,cho phát biết liền,[]
1573,Tiền bợ dái của thằng đăng bài là 2 xị. Nó đi ỉa xin vào bóc cứt ăn nữa để được trường sinh bất tử. Địt mẹ m thằng đăng bài!,"[5, 6, 7, 8, 9, 10, 16, 17, 18, 19, 20, 40, 41, 46, 47, 61, 62, 63, 100, 101, 102, 103, 104, 105, 106, 107, 109, 110, 111, 112, 113]"
1574,Đẹp quá anh chị mình ơi =))),[]
1575,DLV ngu lol lại còn lắm đứa hùa theo thể hiện đầu óc đúng là cặn bã. Lại còn lắm thằng bảo Việt Tân tài trợ Phan Anh nữa chứ.,"[4, 5, 6, 7, 8, 9, 10, 28, 29, 30, 31, 32, 33, 34, 35, 36, 37, 38, 39, 40, 41, 42, 43, 44, 45, 46, 47, 48, 49, 50, 51, 61, 62, 63, 64, 65, 66, 81, 82, 83, 84, 85, 91, 92, 93, 94, 95, 96, 97, 98, 99, 100, 101, 102, 103, 104, 105, 106, 107, 108, 109, 110, 111, 112, 113, 114, 115]"
1576,"Nhờ biết đến những video của nhà tiên tri,kiêm cố zấn cấp cao của tổng thống Đỗ nam chum mà em hết bị táo bón",[]
1577,"Việc to biến tháng nhỏ,việc nhỏ thành không có gì.xong lại còn đánh lạc hướng dư luận sang hướng anh nhà báo.một bàn tháng lớn cho bộ máy tuyên truyền",[]
1578,Hoàng Xuân Tâm thương hiệu thời trang gì 84 + đó,[]
1579,"Ủa chứ em nghe mấy chú mấy bác hồi xưa kể là người ngoài Bắc với tư thế hào hùng đào núi, vượt rừng vào Miền Nam giải phóng ách đô hộ của thực dân pháp. Vậy khí phách anh hùng, hào cường ngày xưa đâu rồi. Sao giờ than với rên nghe chi mà não ruột quá dạ.","[213, 214, 215, 216, 217, 218, 219, 220, 221, 222, 223, 224]"
1580,Trước khi cắm lên đầu em 4 cái sừng nó cũng bảo y như thế :((((,[]
1581,Nhưng người hàn k biết kiểu dáng đó ở vn có một ý nghĩ ghê gớm,[]
1582,Nhà tài trợ giấu mặt đã ủng hộ cho RF mua bo trong game đấu này <3,[]
1583,Thích bả ghê á,[]
1584,Vcc,"[0, 1, 2]"
1585,"bò đỏ đâu ròi, cho tôi thấy cánh tay của các bạn nào :))","[0, 1, 2, 3, 4]"
1586,"Đ*t con mẹ. Đang ăn cơm nghe đến đoạn bôi c** mũi,c** mèo Đức Phan ạ :)))","[0, 1, 2, 3, 4, 5, 6, 7, 8, 9, 42, 43, 44, 45, 46, 47, 48, 50, 51, 52]"
1587,Cầu chúc cho bác Dần sống thọ 100 tuổi để còn phục vụ nhân dân trong nước tuy bác ở hải ngoại.Rất thích Bác Dần luôn.,[]
1588,Em ơi lam ngực có sướng  không nêu chồng bú con cảm giác  o ?,"[18, 19, 20, 21, 22, 41, 42]"
1589,Chết mẹ abe gòi,"[0, 1, 2, 3, 4, 5, 6]"
1590,Bait :),[]
1591,chị ba à chị ở bên mỹ chị chửi thì ngt không hiểu chứ ở việt nam là chị chết mẹ chị rồi,"[26, 27, 28, 29, 72, 73, 74, 75, 76, 77, 78]"
1592,Trả kèo thầy ơi :))),[]
1593,Lê Huyền người ư ?sinh vật hạ đẳng chứ ngươi ai lam thế .,"[18, 19, 20, 21, 22, 23, 24, 25, 26, 27, 28, 29, 30, 31, 32, 33]"
1594,A tôi 😂🤣,[]
1595,hợp lý a ưi 🤣🤣,[]
1596,Trym anh độ có gì mà ai cũng xem vậy?,"[0, 1, 2, 3]"
1597,chị minh hiếu rất dễ thương và chân thật chất phát quá .thật yêu mến chị,[]
1598,is nó qa rui mà k báo vs a 1 tiếng Hạnh Bê,[]
1599,và trên báo nói là trong thời gian trên,[]
1600,"Ôi trời ơi thế giới này sao tồn tại loại đàn bà còn mang hài cốt khỉ đột vậy. Linh lóc ơi em đã xấu nhất hành tinh rồi mà còn hỗn láo nữa chỗ nào để cho em quẫy không , gái miền tây nó là thế đó sao em? Chứ tui thấy họ nết na thùy mị lắm mà dễ thương làm sao đâu á còn em thì tui muốn cho vào rừng sống lại với bản năng của Em mới đúng","[36, 37, 38, 39, 40, 41, 42, 43, 44, 45, 46, 57, 58, 59, 60, 61, 62, 63, 64, 65, 66, 67, 68, 69, 70, 71, 96, 97, 98, 126, 127, 128, 129, 130, 131, 132, 156, 157, 158, 159, 285, 286, 287, 288, 289, 290, 291, 292, 293, 294, 295, 296, 297, 298, 299, 300, 301, 302, 303, 304, 305, 306, 307, 308, 309, 310, 311, 312, 313, 314, 315, 316, 317, 318]"
1601,"Ơ buồn thế, nhớ ngiu qaa",[]
1602,Ph Quyền,[]
1603,Trịnh Nam Long Bị ngu à ? Quốc tịch VN thì vẫn là người VN đi định cư nước nào kệ cha ngta? VN chưa cấm thì ông bớt lên tiếng hộ cái lo chuyện bao đồng. Thứ ích kỷ cùng là ng VN mà ganh nạnh,"[18, 19, 20, 79, 80, 81, 82, 83, 84, 157, 158, 159, 160, 161, 162, 181, 182, 183, 184, 185, 186, 187, 188, 189]"
1604,Thúi nát.,"[0, 1, 2, 3, 4, 5, 6, 7]"
1605,Countdown cực mạnh =)),[]
1606,chị có râu haha,[]
1607,Nguyễn Minh NgỌc đéo hiểu sao t nhìn ảnh nào cx thấy chữ lồn,"[17, 18, 19, 57, 58, 59]"
1608,nghe quả nhạc dạo đầu ám ảnh vl anh ạ:>> mất ngủ là có thật🤦🏻‍♀️,"[22, 23, 24, 25, 26, 27, 29, 30]"
1609,Không ngủ được nữa mới cay :)),[]
1610,Chui nua di co cho bo tat ngua,"[0, 1, 2, 3, 15, 16, 17, 19, 20, 21, 22, 23, 24, 25, 26, 27, 28, 29]"
1611,Sống như lồn ok,"[9, 10, 11]"
1612,"Toàn ""sửu nhi""","[7, 8, 9, 10, 11, 12, 13, 14]"
1613,edit đỉnh thực sự,[]
1614,Troi sao ranh nua,[]
1615,Vỡ nợ cmnđ! Đập nát hết rồi xây lại còn hơn!,"[6, 7, 8, 9, 12, 13, 14, 15, 16, 17, 18]"
1616,bệnh hoạn v lin,"[0, 1, 2, 3, 4, 5, 6, 7, 8, 10, 11, 12, 13, 14]"
1617,Nứng qá abe ơi :)),"[0, 1, 2, 3]"
1618,Gọi là báo nhưng chúng là bồi bút của lũ cướp nên chúng tiếp tay cho bọn cướp,"[38, 39, 40, 41, 42, 43, 44, 69, 70, 71, 72, 73, 74, 75, 76]"
1619,Chào cô,[]
1620,Con thắm.m dí L vào hộ cái,"[0, 1, 2, 9, 11, 12, 13, 14]"
1621,Để sbtc,[]
1622,Vũ Thanh Tùng chịu thôi,[]
1623,Nhai lại chán ko hả thằng ad?,"[0, 1, 2, 3, 4, 5, 6, 7, 20, 21, 22, 23, 24]"
1624,"Năm ngoái thì vườn rau Lộc Hưng. Năm nay tới Biên Hoà. Nếu dân Việt Nam không đoàn kết, đồng lòng như dân Hồng Kông. Cuối cùng sẽ không có đất để chôn thân. Vì CS sẽ giao hết cho tầu cộng rồi hạ cánh an toàn ở nước ngoài. Người kế tiếp mất nhà.. chính là bạn.","[146, 147, 148, 149, 179, 180, 181, 182, 183, 184, 185, 186]"
1625,Ghé shop em làm nhẹ vài hộp mask dưỡng da đón Tết đi nào các chị em ố la la 💃💃💃,[]
1626,"trời đụ >:( nhìn là muốn tung sml từng con. Chạy xe như bố đời, ỷ mình là đàn bà thì cái gì cũng phải nhường hay sao!","[5, 6, 30, 31, 32, 39, 40, 41, 56, 57, 58, 59, 60, 61, 74, 75, 76, 77, 78, 79]"
1627,Đôn chề đi rồi thì tuyển Gu chì đi abe :))),[]
1628,Giọng cười phu thê =))),[]
1629,ae nào đi ăn k. đang tìm quán lẩu mà nhìn ngon thế kia cơ mà😂😂,[]
1630,Mạng ng rẻ vl nhỉ,"[0, 1, 2, 3, 4, 5, 6, 7, 8, 9, 11, 12]"
1631,Cmt dạo để được fan cứng :)),[]
1632,Lê Thị Trang đắt vcd,"[17, 18, 19]"
1633,"doanh nghiệp nó sai thì nó bị phạt, còn thằng này thích tống tiền doanh nghiệp thì nó cũng đéo đúng đâu mà gào mồm ăn vạ :)) tưởng ăn đc tiền của ngkhác dễ à","[13, 14, 24, 25, 40, 41, 42, 43, 44, 56, 57, 58, 59, 60, 61, 62, 63, 64, 83, 84, 91, 92, 93, 107, 108, 109, 110, 111, 112, 113, 114, 115, 116, 117, 118, 119]"
1634,Thằng dư luận viên Đinh Bá Trung !!! Thớt nào mày cũng cmt không có não thế,"[0, 1, 2, 3, 4, 46, 47, 48, 59, 60, 61, 62, 63, 64, 65, 66, 67, 68, 69, 70]"
1635,"Người nhục phải là bọn chúng và bạn chứ tại sao lại là chúng tôi? Chúng tôi mua 1 vỉ trứng hay cái kẹo cũng phải ""bỏ ống"" cho các bạn 10% trong khi các bạn nhận tiền mà lại ko làm việc đàng hoàng còn quay lại hăm doạ bắt bớ chúng tôi thì hay ho chỗ nào","[6, 7, 8, 9, 19, 20, 21, 22, 23, 24, 25, 26, 27, 113, 114, 115, 116, 117, 118, 119, 120, 173, 174, 175, 176, 177, 178, 179, 180, 181, 182, 183, 184, 185, 186, 187, 188, 189, 190, 191, 192, 193, 194, 209, 210, 211, 212, 213, 214, 215, 216, 217, 218, 219, 220, 221, 222, 238, 239, 240, 241, 242, 243, 244, 245, 246, 247, 248, 249, 250, 251]"
1636,Nguyễn Văn Thiện chậm cdmm,"[22, 23, 24, 25]"
1637,"Vâng, cái trang này lại xàm một lần nữa. Mấy ông luật sư gặp mặt nhau đưa ra ý tưởng để VN có thêm tiền đầu tư mà mấy ông đã sồn sồn lên.","[24, 25, 26]"
1638,Phan Linh nó họ Bùi ý thức như đầu buooi là đúng r,"[20, 21, 22, 23, 24, 25, 26, 27, 28, 29, 30, 31, 32, 33, 34, 35, 36, 37, 38, 39]"
1639,Sau đợt này về mở 1 chuỗi cửa hàng bánh tráng đc rồi chúc mừng anh 😏,[]
1640,ĐM HCM : Đường mòn Hồ Chí Minh :v,"[0, 1]"
1641,như 2 giọt nước :v,[]
1642,Muốn thay giang hồ cỏ mà dễ à,[]
1643,Tại mấy a tàu mà ra,[]
1644,Oker baybi oker baybi 🤣🤣🤣🤣🤣,[]
1645,Tâm Trần ch dừng lại đâu,[]
1646,Khiep qua!!!! Vo van hoa!!! Dien.,"[0, 1, 2, 3, 4, 14, 15, 16, 17, 18, 19, 20, 21, 22, 23, 28, 29, 30, 31]"
1647,Xem cô live đó giờ mới thấy cô live stream gắt đến thế hay quá cô ơi,[]
1648,Hết ẳng 🙂 câm mõm lại hết đi,"[4, 5, 6, 10, 11, 12, 13, 14, 15, 16]"
1649,Sơn Tùng vẫn yên ổn nhé. Ai nghi ngờ cách ly luôn rồi. K bận lắm thì về nhà đỡ sợ,[]
1650,vãi trò hề,"[0, 1, 2, 3, 4, 5, 6, 7, 8, 9]"
1651,Hàng Fake bạn,[]
1652,này thì nhây :v,[]
1653,Đúng rồi ông đang khỏe mạnh.,[]
1654,Không phải cha mẹ bé mà đau lòng quá . Cộng đồng mạng hãy theo sát để vụ này ko bị chìm xuồng cho đến khi tên súc vật này vô tù,"[106, 107, 108, 109, 110, 111, 112, 113, 114, 115, 116, 122, 123, 124, 125, 126]"
1655,Kha Nguyễn cho xin video,[]
1656,Làng này là căng đét,[]
1657,Ai cung dich corona sau con nho nay khong bi vay ta do khung,"[24, 25, 26, 52, 53, 54, 55, 56, 57, 58, 59]"
1658,Sàm sàm sàm sàm,"[0, 1, 2, 4, 5, 6, 8, 9, 10, 12, 13, 14]"
1659,Anlonroi,"[2, 3, 4]"
1660,Nghe có vẻ vô lí nhưng rất thuyết phục,[]
1661,má mắc nếttt,"[0, 1, 2, 3, 4, 5, 6, 7, 8, 9, 10, 11]"
1662,"Ngộ ha! Mấy bố cứ ngồi đây mà phán ""Thử hỏi làm sao phát triển được"" ... Ủa nếu có chinhd sách phát triển gì gì đó của mấy bố vào đây thì VN chắc gì đã tiế bộ? Đã đéo giúp ích đc cho đất nước rồi còn ngồi đây ""Thử hỏi sao phát triển được"" :)))))) có cảm thấy hài hay là tự nhục miếng nào k ? Hay chỉ biết ngồi mà rên rỉ, lăng mạ đất nước mình, nơi mà mình đc ỉa ra?","[12, 13, 123, 124, 163, 164, 165, 270, 271, 272, 273, 274, 275, 276, 313, 314, 315, 316, 317, 318, 321, 322, 323, 324, 325, 326, 327, 359, 360]"
1663,"E bik là các a đã cố gắng lắm rồi nên bây h mình quên đi những điều ko vui mà nhận tiền thưởng rồi sau đó còn về nước, còn live stream cho các Fan xem nữa. Năm nay đến đây là hết nhưng năm sau có thể sẽ vươn xa. Đường còn dài, tương lai còn rộng mà.",[]
1664,Anh em cc,"[7, 8]"
1665,"Nghe có vẻ thuyết phục, thôi chúc nốt đã rồi tính tiếp",[]
1666,"Ờ thảo nào cứ cán bộ, công an là bụng phệ.!!! 15tỷ usd bay đâu k thấy.","[33, 34, 35, 36, 37, 38, 39, 40]"
1667,Xem mà tức ngày xưa táo quân thì chủ đề là tệ nạn này nọ bây giờ thì nói về game 2 năm nay xem mà chả thấy hay gì chán,[]
1668,Đức Thịnh ui e mà thương a,[]
1669,ok anh ơi:),[]
1670,Bắc Hàn là nghèo bền thật sự,"[0, 1, 2, 3, 4, 5, 6, 11, 12, 13, 14, 15, 16, 17, 18, 19]"
1671,Vì khẩu trang nó đắt quá anh ạ cay thật,[]
1672,tùng cưng thật sự,[]
1673,"vcl !!! nat, nát","[0, 1, 2]"
1674,Ok ok,[]
1675,"Vậy mà mày nói tiếng VN, đẻ ra tại VN đấy ad chó ah","[7, 8, 9, 45, 46, 47]"
1676,"khi nào về thầy ơi , nhớ thầy quá rồi =))",[]
1677,Thế rốt cuộc chúng nó có thanh toán đủ cho em ko ?? A cũng ở Nhật đây. Vùng aoya - tottori,[]
1678,Con khỉ trần dần vẫn còn răng à?,"[0, 1, 2, 3, 4, 5, 6, 7, 8, 9, 10, 11, 12, 13, 14, 15, 16, 17, 18, 19, 20, 21, 22, 23, 24, 25, 26, 27, 28, 29, 30, 31]"
1679,Dân InDo chuẩn,[]
1680,Makeup rồi bịch khẩu trang lại hả chị Sô Cô La,[]
1681,Cường Sirô mồm thì to khéo ăn vạ =)))) toàn các bố giang hồ mõm,"[11, 12, 13, 27, 28, 29, 30, 31, 48, 49, 50, 51, 52, 53, 54, 55, 56, 57, 58, 59, 60, 61, 62]"
1682,E đâu biết chị minh Hiếu là ai đâu...sao m xạo lồn quá vậy cđl,"[41, 43, 44, 45, 46, 47, 48, 49, 59, 60, 61]"
1683,Nhat ban 76 nhe ad,[]
1684,tết đi lẹ đi mệt tết ghê😣,[]
1685,dỗi,[]
1686,"Đẹp qúa em ơi
Cho chị gửi và tác tay nhé",[]
1687,Khung,"[0, 1, 2, 3, 4]"
1688,Ghi thêm chữ đ*t chị m nx :)),"[13, 14, 15, 21]"
1689,"dân ở thế dưới vì sao ? vì không dám hành động nên mới ở thế dưới , dân đồng lòng cùng hành động thì mới ở thế trên được bạn ạ , VN mình 1 đảng không như các nước tư bản đa đảng khác , đến các nước tư bản đa đảng dân họ còn dám biểu tình đập phá nên họ mới có thể đứng ở phía trên , còn VN thì không .","[185, 186, 187, 188, 189, 190, 191, 192, 193, 194, 195, 196, 197, 198, 199, 200, 201, 202, 203, 204, 205, 206, 207, 208, 209, 210, 211, 212, 213, 214, 215, 216, 217, 218, 219, 220, 221, 222, 223, 224, 225, 226, 227, 228, 229, 230, 231, 232, 233, 234, 235, 236, 237, 238, 239, 240, 241, 242, 243, 244, 245, 246, 247, 248, 249, 250, 251, 252, 253, 254, 255, 256, 257, 258, 259, 260, 261, 262, 263, 264, 265, 266, 267, 268, 269, 270, 271, 272, 273, 274, 275, 276, 277, 278, 279]"
1690,mua bn đc sỉ ad ơi :))),[]
1691,"Nghi ""vu khống"" à :)))",[]
1692,Cái gì chứ láo cá và lưu manh là vc rành rẻ hơn ai hết !,"[11, 12, 13, 14, 15, 16, 21, 22, 23, 24, 25, 26, 27, 28, 33, 34]"
1693,Được,[]
1694,?? :) ??,[]
1695,"Thông minh mà muốn làm cho dân ấm no, hạnh phúc thì cửa tù rộng mở..!!","[56, 57]"
1696,Bên ngoài là phát triển doanh nghiệp sản xuất ô tô trong nước nhưng bản chất thật sự là ..... Cướp tiền 1 cách công khai để đút vào túi mình.,"[94, 95, 96, 97, 98, 99, 100, 101, 102, 103, 104, 105, 106, 107, 108, 109, 110, 111, 112, 113, 114, 115, 116, 117, 118, 119, 120, 121, 122, 123, 124, 125, 126, 127, 128, 129, 130, 131, 132, 133, 134, 135, 136, 137, 138, 139]"
1697,Anh ấy nói đúng rồi chỗ này a ấy ở không đc là đúng rồi đề nghị chuyển mẹ a tiệp vào nhà xác ở cho nó ấm cúng 🙂,"[71, 72, 85, 86, 87, 88, 89, 90, 91, 99, 100, 110]"
1698,Ngựa ngựa,[]
1699,"co ba oi tang con 10trieu xai duoc ko co ba con kho lam hihi,",[]
1700,Chăm học mới là cháu cô Minh Hiếu nha :)),[]
1701,😃😃,[]
1702,Cc abe,"[0, 1]"
1703,Nứng quá abe oi chơi e đi abe 😚😚😚,"[0, 1, 2, 3, 16, 17, 18, 19]"
1704,Nói gì thì nói từ báo đảng là đáo tin được rồi,"[30, 31, 32]"
1705,Hướng Dương Cái đấy thì chịu :)) . Btw bài Who ft với Lauv nghe hay lắm 👌,[]
1706,Tien tri cau tieu,"[0, 1, 2, 3, 4, 5, 6, 7, 8, 9, 10, 11, 12, 13, 14, 15, 16]"
1707,Chị ba có cái loz bằng cổ tay!,"[14, 15, 16]"
1708,Ở Mỹ  sao người  vn don bây  ác  quá,"[29, 30]"
1709,Hahahaha,[]
1710,Phang mẹ nhau đi,"[0, 1, 2, 3, 4, 5, 6, 7, 8, 9, 10, 11, 12]"
1711,Đập chetme nó đi abe,"[0, 1, 2, 3, 4, 5, 6, 7, 8, 9, 10, 11, 12]"
1712,Linh Hoàng Thùy ủa gửi r nhưng k đk,[]
1713,Nhìn mà muốn vuốt chim vc ((((:,"[13, 14, 15, 16, 17, 18, 19, 20, 21, 22, 23, 24]"
1714,Đồ hiệu cao bằng,[]
1715,Thế mà chúng nó còn định xây cái 11 ngàn tỉ để chưng bày mả bố nó chắc :)),"[7, 8, 9, 10, 11, 12, 13, 14, 57, 58, 59, 60, 61, 62, 63, 64]"
1716,Cảm xúc sau khi nhận được huy hiệu fancung :₫,[]
1717,khốn nạn,"[0, 1, 2, 3, 4, 5, 6, 7]"
1718,Bàn tay em đẹp quá. Nhìn chị là đàn bà mà xấu quá..,"[42, 43, 44]"
1719,Nhìn mặt mày dao kéo nhiều quá rồi đẹp gì ghê quá,"[6, 7, 8, 9, 10, 11, 12, 13, 14, 15, 16, 17, 18, 19, 20, 21, 22, 23, 24, 25, 26, 27, 28, 29, 30, 31, 32, 33, 34, 35, 51, 52, 53]"
1720,Hằng Nguyễn,[]
1721,cay vl,"[4, 5]"
1722,Con nay hun du lam nhin cai mo no ko vua Kia thay cho chuoi thach thuc nguoi ta Kia 😲🤦‍♀️😡,"[0, 1, 2, 28, 29, 31, 32]"
1723,Nguyễn Thị Hồng Lê Không hay thật à em. Tưởng mới nó phải hay chứ 😑😑😑,[]
1724,"Bọn đấy nó ngụy biện mà, muốn trị nó thì phải nhắm vào điểm yếu và tập trung vào đó. Vd: nó bảo đi biểu tình là được cho tiền mới đi thì đạp lại bằng những thằng đàn áp bắt bớ mới là bọn được trả tiền để làm việc đó. còn bảo làm được gì cho đất nước chưa mà nói này nói kìa thì đạp lại bằng mỗi lần đi ỉa dội nước là đã góp phần xây dựng đất nước rồi và cũng góp phần trả lương cho nó.","[0, 1, 2, 8, 9, 11, 12, 13, 14, 15, 16, 17, 18, 19, 34, 35, 89, 90, 156, 157, 158, 159, 160, 162, 163, 164, 165, 166, 167, 169, 170, 171, 172, 173, 174, 183, 184, 185, 302, 303, 382, 383]"
1725,Tại ngựa loz nhột chứ ai làm lozz j má mà sủa,"[4, 5, 6, 7, 8, 9, 10, 11, 29, 30, 31, 32, 36, 37, 42, 43, 44]"
1726,Hoàng Bảo Quân chữa k phải chửa,[]
1727,Chị ba đẹp gái có hai hòn dái hai bên,"[18, 19, 20, 21, 22, 23, 24, 25, 26, 27, 28]"
1728,Vaicalon =))),"[0, 1, 2, 3, 4, 5, 6, 7]"
1729,Sang vũ hán mà ở cho đợ ngột ngạt 😒,"[0, 1, 2, 3, 4, 5, 6, 7, 8, 9, 10, 11, 12, 13, 14, 15, 16, 17, 18, 19, 20, 21, 22, 23, 24, 25, 26, 27, 28, 29, 30, 31, 32, 33, 34]"
1730,Ai đang gặp vấn đề về mụn ib e chỉ cách hết sạch sau 2 tuần nhé 😋😋😋,[]
1731,"Đúng nghĩa "" Bóp Dái Cả Team"" Thầy đánh ntn Lủng hết rồi.","[13, 14, 15, 16, 17, 18, 19, 20, 21, 22, 23, 24, 25, 26, 27]"
1732,đang làm gì đây abe,[]
1733,Buồn thì đi cắt tóc 3 phân :)))&&&@@@@,[]
1734,Mới lên tiếng là bị côn an đánh xịt máu mỏ rồi. Chỉ chờ nợ ngập mặt hết tiền trả lương cho côn an. Lúc đó mới hy vọng. Ráng chờ 5 năm nữa thôi.,"[27, 28, 29, 30, 31, 32, 33, 34, 35, 36, 37, 38, 39, 40, 41]"
1735,Thằng điên văn vở câu like rẻ tiền----CÚT,"[0, 1, 2, 3, 4, 5, 6, 7, 8, 9, 38, 39, 40]"
1736,@Kỹ Năng Sinh Tồn ngáo đá hả bạn có làm j bn chưa mà chửi người ta,"[18, 19, 20, 21, 22, 23, 24]"
1737,cay thực sự =)))),[]
1738,nứng nứng hóa,"[0, 1, 2, 3, 4, 5, 6, 7, 8]"
1739,Òa là thầy giáo lại vừa đẹp trai lại chu đáo mê quá đi à,[]
1740,Tài Thi xin video,[]
1741,Hợp lí,[]
1742,"Bây h đang giết thời gian vào công việc , làm tới nỗi mà người lúc nào cũng trong tình trạng buồn ngủ . Chẳng có thời gian mà dành thời gian để nói chuyện với ai . Miễn sao làm cả ngày có đủ đc 6 tiếng ngủ là đc :)))",[]
1743,"sự thật thì nó rẫy mãi éo chết...còn xứ lừa thì đang trong cơn hấp hối vì hết tiền, nợ ngập đầu, tài nguyên cạn kiệt còn số đông dân đen đang ngập ngụa trong chất độc!... nay thấy tổng thống nó qua thăm, dân mừng như gặp thánh...ai cũng mong chờ nó chìa tay ra cứu mình !","[12, 13, 15, 16, 17, 23, 24, 26, 27, 28, 29, 40, 41, 42, 63, 64, 65, 66, 67, 68, 69, 70, 71, 72, 73, 74, 75, 76, 77, 78, 79, 80, 81, 82, 83, 84, 85, 86, 87, 88, 89, 90, 91, 92, 93, 94, 95, 96, 97, 98, 99, 100, 101, 102, 103, 104, 105, 106, 107, 108, 109, 110, 111, 112, 113, 114, 115, 129, 130, 131, 132, 133, 134, 135, 142, 143, 144, 145, 146, 147, 148, 149, 150, 151, 152, 153, 154, 155, 156, 157, 158, 159, 160, 161, 162, 163, 164, 165, 191, 192, 246, 247, 248, 249, 250, 251, 252, 253, 254, 255, 256, 257, 258, 259, 260, 261, 262, 263, 264, 265, 266, 267, 268]"
1744,iu nhau ko liếm l...nửa🤣🤣,[16]
1745,Cảm giác của các bệnh nhân đc hiến máu,[]
1746,Cứ như thế này thì duyệt mẹ đi cho nhanh 😀,"[25, 26]"
1747,T nghe kể rồi đây là chuyện ma mà mỗi lần t đi qua trường mần non lại nghe tụi nhỏ hát bài bắc kim thang uii sợ vãi lz,"[0, 42, 112, 113, 114, 115, 116, 117]"
1748,vãi so sánh. tuy chẳng ưa j bọn lãnh đạo nhưng phải thực tế 1 tí. đường trong tp mang ra so sánh với đường sa mạc -_-,"[0, 1, 2, 17, 18, 19, 20, 21, 22, 23, 24, 28, 29, 30]"
1749,"Bây giờ Nhật thành cường quốc dân chủ, có ai quay lại tạc tượng anh thanh niên kia ko :3 Nhân vật tạo bước ngoặt lịch sử, mà giờ đừng ai làm theo nhá, mệt lắm đó :v",[]
1750,Đẹp trai . Tài năng . Tư duy đỉnh cao . Call team tốt và nhiều phẩm chất tốt khác nữa là những gì thầy đều có . Sena 1 người thầy hoàn hảo . Còn thằng ngu 3 gà thì chịu cái gì cũng k có,"[151, 152, 153, 157, 158]"
1751,From TN with love❤,[]
1752,Xài hàng Mỹ thì bản thân ng lính cũng yên tâm chiến đấu. Nghe a e đi bộ đội vê kể bảo pháo của Tàu toàn tự bắn vào quân mình nên hay có chiến sỹ tự hy sinh lắm. Kkk,"[86, 87, 88, 89, 107, 108, 109]"
1753,12:03 Toang cmmr,"[12, 13, 14, 15]"
1754,"Ng bỏ công người bỏ của. Đệt mệ kêu mấy anh bộ đội quyên góp 500tr đi thì khỏi làm, còn k có tiền thì bỏ công, so so cái quần đùi.","[25, 26, 27, 28, 29, 30, 121, 122, 123, 124, 125, 126, 127, 128]"
1755,Hồ Nguyễn Quốc Phú suy nghĩ ko sạch sẽ v nó dơ chỗ nào?? Bu lu bu la ở tội a thế đồ ấy hả 🤔 ngta cmt 1 dòng mà đi cmt lại 3 dòng hỉu rồi fans jack ko phân biệt độ tuổi có thể kết luận là trẩu,"[57, 58, 59, 60, 61, 62, 63, 64, 65, 66, 67, 187, 188, 189, 190]"
1756,qua VN phát ngôn câu đó thì đkm xác định khỏi về :),"[28, 29, 30]"
1757,Cô hieu ncv vui quá,[]
1758,Và chúng nó gọi đó là đẳng cấp,[]
1759,9x5=55 chứ ôg a già😆,[]
1760,cho vang,[]
1761,Chạyyyy nhanhhh điii,[]
1762,Hằng Bắp mình ăn thịt mà. Có ăn rau mấy đâu,[]
1763,Ngô Hiếu Giờ cmt ảnh này là bị ban chết me đấy ông ạ :v,"[35, 36, 37, 38, 39, 40, 41]"
1764,Cô minh hiếu mà hết thời là mày cũng hết đường làm ăn luôn nha con bóng đồng tháp bán dồ giả,"[28, 29, 30, 63, 64, 65, 66, 67, 68, 69, 70, 82, 83, 84, 85, 86, 87, 88, 89, 90, 91]"
1765,Nq nỗi tiếng koa tiền.. ở truồng cũng nói sang..nq bình thường mặc đồ đẹp mắc tky cũng cho la hàq dạt rẻ tiền..đúq là đời,"[24, 25, 26, 27, 28, 29, 30, 31, 32, 33, 34, 35, 36, 37, 38, 39, 40, 41, 42, 43, 44, 45]"
1766,"Xem hay mà, cả phim sẽ có 1đoạn mà tim thép cũng phải giật mình",[]
1767,Quốc Rym làm bằng thép việt nhật .,[]
1768,"có tiền cứ làm,chỉ có bọn không có tiền làm mới ý kiến lọ chai","[22, 23, 24, 25, 26, 27, 28, 29, 30, 31, 32, 33, 34, 35, 36, 37, 38, 48, 49, 50, 51, 52, 53, 54, 55, 56, 57, 58, 59, 60, 61]"
1769,Sam Sam hậu hoàng đó!🤪,[]
1770,"Nhok Lầy cái nick thì clone, avatar thì đéo dám để ảnh thật :v gáy cũng kinh đấy! Thằng trẻ con vô văn hoá!","[40, 41, 42, 63, 64, 65, 82, 83, 84, 85, 86, 87, 88, 89, 90, 91, 92, 93, 94, 96, 97, 98, 99, 100, 101, 102, 103, 104, 105]"
1771,Mẹ nó. Sắp đc húp mà cứ live cc,"[0, 1, 2, 3, 4, 14, 15, 16, 29, 30]"
1772,bại cái đcm m cút QC cl mày đa cấp lừa đảo à 😂😂 đm con yến,"[8, 9, 10, 11, 12, 14, 15, 16, 21, 22, 24, 25, 26, 35, 36, 37, 38, 39, 40, 41, 48, 49, 51, 52, 53]"
1773,Oke thầy !,[]
1774,Kể ra ví mặt con này với con Linh cẩu ăn xác thối ở châu Phi cũng là xúc phạm linh cẩu .Nhưng thấy nó cũng giống thật .Tên em là Linh Cẩu không phải cá lóc nha,"[9, 10, 11, 12, 13, 14, 15, 25, 26, 27, 28, 29, 30, 31, 32, 33, 34, 35, 36, 37, 38, 39, 40, 41, 42, 43, 44, 45, 46, 47, 48, 69, 70, 71, 72, 73, 74, 75, 76, 99, 100, 129, 130, 131, 132, 133, 134, 135, 136]"
1775,Con chó còn có ý thức....,"[4, 5, 6]"
1776,Ở Úc cũng thế chăng Hung Vu,[]
1777,Con lon giả,"[0, 1, 2, 3, 4, 5, 6, 7, 8, 9, 10]"
1778,Hieu Trung ưng vcc mà,"[15, 16, 17]"
1779,Với,[]
1780,Xem chục lần r vẩn cười,[]
1781,Justin Le Nguyen phục cái máu lồn,"[26, 27, 28, 29, 30, 31, 32]"
1782,Tởm...........,"[0, 1, 2]"
1783,thật là vãi lol a ơi,"[8, 9, 10, 11, 12, 13, 14]"
1784,Bưng bô cho tàu,[]
1785,"Cai du ma deo bit dang song trong cai thoi ky gi,ma lam alibaba the ko bit","[4, 5, 6, 7, 8, 10, 11, 12, 56, 57, 58, 59, 60, 61, 62]"
1786,Lần nào cũng đưa con Robot này lên bìa mặt báo :)),[]
1787,ngta bán để kím sống..tụi m lấy hết thì hỏi sao lại có trộm cắp ở đây..lũ óc chó,"[22, 23, 24, 25, 26, 55, 56, 57, 58, 59, 60, 61, 62, 71, 72, 73, 74, 75, 76, 77, 78, 79]"
1788,Óc chó kiểu italy😅😆😄😃😂,"[0, 1, 2, 3, 4, 5]"
1789,"Kính gửi Barack ,Ngài nên học cách sống đế vương như bọn anh đây.. Khaaaaaa. Khaaaa","[53, 54, 55]"
1790,"Ý là bạn thích đc dí lồn vào mặt à? Vậy thì cũng giống mình. Sướng mà, nhờ 😂","[18, 19, 20, 21, 22, 23]"
1791,Đúng  là  chỉ  còn  loi  kg mà  hai  văn  được,[]
1792,😃,[]
1793,Lê Nhật Hào mai là thứ 4 phải 0 cả lớp,[]
1794,Cái nhập code này từ hqua hôm kia r nha,[]
1795,"Sinh viên ĐH sư phạm và phụ huynh nên bãi công tẩy chay mụ hồng hán nô, hán gian mang chức hiệu trưởng này đi.","[56, 57, 64, 65, 66, 67, 68, 69, 72, 73, 74, 75, 76, 77, 78, 79]"
1796,xe chở súc vật mong người dân hãy tránh xa (đề phòng súc vật phóng uế lung tung làm mất vệ sinh).,"[0, 1, 2, 3, 4, 5, 6, 7, 8, 9, 10, 11, 12, 13, 14, 15, 16, 17, 18, 19, 20, 21, 22, 23, 24, 25, 26, 27, 28, 29, 30, 31, 32, 33, 34, 35, 36, 37, 38, 39, 40, 41, 42, 43, 44, 45, 46, 47, 48, 49, 50, 51, 52, 53, 54, 55, 56, 57, 58, 59, 60, 61, 62, 63, 64, 65, 66, 67, 68, 69, 70, 71, 72, 73, 74, 75, 76, 77, 78, 79, 80, 81, 82, 83, 84, 85, 86, 87, 88, 89, 90, 91, 92, 93, 94, 95]"
1797,"Lê Tấn Tài vì tao thấy mày là khỉ đầu chó lên tao mới chửi, nhưng tao đã nhầm , mày là xúc vật thì sao hiểu tiếng người 😂","[14, 15, 16, 23, 24, 25, 30, 31, 32, 33, 34, 35, 36, 37, 38, 39, 40, 46, 47, 48, 54, 55, 56, 57, 66, 67, 68, 80, 81, 82, 87, 88, 89, 90, 91, 92, 93, 99, 100, 101, 102, 103, 104, 105, 106, 107, 108, 109, 110, 111, 112, 113, 114, 115, 116, 117, 118]"
1798,Chi co the chi em xin so dien cua chi duoc khong,[]
1799,@Tuyen Ta chỉ là loại nằm vùng tại Mỹ & tiếp tục sống chui. rút để thủ lợi như thời vc sống trong bưng dùng 3/// xỏ lá để dành chùi rửa,"[22, 23, 24, 25, 26, 27, 28, 29, 49, 50, 51, 52, 53, 54, 55, 56, 57, 58, 59, 60, 61, 62, 67, 68, 69, 70, 71, 72, 73, 108, 109, 110, 111, 112, 113, 114, 115, 116, 117]"
1800,NaNa Nguyễn cánh hoa đây nha,[]
1801,”👎🏿”,"[1, 2]"
1802,Có cl,"[3, 4]"
1803,:))) kính gửi,[]
1804,HN Thu Nguyên hả dạ,[]
1805,Rắc đỉnh quá mà😕,[]
1806,Đớp lắm lam gi chang beo nhu lợn,"[0, 1, 2, 29, 30, 31]"
1807,"Đâyyyy, tóc đâyyyy 😭😭",[]
1808,Lớn vậy rồi chứ không phải rầu nha đũy ơi =)))),"[35, 36, 37]"
1809,Nhìn a Châu dễ thương ghê,[]
1810,Bao Vu,[]
1811,:)) mày biết tại sao k thằng ngu vì đứng đấy ngăn ngừa phòng chống hiệu quả nhất cái loại ngu dốt như mày nên học lại đi đã k hiểu ý người khác đã vào cmt người ta chửi cho nhục mặt lắm thân ^^ còn tao chưa nói gì là văn hoá hay k văn hoá tao đang muốn nói ý thức của các ông say rượu khi tham gia giao thông,"[4, 5, 6, 23, 24, 25, 26, 27, 28, 29, 30, 31, 85, 86, 87, 88, 89, 90, 91, 92, 93, 94, 95, 96, 97, 98, 99, 100, 101, 102, 103, 104, 106, 107, 108, 109, 110, 111, 112, 113, 114, 115, 116, 164, 165, 166, 167, 173, 174, 175, 176, 177, 178, 179, 180, 198, 199, 200, 239, 240, 241]"
1812,Giờ mới biết con mẹ giựt nợ Minh hiếu,"[13, 14, 15, 16, 17, 18]"
1813,Nguyễn Hòa xin video ông eie,[]
1814,Nguyễn Đức Thắngg hơi lâu hmm,[]
1815,Em tui nó cũngg đú theo cháuu theoo cháuu ôngg :))),[]
1816,Quảng cáo cc,"[10, 11]"
1817,"Hợp lý vl a ơi, ngta nói ước mơ ko đánh thuế, nhưng đéo đủ tiền đóng thuế thì mơ mơ cc","[7, 8, 52, 53, 54, 84, 85]"
1818,"Thứ ko nhân cách , tiền nhìu cko ngta là cai nghiệp kiep truoc thiếu ngta h trả chứ méo đc miếng đức nào đâu mà hô hào , chị ba ! Chị ba phi","[0, 1, 2, 3, 4, 5, 6, 7, 8, 9, 10, 11, 12, 13, 14, 15, 45, 46, 47, 48, 49, 50, 51, 52, 53, 54, 55, 56, 57, 58, 59, 60, 61, 84, 85, 86, 87, 88, 89, 90, 91, 92, 93, 94, 95, 96, 97, 98, 99, 112, 113, 114, 115, 116, 117, 130, 131, 132, 133, 134, 135, 136, 137, 138, 139]"
1819,Tôi chẳng hiểu gì cả .!!! Có lẽ đó là câu ... Nói thật đầu tiên trong cuộc đời của Chúng .!!!,"[83, 84, 85, 86, 87]"
1820,Tùng ngại quá Tùng chốn đây,[]
1821,Chac chan  Coronaviruswuhan qua di thi The Gioi se khong de yen  Trung Cong .,"[65, 66, 67, 68, 69, 70, 71, 72, 73, 74]"
1822,đúng r,[]
1823,Ôi dm phát biểu vây coi dân nhu đồ ngu chắc,"[3, 4, 20, 21, 22, 23, 24, 25, 26, 27, 28, 29, 30, 31, 32, 33, 34, 35, 36, 37]"
1824,Quá hay cô minh hiếu,[]
1825,lịt pẹ vỗ tay 👏👏,"[0, 1, 2, 3, 4, 5]"
1826,Trường Giang không cố ý nhưng chị N vô ý ích kỷ gây hậu quả nghiêm trọng là điều không thể phủ nhận rồi bạn. :((( Mình cũng mong chị ấy mau khỏe và chịu trách nhiệm cho hành vi của mình,[]
1827,đc thầy ơi :3,[]
1828,nhin`nha` que vl 😒,"[5, 6, 7, 8, 9, 10, 11, 12, 13, 14, 15, 17]"
1829,Bảo vệ thằng nào nhiều tiền hơn nhé. Hị hị,"[7, 8, 9, 10, 11]"
1830,Tưởng nhầm kênh nhưng đến pha cuối thì chắc là abe rồi,[]
1831,địt,"[0, 1, 2]"
1832,Lam Pham Ai Chau add em dí sis ơi,[]
1833,Trung đầu Bùi,"[6, 7, 8, 9, 10, 11, 12]"
1834,Phạm Đinh Hoàng Yến Yến hôm qua đâu,[]
1835,Trời ơi miệng dì mà như cá lóc chùi đít vậy oe,"[24, 25, 26, 27, 28, 29, 30, 31, 32, 33, 34, 35, 36, 37, 38, 44, 45]"
1836,Cái đù má ság ra mò cl j mà vào đc cái page loằn này hay vl thế nhỉ . Toàn mấy đkm tháh rãh cmn hág . Xin lỗi e hơi thiếu lịch sự tí. E xin xin phép dí buồi vào mặt Ad nhé. Page hay vl :)))))))),"[4, 5, 6, 7, 8, 20, 21, 44, 45, 46, 47, 57, 58, 79, 80, 81, 83, 84, 85, 86, 87, 88, 89, 90, 91, 92, 93, 94, 95, 96, 97, 98, 149, 150, 151, 152, 153, 154, 155, 156, 157, 158, 159, 160, 161, 162, 163, 182, 183]"
1837,"Công nhận , hồi lúc mới phẫu thuật ko đẹp . giờ phải công nhận đẹp dã man .",[]
1838,Like và cm tụi nó ăn được hay sao mà ham hố vậy trời. Lũ điên,"[11, 12, 13, 14, 15, 16, 37, 38, 39, 40, 41, 42, 54, 55, 56, 57, 58, 59, 60]"
1839,"Đã đi xem và thấy nó đéo gay cấn gì cả, chỉ có hiệu ứng âm thanh âm thanh là ghê. Có lẽ bộ phim mang tới cái triết lý nào đó","[21, 22, 23, 77, 78, 79]"
1840,"Đây là chú bộ đội, đéoo phải ch ó CA? bộ đội đéoo muốn làm cũng bắt buộc phải làm thôi.","[19, 20, 21, 22, 29, 30, 31, 32, 45, 46, 47, 48]"
1841,Tổ Sư Bố Con Thần Kinh :))),"[0, 1, 2, 3, 4, 5, 6, 7, 8, 9, 10, 11, 12, 13, 14, 15, 16, 17, 18, 19, 20, 21]"
1842,Ở Việt nam là ra Cailozcatkhong roii đó,"[20, 21, 22]"
1843,Chơi vậy ai chơi nữa :v,[]
1844,"huỵch toẹt ra chúng nó các đảng viên thường hô hào sống và làm việc theo gương của hồ quang tức hồ chí minh kể cả chúng nó có Ấu Dâm như tên nguyễn khắc thủy , nguyễn hữu linh......., nếu đảng búa liềm phúc kiến xử chúng nó tức là khác nào tự "" Tát vào mặt "" bác của chúng nó làm lộ ra các "" Huyền thoại của bác "" ngày xưa.","[14, 15, 16, 17, 18, 19, 20, 21, 114, 115, 116, 117, 118, 119, 120, 121, 126, 127, 128, 129, 130, 131, 188, 189, 190, 191, 192, 193, 194, 195, 196, 197, 198, 199, 200, 215, 216, 217, 218, 219, 220, 221, 222, 267, 268, 269, 270, 271, 272, 273, 274, 292, 293, 294, 295, 296, 297, 298, 299, 300, 301, 302, 303, 304, 305, 306, 307, 308, 309, 310]"
1845,"Cho chừa cái tội tài lanh, DMCS","[17, 18, 19, 20, 21, 22, 23, 24, 27, 28, 29, 30]"
1846,Phan Nhuệ Anh mỗi mình ông có à 😤😤😤,[]
1847,Nhii Bờmm bạn nhi lói chỉ có đúng 😀,[]
1848,Điểm danh nào :v,[]
1849,"nó ra cái luật trưng dụng lấy đồ của dân mà ko có quyền đòi,chó đẻ thiệt","[0, 1, 60, 61, 62, 63, 64, 65]"
1850,Đéo có gì để nói về cái đất nước này,"[0, 1, 2, 20, 21, 22]"
1851,Đẹp mà ý thức như cc thì vứt 😁😁😁,"[0, 1, 2, 3, 4, 5, 6, 7, 8, 9, 10, 11, 12, 13, 14, 15, 16, 17, 18, 19, 25, 26, 27]"
1852,Hồng Đức Nguyễn Phương Mỹ cần lắm một sự lật kèo cực mạnh của sở Long An 🙂,[]
1853,Vũ Thanh Huyền khổ quá mà 😥,[]
1854,Mục đích là dmcs hỏi nữa k,"[12, 13]"
1855,Sống chậm thôi 2p 😂,[]
1856,Dui cùng em giây phút bóp dú bóp lồnn taoo nss mà cừ bò.,"[22, 23, 24, 25, 26, 27, 29, 30, 31, 32, 33, 34, 35, 36, 38, 39, 40, 41]"
1857,Đc vãi đái anh ưiii,"[3, 4, 5, 6, 7, 8, 9]"
1858,Chị Chan Mặc Bikini Ngon vailon =))))),"[20, 21, 22, 23, 24, 25, 26, 27, 28, 29, 30]"
1859,Quả tóc ko lẫn đi đâu được :)),[]
1860,Đây là câu chuyện không được vui =))),[]
1861,Nói gì vậy lão vô văn hóa,"[11, 12, 13, 14, 15, 16, 17, 18, 19, 20, 21, 22, 23, 24]"
1862,Bán nhà rồi !,[]
1863,Ta thấy mùi vàng nên cô đẹp đó mà cô vẫn là idol của con,[]
1864,Co ai biết fb cua chị nay ko cho minh hoi nha,[]
1865,Ôi trời,[]
1866,Chiện là bạn bị mất 400 đồng tn vì thằng ad xl,"[35, 36, 37, 38, 39, 44, 45]"
1867,Được quá a ơi,[]
1868,hh,[]
1869,"đéo ai thèm làm ,vì họ biết khả năng của họ đến đâu","[0, 1, 2]"
1870,"Đm có mỗi con đường cho mays chị em buôn bán , con đường cho mấy anh em mua mượn .... vậy mà giờ biếc cố xảy ra ... không biết mấy chị em còn tâm trạng đứng không nữa ... hay lúc nó rớt xuống sợ rớt mẹ lồn ra đường thì khỏi làm ăn gì luôn .","[0, 1, 199, 200, 201, 202, 203, 204]"
1871,Lan Anh hiểu k ?,[]
1872,tộc của anh chất lừ,[]
1873,Ai lấy mk sớm muộn cũng thành tỷ phú vì mk mơ khá chuẩn bắt số chỉ có độc đắc,[]
1874,Em lại xạo lồn,"[7, 8, 9, 10, 11, 12, 13]"
1875,Sản phẩm của 1 nền giáo dục thối nát mà,"[0, 1, 2, 3, 4, 5, 6, 7, 8, 9, 10, 11, 12, 13, 14, 15, 16, 17, 18, 19, 20, 21, 22, 23, 24, 25, 26, 27, 28, 29, 30, 31, 32, 33, 34, 35]"
1876,"DLV sẽ nói gì à?? : ""Phản đôôộoong! - chỉ thế thôi nhé :v","[21, 22, 23, 24, 25, 26, 27, 28, 29, 30, 31, 32, 33]"
1877,nè he,[]
1878,"page này thành phản động ak,dkm toàn post nhảm k","[15, 16, 17, 18, 19, 20, 21, 22, 23, 28, 29, 30, 42, 43, 44, 45]"
1879,Nhìn bà trang giống tăng thanh hà ghê 🤷‍♀️,[]
1880,Ngày mai là anh Độ bắt đầu rải tiền 🤣 anh em cứ gãi đi,[]
1881,Đây là 1 câu chuyện buồn =)),[]
1882,Bo chj ba cung co Lon nua ha,"[18, 19, 20]"
1883,Dm bị band cmt trong gruop,"[0, 1]"
1884,Ae ysl ib e tư vấn nhé 💪🏼💪🏼,[]
1885,Mình thích sống nhanh còn đâu kệ mn sống chậm,[]
1886,Chửi hay lắm ad,[]
1887,H,[]
1888,"Ở xứ sở nào đó thì người ta lại đối xử với nhau như người rừng, chém giết nhau vì lý do vặt vãnh. THật kì lạ !!","[52, 53, 54, 55, 56, 57, 58, 59, 60, 61, 64, 65, 66, 67, 68, 69, 70, 71, 72]"
1889,Địt mẹ nhà m 🙂,"[0, 1, 2, 3, 4, 5, 11]"
1890,Bà khùng này xàm thiệt,"[3, 4, 5, 6, 7, 13, 14, 15]"
1891,m lên báo cáo tài chính hợp nhất đó mà xem! nói ra đã thấy mày óc chó ntn rồi! lũ thổ dân mồm vẩu!,"[0, 59, 60, 61, 62, 63, 64, 65, 66, 67, 68, 79, 80, 81, 82, 83, 84, 85, 86, 87, 88, 89, 90, 91, 92, 93, 94, 95, 96]"
1892,sửa tay đi :),[]
1893,"Sói said:""dạo này ông già bảo nhớ bà nội quá nên phải dẫn về chơi""",[]
1894,"bọn cầu thủ toàn yêu đảng, ủng hộ độc tài ko đấy...ko nhận ra được điều đó à","[0, 1, 2, 34, 35, 36, 37, 38, 39, 40]"
1895,đúng r a,[]
1896,Tết nay,[]
1897,Óc chó,"[0, 1, 2, 3, 4, 5]"
1898,Tổ chức đám tang . Toang rồi .,"[19, 20, 21, 22, 23]"
1899,Người Nhật đã làm cho chủ tịt Nguyen đúc Chung mất phần ăn !,"[22, 23, 24, 25, 26, 27, 28, 47, 48, 49, 50, 51, 52, 53, 54, 55, 56, 57]"
1900,Minh Tran uh mình nghe cũng nghĩ là người miền trung mà bả ko biết phân biệt,[]
1901,"sao lại có lắm thằng "" tài giỏi"" trong việc sáng tạo ra những thứ hại đời hại người thế nhỉ, chả hiểu học theo đạo đức của ai !","[15, 16, 17, 18, 19, 21, 22, 23, 24, 25, 26, 27, 28, 29, 30, 31, 66, 67, 68, 74, 75, 76, 93, 94, 95]"
1902,Hải Văn Trần chực bú cu Tiệp hay gì =)))),"[18, 19, 20, 21, 22]"
1903,Toang quá toang =)),[]
1904,"Mày ngu hay đéo có não thế !!! M đéo thấy là ông ấy là một người có tâm, có tầm và iu nước à! Không có gì dính dáng đến Việt Tân cả thằng não chó bị nhồi sọ","[0, 1, 2, 4, 5, 6, 12, 13, 14, 15, 16, 17, 18, 19, 20, 21, 31, 33, 34, 35, 120, 121, 122, 123, 124, 125, 126, 127, 132, 133, 134, 135, 136, 137, 138, 139, 140, 141, 142, 143, 144, 145, 146, 147, 148, 149, 150, 151, 152, 153, 154, 155]"
1905,Mà mệt nói thì nói mẹ đi,"[19, 20]"
1906,Bao giờ nước ngập lên đến háng thì TP HCM sẽ được gọi = Sài Gòn !,"[26, 27, 28, 29]"
1907,TTuấn AAnh thấm nhuần tư tuong a độ 😂😂😂,[]
1908,Chịu thầy dkm =)),"[10, 11, 12]"
1909,Phat cay cú...kkk,[]
1910,"Chưa thử loz xách tay bao h,có thì ới 😂","[9, 10, 11]"
1911,"Năm 2022 Bác Trần Dần về VN thì Hoài Linh phải giải nghệ, Trấn Thành chuyển hẳn qua làm MC nha anh em",[]
1912,Con này rễ bị chặt đầu và tứ chi quá.đất đó t thấy nhiều đứa khùng con này ko ngoại lệ,"[0, 1, 2, 14, 15, 16, 17, 18, 19, 20, 21, 22, 23, 24, 25, 26, 27, 28, 29, 30, 31, 44, 61, 62, 63, 64, 65, 67, 68, 69]"
1913,Nghe thì vô lí nhưng mà rất thuyết phục,[]
1914,"mày ngu lắm , bình thường vận động chúng nó đi học chúng nó còn ko đi, giờ cắt tiền hỗ trợ đi thì nó đi cái đầu buồi à ?","[0, 1, 2, 4, 5, 6, 35, 36, 37, 38, 39, 40, 41, 42, 51, 52, 53, 54, 55, 56, 57, 58, 98, 99, 108, 109, 110, 111, 112, 113, 114, 115]"
1915,Bây giờ nước mỹ toang. Ko thấy bọn 3/// nổ và chém nữa ta.,"[31, 32, 33, 34, 35, 36, 37, 38, 40, 41, 46, 47, 48, 49]"
1916,Chỉnh sửa quá đáng cho abe,[]
1917,Thấy idol lên tiếng là yên tâm rồi. Cả nước Mỹ tôi lo lắng cho mỗi mình ông. 😍😍😍,[]
1918,Hoàng Lệ phát biểu ngu quá ! Xây dựng thì ko có thấy toàn kiểu chia rẻ ! Vớ vẩn,"[19, 20, 21, 63, 64, 65, 66, 67, 68, 69, 73, 74, 75, 76, 77, 78]"
1919,Khoe khoan láo phét đeo.vàng gïã.sőng gïa tąo.,"[11, 12, 13, 14, 15, 16, 17, 18, 38, 39, 40, 41, 42, 43, 44]"
1920,Mình hạ hoà này gần ngay chỗ mình oét mà vẫn phải đi học😪,[]
1921,"Thảo Đào Văn nghèo nó đéo bỏ là tốt rồi ,","[19, 20, 22, 23, 24]"
1922,Nc lào ko phải nc ta,[]
1923,Mpv cái máu lồn đỏ như tới tháng,"[8, 9, 10, 11, 12, 13, 14]"
1924,Chị 2 của thằng phúc ox đó bà con... Cho em lạy chị 1 lạy,"[10, 11, 12, 13, 14]"
1925,Cái con này sao xe bắt chó kg bắt nó giùm cái,"[4, 5, 6, 16, 17, 18, 19, 20, 21, 22, 23, 24, 25, 26, 27, 28, 29, 30, 31, 32, 33, 34, 35]"
1926,Bạn mới sàm đó,"[8, 9, 10]"
1927,Thầy duo với levi để Tú bơ vơ,[]
1928,from,[]
1929,cái vụ 90% hát sai thì sao nhỉ?,[]
1930,quá chuẩn giáo án luôn,[]
1931,Dlv dlv dlv 1 ổ kinh tởm thối tha hèn hạ dm nó khoá cmt k thì zô chửi cm nó r,"[14, 15, 16, 17, 18, 19, 20, 21, 22, 23, 24, 25, 26, 27, 28, 29, 30, 31, 32, 33, 34, 35, 36, 37, 38, 39, 41, 42, 44, 45, 65, 66, 67, 68, 70, 71, 72, 73, 74]"
1932,hết mie nó rừng vàng biển bạc rồi.,"[4, 5, 6, 7, 8, 9]"
1933,"Hồ Thu, Lê Tường Lãm, Tran Van Minh :))",[]
1934,Khắc Thành Nguyễn phục cái máu lồn,"[27, 28, 29, 30, 31, 32, 33]"
1935,ý thức của chị Nhung còn thua điểm lí của em,"[0, 1, 2, 3, 4, 5, 6, 7, 8, 9, 10, 11, 12, 13, 14, 15, 16, 17, 18, 19, 20, 21, 22, 23, 24, 25, 26, 27, 28, 29, 30, 31, 32, 33, 34, 35, 36]"
1936,Lê Đinh Cường - ko lẽ trên đời này có 1 chiếc anh 2 ?,[]
1937,Hải quan ngta thì giúp đỡ hành khách,[]
1938,Dlv mất dại,"[0, 1, 2, 3, 4, 5, 6, 7, 8, 9, 10]"
1939,Trư Bát Giới Hết mún nói,[]
1940,Còn bạn này nữa thầy ơi,[]
1941,Đấy nghe chưa. Quốc sư nói Mỹ đã xóa cờ hó VNCH lâu rồi.,"[33, 34, 35, 36, 37, 38, 39, 40, 41, 42, 43, 44, 45, 46]"
1942,"Chính sách của việt cộng là ngu dân để trị, tài giỏi thông minh thì bị việt cộng bỏ tù là đúng rồi.","[28, 29, 30, 81, 82, 83, 84, 85]"
1943,Quả báo đó con,"[0, 1, 2, 3, 4, 5, 6, 11, 12, 13]"
1944,Nguyễn Phú Thịnh 🤣🤣 đỉnh kout,[]
1945,Có cả trăm ca nhiễm và mỗi trận cả chục nghìn người vào sân chả ảnh hưởng bảo nào :)),[]
1946,Bình tĩnh thôi anh em :>,[]
1947,Nguyễn Việt Cường ơ thằng này ra tù rồi à,"[20, 21, 22, 23, 24]"
1948,lắc lắc lắc lắc mixi,[]
1949,Trời ơi ! cái con này kêu giang hồ tìm nó đánh cho nó tet mo nó . thấy nó chửi mà ủa gan,"[14, 15, 16, 39, 40, 42, 43, 44, 45, 51, 52, 54, 55, 56, 57, 58, 59, 60, 61, 62, 71, 72, 74, 75, 76, 77]"
1950,Nguyễn Thị Hương Nguyễn Hương Sen đây,[]
1951,Thằng việt quá ngu nhưng lại a dua thằng trung cẩu,"[0, 1, 2, 3, 4, 15, 16, 17, 29, 30, 31, 32, 33, 35, 36, 37, 38, 39, 47, 48, 49]"
1952,Con nay no đien roi,"[0, 1, 2, 8, 9, 11, 12, 13, 14]"
1953,nhan nay` de lam j nhi ?,[]
1954,Đmm 1/5,"[0, 1, 2]"
1955,Thằng chủ chó bị lũ chó bắt giam đến giờ chưa thả. Ad nắm thông tin vụ này chia sẻ với anh em gấp nhé !,"[0, 1, 2, 3, 4, 17, 18, 19, 20, 21, 22, 24, 25, 26, 27, 28, 29, 30, 31]"
1956,Kg có tiền sao sữa soạn dc chị,[]
1957,Nguyễn Thị Luận Hà Nam cũng vậy :),[]
1958,Rõ ràng rành mạch biểu cảm tốt giọng có cảm xúc xuất sắc 10₫ về chỗ,[]
1959,Trung Tin Nguyen Nhân Sử Đoàn Thủy Hồng Nga Tài bik là có nhiu đó à nhưng vẫn phải tag :)))),[]
1960,Tân AK xin video ạ,[]
1961,cú có Gai🤣,"[0, 1, 2, 3, 4, 5, 6, 7, 8]"
1962,Đúng là tay nhanh hơn não.,"[8, 9, 10, 11, 12, 13, 14, 15, 16, 17, 18, 19, 20, 21, 22, 23, 24]"
1963,Phạm Tuấn Tú Nguyễn Trọng Nguyễn Tai Ngo =)),[]
1964,Tụi m thấy garena.vn ko,[]
1965,Minh Phú đm coi nghề của Tiến Đạt Phạm ml nè,"[9, 10, 39, 40]"
1966,Tức nước vỡ bờ. Cả một lũ chó hại dân,"[23, 24, 25, 26, 27, 28, 29, 30, 31, 32, 33, 34, 35, 36]"
1967,Cho nghỉ học đi mà,[]
1968,Cực kì thuyết phục :>,[]
1969,Cà khịa quá đáng,[]
1970,Sống chậm thôi các bạn trẻ,[]
1971,3 que còn j nữa,[]
1972,Đạt Tiến địa hình này bắn ra hay bắn zô nhỉ 😆,[]
1973,chịu cứng🤣,[]
1974,Nha ba nay o gan kho dan no banh xac,"[11, 12, 13, 14, 15, 16, 17, 18, 19, 20, 21, 22, 23, 25, 26, 27, 28, 29, 30, 31, 32, 33, 34, 35]"
1975,Cơm Sườn là thứ SÚC VẬT nên tiếp tục sinh ra những con người có suy nghĩ của SÚC VẬT.,"[12, 13, 14, 15, 16, 17, 18, 19, 20, 21, 22, 77, 78, 79, 80, 81, 82, 83]"
1976,Nghe rất vô lý nhưng là độ mixi,[]
1977,"phải chi Nhật có một vị ""cha già dân tộc"" như ông Hồ thì giờ đã phát triển ngang ngữa đông lào cmnr ! tội nghiệp","[0, 1, 2, 3, 4, 5, 6, 7, 8, 9, 10, 11, 12, 13, 14, 15, 16, 17, 18, 19, 20, 21, 22, 23, 24, 25, 26, 27, 28, 29, 30, 31, 32, 33, 34, 35, 36, 37, 38, 39, 40, 41, 42, 43, 44, 45, 46, 47, 48, 49, 50, 51, 52, 53, 54, 55, 56, 57, 58, 59, 60, 61, 62, 63, 64, 65, 66, 67, 68, 69, 70, 71, 72, 73, 74, 75, 76, 77, 78, 79, 80, 81, 82, 83, 84, 85, 86, 87, 88, 89, 90, 91, 92, 93, 95, 96, 97, 98]"
1978,Trym to,"[0, 1, 2, 3]"
1979,Bảo Yến t chửi m láo vcl,"[8, 15, 21, 22, 23]"
1980,Long vương địt đấy,"[11, 12, 13]"
1981,Nguyễn Thị Hồng Ngọc trông như model :)))),[]
1982,Chả sao anh ạ,[]
1983,Trần Huỳnh Như bạn dơ quá đi😅,"[19, 20]"
1984,"Nhìn lướt qua thì trông chất vl, nhìn kỹ lại thì trông như cái đb ý","[29, 30, 63, 64]"
1985,đang cần tiền ai biết ở đâu mướn đi biểu tình chỉ em với,"[36, 37, 38, 39, 40, 41, 42, 43, 44]"
1986,"mua ở đâu cho mình địa chỉ với, chồng mình yếu quá :(",[]
1987,Chị đẹp Quá chị yêu ơi,[]
1988,Hóng ké :))),[]
1989,Nguyễn Hữu Nhân đớp cả của cháu. Thứ mắc dạy,"[16, 17, 18, 33, 34, 35, 36, 37, 38, 39, 40, 41, 42, 43]"
1990,1 lũ sâu mọt hại nuớc hại dân. lũ này chỉ có đem xử bắn,"[2, 3, 5, 6, 7, 8, 9, 10, 11, 12, 13, 14, 15, 16, 17, 18, 19, 20, 21, 22, 23, 24, 25, 26, 27, 28, 31, 32, 49, 50, 51, 52, 53, 54]"
1991,Ngửi cho tỉnh đi 3 Gòa,"[19, 20, 21]"
1992,a lúc nào chả xạo lon 🤣🤣,"[14, 15, 16, 17, 18, 19, 20]"
1993,Ông này có vào ăn bao h ko nhìn quen quen Lê Lê Thị Kiều Ngân,[]
1994,5C và 5Đ,[]
1995,Best cà khịa =)),[]
1996,giống vcl :)),"[6, 7, 8]"
1997,20-10 vui vẻ con bóng sadec:)),"[13, 14, 15, 16, 17, 18, 19, 20]"
1998,Anh em miên bac đâu hết rồi,[]
1999,Vô cùng thuyết phục,[]
2000,"Hello , Chuc ong duoc nhieu suc khoe . Have a wonderful day and take care . LOVE FROM CANADA",[]
2001,Hàn quốc không có dãy trường sơn và các láng giềng chết tiệt đó là một may mắn cho nam hàn! Nếu không thì nam hàn đã bị bắc hàn thôn tính và cùng trở thành cộng hòa xã hội chủ nghĩa trung hoa!,"[51, 52, 53, 54, 55, 56, 57, 58, 59, 128, 129, 130, 131, 132, 133, 134, 135, 136]"
2002,K-icm :,[]
2003,Cuộc sống ai lường trc điều gì :((,[]
2004,"Hư quá cơ, ôi 99 quê tôi :))",[]
2005,Uk,[]
2006,cái ll cát không,"[4, 5]"
2007,Nhiều cái nói kh thuyết phục lắm nhưng lần này độ đã nói khá thuyết phục đối với bản thân tôi :)),[]
2008,ghét mấy thằng lìn quay dọc vl,"[9, 10, 11, 12, 13, 14, 15, 16, 17, 28, 29]"
2009,"phải rồi ông tổ của cộng sản thờ satan , rồi bác hồ yêu quý lại đem sản phẩm của satan đến với người dân VN và đó chính là tư tưởng mác-lê vô thần duy vật vô thần vô tôn giáo","[29, 30, 31, 32, 33, 34, 35, 36, 37, 68, 69, 70, 71, 72, 73, 74, 75, 76, 77, 78, 79, 80, 81, 82, 83, 84, 85, 139, 140, 141, 142, 143, 144, 145, 155, 156, 157, 158, 159, 160, 161, 162, 163, 164]"
2010,- là lỗi của chị Nhung nữa :<,[]
2011,Vừa tham gia.,[]
2012,Đéo giống ai trên cái trái đất này,"[0, 1, 2]"
2013,Lý Thành Công nứng ak,"[14, 15, 16, 17]"
2014,"Nó cướp được tiền,nó có quyền_đồng bọn với quan.còn TNLT thì đồng bọn với dân_tuổi gì LS có quyền chứ?","[0, 1, 3, 4, 5, 6, 18, 19, 78, 79, 80, 81]"
2015,Hát dỡ mà hát hoài đuỹ khùng vàbg mã,"[19, 20, 21, 23, 24, 25, 26, 27, 29, 30, 31, 32, 33, 34, 35]"
2016,Già mà non quá aba,"[0, 1, 2, 3, 4, 5, 6, 7, 8, 9]"
2017,okela,[]
2018,Lê Nhân Trí Tín Lầy ghê con .,[]
2019,"núi này do ta mở, cây này do ta trồng, nếu muốn đi qua đây, mau đem tiền cống nộp :))",[]
2020,Dù gì thì đó là ý thức tự giác cần khen ngợi chứ ko trốn tránh cách ly,[]
2021,Bạn chả có tí hành kinh nào văn hoá cả,"[4, 5, 6, 7, 8, 9, 10, 11, 12, 13, 14, 15, 16, 17, 18, 19, 20, 21, 22, 23, 24, 25, 26, 27, 28, 29, 30, 31, 32, 33, 34]"
2022,ad ngu k biết xem thời gian hay chậm tiến so với thời đại vậy? từ thời kỳ nào mà giờ lôi lên,"[3, 4, 5, 7, 8, 9, 10, 11, 12, 13, 14, 15, 16, 17, 18, 19, 20, 21, 22, 23, 24, 25, 26, 27, 28, 34, 35, 36, 37, 38, 39, 40, 41, 42, 43, 44, 99, 100, 101]"
2023,hợp lý kkkk,[]
2024,thuyết phục cực kỳ,[]
2025,"Người Miền Bắc,người Miền Trung,người Miền Nam cũng đều là người Việt Nam,tất cả các miền đều có người tốt người xấu,nhưng hầu như đa số tất cả việt cộng mà leo lên hàng lãnh đạo từ cấp tổ dân phố,cấp phường cho tới cấp chóp bu thì không có đứa nào là người tốt cả","[144, 145, 146, 147, 148, 149, 150, 151, 152, 232, 233, 234, 235, 236, 237, 238, 239, 240, 241, 242, 243, 244, 245, 246, 247, 248, 249, 250, 251, 252, 253, 254, 255, 256, 257, 258, 259, 260]"
2026,chưa vk chưa ny uống vào ko biết có động dục ko nhỉ 🤨,[]
2027,Hải Hải =))),[]
2028,Con đỷ mẹ mày con chó,"[0, 1, 2, 3, 4, 5, 6, 7, 8, 9, 10, 11, 12, 13, 14, 15, 16, 17, 18, 19, 20]"
2029,Vãi lộc,"[0, 1, 2]"
2030,Như này đủ tấu hài chưa thầy :Đ,[]
2031,Minh Hoàng lần này bọn Thái vẽ bo vc ra. lúc nào cũng tâm bo. 😞,"[19, 20, 21, 34, 35]"
2032,Có ai bị nổi da gà ko :>>,[]
2033,Nghe Rất Vô Sinh Nhưng Lại Sinh 3,[]
2034,Yêu người Hồng Kông và yêu cảnh sát Hồng Kông Vì Hồng Kông Tự Do,[]
2035,"Lạc hậu, nghèo đói , trộm cươp...thời đại rực cmn rỡ","[0, 1, 2, 3, 4, 5, 6, 9, 10, 11, 12, 13, 14, 15, 16, 17, 21, 22, 23, 24, 25, 26, 27, 28, 29, 46, 47, 48]"
2036,"Một thời vào sinh ra tử vì đất nước, mang trong mình thương tật của chiến tranh. Giờ khi hòa bình người lính đó lại lao vào cuộc chiến mưu sinh với 1cuộc sống khó khăn , vậy mà giờ vướng vào vòng lao lý với một tai nạn không mong muốn , thật sự cuộc sống này có phải quá bất công với những người nghèo khổ khong",[]
2037,quá chuẩn ảb ạ.,[]
2038,Giống mấy thằng biến thái tụt quần show hàng đi lung tung trong xóm,"[10, 11, 12, 13, 14, 15, 16, 17, 18, 19, 20, 21, 22, 23, 24, 26, 27, 28, 29, 30, 31, 32, 33, 35, 36, 37, 38, 39, 40, 41, 42, 43]"
2039,"@Bé Hoan Banana tự nhiên kêu nó câm , m có vấn đề về thần kinh k","[29, 30, 32, 33, 34, 38, 43, 44, 45, 46, 47, 48, 49, 50, 51, 52, 53, 54, 55, 56, 57, 58, 59, 60, 61]"
2040,Thật chán với chế độ quản lý dân sinh,[]
2041,Ui giồi chửi kinh quá,"[8, 9, 10, 11]"
2042,Mình đanh vĩnh biệt cao lôn đi anh,"[27, 28, 29]"
2043,M tính chơi bê đê à,"[0, 12, 13, 14, 15, 16]"
2044,Em xin chia buồn với Hàn Quốc một đất nước thượng đẳng :((( nhưng em cũng muốn nói ditmevualonetaolam :))))),"[43, 44, 45, 46, 47, 48, 49, 50, 51, 52, 53, 83, 84, 85, 86, 87, 88, 89, 90, 91, 92, 93, 94, 95, 96, 97, 98, 99, 100]"
2045,Hoàng Xuân Tâm Tùng đi ỉa lúc mấy giờ bạn biết ko sao mà ko biết nó dùng lồn đi cmt dạo,"[23, 24, 65, 66, 73, 74, 75]"
2046,Ví anh làm kiểu gì mà trong ví lúc nào cx nhiều tiền vậy ?,[]
2047,Chúng tôi đã đi trước các bn hàng chục năm về cái này rùi,[]
2048,TRAN DAN TIEN BO.MOI GIA NHAP DCS.,[]
2049,Bùi Nga Quỳnh Anh chán chị :(,[]
2050,Lũ chó chết. Đkm loạn mẹ nó rồi. Xh như lồn,"[0, 1, 2, 3, 4, 5, 6, 7, 8, 9, 10, 13, 14, 15, 22, 23, 24, 25, 26, 40, 41, 42]"
2051,Jasmine Bui tứ quý nào cũng chặt đc đôi heo hết,[]
2052,Đệt 2 năm r đã bốc mộ r,[]
2053,Tết thầy mà để Sela xông nhà là năm sau tán gia bại sản luôn đó thầy.,[]
2054,Dm =)),"[0, 1]"
2055,Mikaela Hyakuya chủ tịch cái vẹo gì tầm này... Đinh la thăng còn hẹo... Dăm ba thằng chủ tịch ghẻ,"[25, 26, 27, 28, 29, 30, 31, 32, 33, 34, 65, 66, 67, 72, 73, 74, 75, 76, 77, 78, 79, 80, 81, 82, 83, 94, 95, 96]"
2056,Nguễn Trường vcl intro,"[13, 14, 15]"
2057,xám khí đú,"[0, 1, 2, 3, 4, 5, 6, 7, 8, 9]"
2058,Hứa Sơn ghép cho bạn thành ộp pa luôn nhá 😄,[]
2059,Anh Ba nhận họ hàng đi này =)),[]
2060,thành phần thối nát,"[11, 12, 13, 14, 15, 16, 17, 18]"
2061,clm =)),"[0, 1, 2]"
2062,Like nha <3,[]
2063,ship a 10 hộp ra bắc ninh nào,[]
2064,K-ATM có phải ca sĩ méo đâu mà cho vào đây 😂,"[20, 21, 22]"
2065,Vailon :)),"[0, 1, 2, 3, 4, 5]"
2066,giống lão gà mên teong là xì trum vl,"[6, 7, 8, 34, 35]"
2067,"Hô ng việt dùng hàng việt đâu hết rồi, làm mẫu đi chứ",[]
2068,Dã man quá,[]
2069,Anh đéo phải trình bày,"[4, 5, 6]"
2070,"2 cái thằng mọi rợ này phải cho nó ở tù mục xương thì nó mới tởn ! Chứ cho bọn nó ở tù có vài năm, bọn nó đéo có sợ đâu !","[2, 3, 4, 6, 7, 8, 9, 10, 12, 13, 14, 15, 16, 17, 32, 33, 40, 41, 42, 43, 44, 45, 46, 47, 48, 61, 62, 63, 75, 76, 77, 78, 79, 80, 99, 100, 101, 102, 103, 104, 106, 107, 108]"
2071,Cực kỳ kì thuyết phục,[]
2072,"Với tình trạng người dân dọn dẹp nhà cửa trước tết đang leo thang. Tôi đề nghị các ban ngành, cơ quan hữu quan phải có biện pháp cải thiện tình trạng bằng một số hình thức như tuyên truyền, răn đe, thu thuế môi trường thật nặng cho những ai dọn nhà cửa nhân dịp tết đến xuân về",[]
2073,"NHNN lại có việc , thằng Son đổi USD số lượng lớn ra tiền Việt kìa . Dân đổi 100USD thì nó đè ra phạt 90tr , thằng cán bộ đổi mấy triệu USD có khi xe chở tiền nó lùi vào tận cửa phòng khách ... Pháp luật phân biệt đối xử vcl","[19, 20, 21, 22, 23, 88, 89, 109, 110, 111, 112, 113, 147, 148, 149, 150, 151, 152, 153, 154, 155, 156, 157, 158, 159, 160, 161, 162, 163, 164, 165, 166, 167, 168, 169, 170, 171, 172, 173, 174, 175, 176, 177, 178, 179, 180, 181, 182, 183, 184, 185, 186, 187, 188, 221, 222, 223]"
2074,Kiện chết mẹ nhà nó cho nó đi tù 12 năm đi bồi thường thuêtj hại cho cả khu,"[5, 6, 7, 8, 9, 10, 11, 12, 13, 14, 15, 16, 17, 18, 24, 25]"
2075,20-11 quá trọn vẹn cho thầy tuiii,[]
2076,Cả Lê Hữu,[]
2077,Đừng đụng đến Bắc kỳ,"[14, 15, 16, 17, 18, 19]"
2078,"Gia mà nói chuyện vô duyên, khoe khoang đu thu","[0, 1, 2, 18, 19, 20, 21, 22, 23, 24, 25]"
2079,bo` cho' do chu' co` do cai' cc gi`,"[0, 1, 2, 3, 4, 5, 6, 7, 8, 9, 10, 29, 30]"
2080,nhớ đóng kín cửa nha. chúc các bạn baker hít thở không khí trong L )))),"[35, 36, 37, 38, 39, 65]"
2081,Haha trend cai(.),"[14, 15, 16]"
2082,Tiên tri vũ trụ Trần Đần đại ngu.,"[29, 30, 31]"
2083,Kiều Trinh Hương Giang Khúc Nguyễn Minh Như huhu tết này chị em về đánh bài miếng i :),[]
2084,Tài Nguyễn còn non và xanh lứm 🤣,[]
2085,Chuẩn rồi. Bọn nó k có lập trường và định kiến. Loại người như vậy sống cũng éo để làm gì. Đúng sai mà còn k biết thì biết gì ?,"[11, 12, 13, 14, 15, 16, 48, 49, 50, 51, 52, 53, 54, 55, 56, 57, 67, 68, 69, 70, 71, 72, 73, 74, 75, 76, 77, 78, 79, 80, 81, 82, 83, 84, 85, 86, 87, 88, 91, 92, 93, 94, 95, 96, 97, 98, 99, 100, 101, 102, 103, 104, 105, 106, 107, 108, 109, 110, 111, 112, 113, 114, 115, 116, 117, 118, 119, 120, 121, 122, 123, 124]"
2086,Bạn nào hợp tác làm đứa k chứ vã qué,[]
2087,"Nhàn Lê nhạc lần này đúng là k hay thiệt, mấy bài trc nghe còn thấy hay, mong là sau lần comback này ra nhạc đỉnh hơn, chứ bài này nghe ái ái kiểu gì á",[]
2088,Paula Lưu Cua đéo phải động vật à bạn ei 😀 ????,"[14, 15, 16]"
2089,"Tới bến, sáng dzìa",[]
2090,"Vũ Khắc Tiệp-kẻ chân dài, đầu ngắn?","[13, 14, 26, 27, 28, 29, 30, 31, 32, 33]"
2091,"Tuan Quoc so sánh vs con gái, chửi con gái ngta đ* này đ* nọ, đéo biết mày có cc không nữa, hay não toàn phân bò","[30, 31, 32, 33, 48, 49, 55, 56, 62, 63, 64, 71, 72, 73, 78, 79, 105, 106, 107, 108, 109, 110, 111]"
2092,làm giáo án xóa kênh đi thầy,[]
2093,Chết mẹ nó rồi,"[0, 1, 2, 3, 4, 5, 6, 7, 8, 9]"
2094,Đáng sợ:))) thả tim cho abe❤️,[]
2095,Game gì đây ae,[]
2096,Thay vì ngồi xàm lol,"[13, 14, 15, 16, 17, 18, 19]"
2097,Bích Phương thấy cmt bảo e Tăng Thanh Hà,[]
2098,Hải Yến tỏ ra thượng đẳng đ gì :)))) đhs t k care lắm ạ đcm đ ai hỏi ý kiến m,"[8, 9, 10, 11, 12, 13, 14, 15, 16, 17, 18, 19, 20, 21, 22, 23, 24, 26, 37, 38, 39, 41, 56, 57, 58, 60, 76]"
2099,Phuong Thuy bạn nói đúng con hiếu mất dại,"[25, 26, 27, 34, 35, 36, 37, 38, 39, 40]"
2100,Điên,"[0, 1, 2, 3]"
2101,Cay sương sương,[]
2102,Ác quỷ cả hình hài lẫn tâm hồn 😌,"[0, 1, 2, 3, 4, 5, 31]"
2103,ông này diễn hài xàm hay nhất ...,[]
2104,"Đang có cái game mua Hàu tặng bút này a e! Dùng cái của nợ chị vợ nói là đây nhé. CH!CH khỏe, CH!CH phê, đê mê tối ngày!!!","[82, 83, 84, 85, 86, 94, 95, 96, 97, 98]"
2105,cho nhism xem mới là đau này,[]
2106,Khung này ổn áp không thầy,[]
2107,Nhìn anh như con cu ấy,"[13, 14, 15, 16, 17, 18]"
2108,Đi kiếm con linh nó đỏ sẫm do đánh chết mẹ nó đi rất um ho,"[8, 9, 10, 17, 18, 30, 31, 32, 33, 34, 35, 36, 37, 38, 39, 40, 41, 42, 43, 44]"
2109,KLq mới bạn thi xong và chuẩn bị Trường nào học vậy,[]
2110,Minh Nhật éo chết vì dịch chết vì nổ đt🤣🤣🤣🤣🤣🤣,"[10, 11, 13, 14, 15, 16, 26, 27, 28, 29, 34, 35]"
2111,"Bệnh viện chứ kp khách sạn, thích thì vào tù mà ngồi","[42, 43]"
2112,Vài năm nữa đi ỉa chúng nó cũng bắt xin phép,"[15, 16, 18, 19, 20, 21, 22, 23, 24, 25]"
2113,Hợp lý anh ưi 🙄,[]
2114,Cho em hỏi cô chuyển giới chưa ạ,[]
2115,Hoàng Thu Hà táo quân năm nay có idol của Ca luôn,[]
2116,Không được cười Không được cười Không được cười Không được cười Không được cười,[]
2117,Chị Tiết bị chúng lời ngiền Gu chìiiiiiii dòi =))),[]
2118,2022về?!?!hài cốt có đc chưa chứ nói gì đến TD xuong thịt.,[]
2119,Minh Hiếu ơi. Chị chửi con Đĩ Thu ở Hàn Quốc đi chị,"[18, 19, 20, 21, 23, 24, 25, 26, 27, 28]"
2120,Tui muốn đi đúng làn lắm,[]
2121,From Mixi With Love ❤!,[]
2122,Cuộc sống cú vl =)),"[10, 11, 12, 13, 14]"
2123,đjtme đỉnh thật sự,"[0, 1, 2, 3, 4]"
2124,Cái thằng BD lộn kiếp nỗ banh nhà lòng,"[4, 5, 6, 7, 8, 9, 10, 11, 22, 23, 24, 25, 26, 27, 28]"
2125,Yess,[]
2126,đm thầy🙂,"[0, 1]"
2127,Cứ ngỡ là Black widow :)),[]
2128,xin quả nhạc đầu,[]
2129,Đù,[]
2130,nhìn chị đẹp quá,[]
2131,"Mục đích của Bolsa TV khi phỏng vấn Trần Dần là gì? Lập trường của người phỏng vấn khi phỏng vấn ông Dần là gì? Khi phỏng vấn người khác ít nhất cũng mang một tư thái tôn trọng khách khí với đối tượng được phỏng vấn. Đằng này ngoài mặt nói lời nhẹ nhàng khách sáo nhưng sâu bên trong lại là mỉa mai trào phúng, thậm chí đôi khi cắt lời ngưòi ta, tỏ ra thiếu tôn trọng. Nếu không có nhẫn nại để nghe ngưòi ta nói thì đừng làm cuộc phỏng vấn đó. Xem mấy clip kiểu này của Bolsa, thấy tội nghiệp cho ông Dần già cả, tiếp nhận phỏng vấn mà còn bị ông đầu trọc xoay vòng vòng như con rối.","[291, 292, 293, 294, 295, 296, 297, 298, 299, 300, 301, 302, 303, 304, 305, 306, 307, 308, 543, 544, 545, 546, 547, 548, 549, 550, 551, 552, 553, 554, 556, 557, 558, 559, 560, 561, 562, 563, 564, 565, 566, 567, 568, 569, 570, 571, 572, 573, 574, 575, 576, 577, 578, 579, 580, 581]"
2132,"Kô ai muốn phải cách ly ,nhưng vì sk cộng đồng cũng như sk chính mình hãy cố gắng lên bạn,bạn càng nói thì cái não của bạn sẽ bé đi nhiều.chúc bạn sau 14 ngày âm tính với corona.","[107, 108, 109, 110, 111, 112, 113, 114, 115, 116, 117, 118, 119, 120, 121, 122, 123, 124, 125, 126, 127, 128, 129, 130]"
2133,Chi oi chi gisu vo nhu vsy cji lam tu thien di chi,[]
2134,Nhin c minh hieu con co duyen còn con di linh ca loc nhin mat  no muon cho no an dam,"[34, 35, 36, 37, 38, 39, 63, 64, 75, 76, 81, 82, 83]"
2135,Lên Ti Vi cũng không quên trả tiền.,[]
2136,"Vài cái vở này cứ diễn đi diễn lại thấy nhàm quá, dân nghe nhiều thấy tởm","[40, 41, 42, 43, 70, 71, 72]"
2137,còn đây là idol của tui :v,[]
2138,Không còn gì để nói =]],[]
2139,Như Quỳnh rủ boà Trinh cho đủ tay :))))) ra nhà t ở. K lo chi hết :)))),[]
2140,Lỗ lồồn,"[3, 4, 5, 6]"
2141,"đừg đùa mấy cha CA mập mập :)), cỡ mấy thằg óc chó lập page này thì nó đập cho bố mẹ nhận ko ra nhé","[15, 16, 17, 46, 47, 48, 49, 50, 51, 52, 53, 54, 55, 56, 57, 58, 59, 81, 82, 83, 85, 86, 87, 88]"
2142,@Bé Hoan Banana ?,[]
2143,"Dm. T mới bị con go go nó chạy sau nó đớp b ak, gửi cho nó pit mà","[0, 1, 17, 18, 19, 20, 21]"
2144,Choán hông 😌,[]
2145,Xem bực mình thêm,[]
2146,bà hà thâm hơn dái chó 🤣🤣,"[6, 7, 8, 9, 15, 16, 17, 18, 19, 20, 21]"
2147,Fb minh hiếu nha,[]
2148,Đúng một quả ảnh hợp lí,[]
2149,Cũng giống lắm á :))),[]
2150,âm tính với covid là đúng rồi. nhưng dương tính với bệnh thần kinh. cách li nhầm cmn chỗ,"[37, 38, 39, 40, 41, 42, 43, 44, 45, 46, 47, 48, 49, 50, 51, 52, 53, 54, 55, 56, 57, 58, 59, 60, 61, 62, 63, 64, 65, 81, 82, 83]"
2151,Giáo án cc gì đây,"[8, 9]"
2152,Nguyễn Thịnh 6 múi luôn kìa,[]
2153,Sad,[]
2154,"Tết đến lương về mua xu may mắn lì xì, tặng quà tết bạn bè người thân mọi người eii",[]
2155,Nhac nhu lông lon thế chả bi hạch 😌😌,"[9, 10, 11, 12, 13, 14, 15, 16]"
2156,Sao k mổ cho thằng bố con mẹ lão bác sĩ chết ra đấy rồi bảo đúng quy trình? Địt mẹ chúng mày lũ sâu mọt thối nát.,"[13, 14, 15, 16, 17, 22, 23, 24, 29, 30, 31, 40, 41, 42, 43, 76, 77, 78, 79, 80, 81, 82, 83, 84, 85, 86, 87, 88, 89, 90, 91, 93, 94, 95, 96, 97, 98, 99, 100, 101, 102, 103, 104, 105, 106, 107, 108, 109, 110, 111]"
2157,Ngay lúc này lun. Sợ quá 😭😭😭,[]
2158,Nghe đến đoạn cuối thông đít nhau hàng ngày 😂😂 buồn cười vcl,"[19, 20, 21, 22, 23, 24, 25, 26, 27, 28, 29, 30, 31, 32, 57, 58, 59]"
2159,Hòa Nguyễn đam mê nợ nần sẽ theo đuổi e,[]
2160,Mấy thằng ngu dốt mà tại sao gọi bọn nó là nhà trí thức ?,"[4, 5, 6, 7, 8, 9, 10, 11, 12, 13, 14, 15, 16, 33, 34, 35, 36, 37, 38]"
2161,"Xàm ghê, có miến ziên nào chết liền , tự nhiên so sánh với Lisa","[0, 1, 2, 9, 10, 11, 12, 13, 14, 15, 16, 17, 18, 19, 20, 21, 22, 23, 24, 25, 26, 27, 28, 29, 30, 31, 32, 33, 34]"
2162,"1 ăn cả, ngã ăn l*n :))) Lê Chi","[16, 17, 18]"
2163,"Dcm fb 1tr fl mà cũng cho bay màu dc,giỏi đấy","[0, 1, 2]"
2164,Thầy làm như vậy là chết cdm tụi em ròi,"[20, 21, 22, 23, 24, 25, 26, 27]"
2165,Nhìn bộ trên tường vs cái ghế là đúng kiểu bạo dâm,"[43, 44, 45, 46, 47, 48, 49]"
2166,12 con giáp không dóng còn nào🤔,"[0, 1, 2, 3, 4, 5, 6, 7, 8, 9, 10, 11, 12, 13, 14, 15, 16, 17, 18, 19, 20, 21, 22, 23, 24, 25, 26, 27, 28, 29]"
2167,Ăn nên làm ra là phải ĐẦU TƯ 👏🏿👏🏿👏🏿👏🏿,[]
2168,Hiep Tong chắc k ai nhận ra đâu 🤣,[]
2169,Du học sinh Úc đấy😂,[]
2170,Nhanh chậm cmm :)),"[11, 12, 13]"
2171,Hanh Viet tất cả những lập luận viết sai chính tả đều như l,[58]
2172,"@Been 93 Nguyễn tao theo dõi Linda từ 2013 tới bây giờ rồi chứ không phải mới đây mà biết hay không biết, tụi nó cmt ít có xàm lồn quá nên bị chửi là vừa, rồi nói cmt khen mà cũng bị  chửi là do tụi nó cmt khen trên đầu trên cổ người ta đm ai không chửi","[16, 17, 18, 106, 107, 108, 109, 110, 111, 123, 124, 125, 126, 127, 128, 129, 142, 143, 144, 145, 184, 185, 186, 187, 195, 196, 197, 198, 199, 200, 211, 212, 213, 214, 215, 216, 217, 218, 219, 220, 221, 222, 223, 224, 225, 226, 237, 238, 249, 250, 251, 252]"
2173,"Ăn mặc không để đụng hàng, nên cũng không giống ai và con gì luôn.","[36, 37, 38, 39, 40, 41, 42, 43, 44, 45, 46, 47, 48, 49, 50, 51, 52, 53, 54, 55, 56, 57, 58, 59, 60, 61, 62, 63, 64]"
2174,Đan Thi Thao Nguyen Pham Thi Thi xanh mặt liền :(((((,[]
2175,Huỳnh Minh lực,[]
2176,"Cc gì zậy ô già , để cho mấy đứa nó ngủ coi 😳😳","[0, 1, 10, 11, 12, 13, 14]"
2177,Ty Pé bé dâu bắt trend lẹ ghê 🤣🤣,[]
2178,Lan Hoa mấy đứa suốt ngày bảo người ta đạo này nọ cả đời chỉ núp dưới bóng của người khác 🙂,[90]
2179,Lê Hà Thư vẫn cứ là ok:))),[]
2180,Giá đã niêm yết. Ngu mua đắc chí để thằng ad sủa. Tuy nhiên cũng phải chấn chỉnh cho nề nếp,"[17, 18, 19, 36, 37, 38, 39, 40, 45, 46, 47]"
2181,Chị ba .bản lĩnh con cháu hai bà trưng bà triệu👍🙏❤🌍,[]
2182,Vl,"[0, 1]"
2183,Cho em dia chi Di chi,[]
2184,Minh hiếu nói chuyện duyên dáng quá,[]
2185,Nghe giọng lứng quá abe,"[11, 12, 13, 14]"
2186,Long Nguyen :))) câm,"[17, 18, 19]"
2187,CHỉ cần rửa tay và ở yên trong nhà :),[]
2188,Minh Anh Mai Xin mọi người 3s để like và follow cho fanpage của mình nha.,[]
2189,Đm m hồ khang ạ,"[0, 1, 3]"
2190,Xa La Công Tử share về các page,[]
2191,Huynh Tam HT nó ghi sống nhanh mà :)),[]
2192,"Khi sự thật nó trần trụi thì chả con bò nào chịu như thế cả. Tư duy chỉ cần thắng bóng đá còn nô lệ, ô nhiễm chết lần chết mòn, dân tộc suy vong thì mặc kệ. Chính điểm yếu này mà tầng lớp thanh niên VN bị CS dắt mũi như những con lừa chỉ bằng vài trận bóng. Sự Thật luôn nghịch nhĩ.","[33, 34, 35, 36, 37, 38, 94, 95, 96, 97, 98, 101, 102, 103, 104, 105, 106, 107, 108, 109, 110, 111, 112, 113, 114, 115, 116, 117, 118, 119, 120, 121, 122, 123, 124, 125, 128, 129, 130, 131, 132, 133, 134, 135, 136, 137, 138, 139, 140, 141, 142, 143, 179, 180, 181, 182, 183, 184, 185, 186, 187, 188, 189, 190, 191, 192, 193, 194, 195, 196, 197, 198, 199, 200, 201, 202, 203, 204, 205, 206, 207, 208, 209, 210, 211, 212, 213, 214, 215, 216, 217, 218, 219, 220, 221, 222, 223, 224, 225, 226, 227, 228, 229, 230, 231, 232]"
2193,khựa nhé :)))),"[0, 1, 2, 3]"
2194,dư luận viên vào ẳng nào :v,"[17, 18, 19]"
2195,má lên clip rồi. mà đéo hiểu có ai giúp cho những người này hay không. mặt rõ ràng ra rồi. mà cũng chẳng đéo quan tâm,"[0, 1, 20, 21, 22, 105, 106, 107]"
2196,giàu mà ko biết chia chác cho tụi nó thì bầu Kiên đã là một ví dụ.,"[30, 31, 32, 33, 34, 35]"
2197,"Hoàng Văn nếu là nhà tài trợ thưởng thì ko mất thuế,nhưng sợ ko biết có tới tay mấy e đc ko nè",[]
2198,Kim Thanh đm thanh nhé,"[10, 11]"
2199,Mình mua chai 300k ve sịt nhứ cái quần què thấy mình ngu ghê luôn,"[34, 35, 36, 37, 38, 39, 40, 41, 53, 54, 55]"
2200,có thể suy ra 84% nhất trí là máy thằng ml tham ô :))),"[34, 35, 36, 37, 38, 39, 40, 41, 43, 44, 45, 46, 47, 48]"
2201,ngoài 50 thì chắc bố của nhung,[]
2202,Tuyển thủ trong team chuyên nghiệp mang Pubg VN ra thế giới này :)),[]
2203,Ít ra cứ phải chúc mừng Hồng Kong cái đã. Chắc còn phải được hưởng dân chủ thêm chục năm.,[]
2204,người sản xuất iphone idol anh độ rồi :v,[]
2205,Tấm đầu tìm mãi mới thấy anh chả =)),[]
2206,"đỉnh nhất vẫn là \""chiếc khăn gió ấm\""",[]
2207,Chỉ có mấy con thùng thần khùng và vô học mới khen hay và mùi đả lớn mà nói tuc mà mọi người còn cổ vủ hay tôi tinh toàn bị hư học coi đi đồng nay sắp lắc đi,"[11, 12, 13, 14, 15, 16, 17, 18, 19, 20, 21, 22, 23, 24, 25, 26, 27, 28, 29, 30, 35, 36, 37, 38, 39, 40]"
2208,Nh e là đời lên đéo cần e,"[16, 17, 18]"
2209,Phai cho Co nay 1 bai hoc de biet the nao la le do..An noi qua u la mat day... vo van hoa.,"[68, 69, 70, 71, 72, 73, 74, 79, 80, 81, 82, 83, 84, 85, 86, 87, 88]"
2210,Bao giờ bọn chó nó chết cùng thì mới ko an toàn,"[8, 9, 10, 11, 12, 13, 14, 16, 17, 19, 20, 21, 22]"
2211,đọc đâu cũng thấy lầm than :)))),[]
2212,Nát hết cmn rồi,"[0, 1, 2, 8, 9, 10]"
2213,Lan Vi quả này mưa rào r :)),[]
2214,Giả ốm để khỏi stream,[]
2215,Ba nay mat dai qua lon roi an noi tuc tiu hay ho gi,"[7, 8, 9, 10, 11, 12, 13, 34, 35, 36, 37, 38, 39, 40, 41, 42, 43, 44, 45, 46, 47, 48, 49, 50]"
2216,Cho ra những tấm ảnh đầy tính ấu dâm,"[30, 31, 32, 33, 34, 35]"
2217,"Mỹ mà ... lúc có lợi thì họ dung hết xài rồi vứt,","[28, 29, 30, 31, 32, 33, 34, 35, 36, 37, 38, 39, 40, 41, 42, 43, 44, 45, 46, 47]"
2218,Tóc đẹp lồn lộn vcl anh :))) đan xen từ ngữ chất vl,"[8, 9, 10, 16, 17, 18, 49, 50]"
2219,Thôi hoà bình công lý gì? Làm loạn :3,[]
2220,Mời Dì Hai (ca sỹ Tuấn Phong) đi Anh Chị ❤️❤️,[]
2221,Anh nên xuống địa phủ chơi vs diêm vương cho đỡ ngột ngạt nhá anh,"[14, 15, 16, 17, 18, 19, 20, 30, 31, 32, 33, 34, 35, 36, 37, 38, 39, 48, 49, 50, 51, 52, 53, 54, 55, 56]"
2222,"mày bị ngu hay gì mà m hổng hiểu , mày ngon m để hình bản mày lên là xác định 8h tối nay dở nóc nhà màyyy","[0, 1, 2, 7, 8, 9, 21, 35, 36, 37, 39, 40, 41, 42, 44, 58, 59, 60, 100, 101, 102, 103, 104]"
2223,"Cẩu quan thì luôn có những sáng kiến dị hợm, mà ko biết chúng có biết chữ để đọc báo ko?","[0, 1, 2, 37, 38, 39, 40, 41, 42, 56, 57, 58, 59, 60, 61, 62, 63, 64, 65, 66, 67, 68, 69, 70, 71, 72, 73, 74, 75, 76, 77, 78, 79, 80, 81, 82, 83, 84, 85, 86]"
2224,Abe mua áo như này là chet con di me sela rồi =)),"[22, 23, 24, 25, 26, 27, 28, 29, 30, 31, 32, 33, 34, 35]"
2225,nhìn hài vailon anh 🙂,"[9, 10, 11, 12, 13, 14]"
2226,"Với tài năng của thủ tướng cộng với trí tuệ của ông Kiên, minh tin rằng năm sau kinh tế VN sẽ hóa rồng lộn xuống thiên đường XHCN",[]
2227,Dat Nguyen đôi lúc cũng có bài k hay chứ chẳng lẽ hay hết 🙄,[]
2228,vcl mấy thằng liệt não =)),"[0, 1, 2, 8, 9, 10, 11, 12, 13, 14, 15, 16, 17, 18, 19, 20, 21]"
2229,Long Nguyễn do não m khôn hay ngu thôi,"[19, 30, 31, 32]"
2230,cận CL ! dân nghèo rớt ra xây cái nhà ga 900mil USD... 2` @@,"[4, 5, 9, 10, 11, 12, 13, 14, 15, 16, 17, 18, 19, 20, 21, 22, 23, 24, 25, 26, 27, 28, 29, 30, 31, 32, 33, 34, 35, 36, 37, 38, 39, 40, 41, 42, 43, 44, 45, 46, 47, 48, 49, 50, 55, 56]"
2231,"Như cc vay cái qq j mà vay lắm thế, ta khinh ! Đậu!","[4, 5, 15, 16, 39, 40, 41, 42, 43, 47, 48, 49]"
2232,Mỹ Hạnh hạnh là 1 bông hoa dại à 🤣,[]
2233,Dm! qua đợt dịch này thì thằng sống ích kỷ này chắc sớm gia nhập juventuts,"[0, 1, 25, 26, 27, 28, 29, 36, 37, 38, 39, 40, 41]"
2234,Ai cho t biết nhạc n ntn k 🤦‍♀️,[]
2235,Da thị ba,[]
2236,a xamlol qua,"[2, 3, 4, 5, 6, 7]"
2237,Lúc còn thời thì chửi ng ta. Hết thời rồi ra cái vẻ tiếc. Vớ vẩn vl :)),"[17, 18, 19, 20, 29, 30, 31, 32, 33, 34, 35, 36, 42, 43, 44, 45, 46, 47, 48, 49, 50, 51, 52, 53, 54, 55, 58, 59, 60, 61, 62, 63, 64, 65, 66]"
2238,Ngon mẹ gì mà ăn nhỉ,"[5, 6]"
2239,hq k còn ca nào nhiễm vì nhiễm gần hết,[]
2240,Nói về mấy ông bụng phệ ở trong chích quyền thôi nói cả đời vẫn ko hết chuyện...mãi cũng ko sửa đc..nó ăn vào xương vào tủy rồi.,"[7, 8, 9, 15, 16, 17, 18, 19, 20, 21, 22, 80, 81, 82, 83, 84, 85, 86, 87, 88, 89, 90, 91, 92, 93, 94, 95, 96, 97]"
2241,"@Been 93 Nguyễn Thế bây giờ còn chửi ai không, tụi bây cũng ít rảnh lồn quá mà, vô cmt cũng đàng hoàng gì...nói trên đầu người ta không chứ đàng hoàng gì","[32, 33, 34, 35, 47, 48, 49, 50, 51, 52, 53, 68, 69, 70, 108, 109, 110, 111, 112, 113, 114, 115, 116, 117, 118, 119]"
2242,Ad nói chiện như cc ngta phò thì đã sao ngta có trộm cướp gì nhà m chưa hả con chó ad ??? M đã xác định đc nghề nghiệp của ta chưa mà chửi chửi thì chửi cho đúng chư đừng thấy sao,"[17, 18, 25, 26, 27, 48, 49, 50, 51, 52, 53, 54, 55, 56, 65, 75, 76, 77, 78, 79, 80, 81, 90, 134, 135, 136, 137, 138, 139, 140, 141, 142, 148, 149, 150, 151]"
2243,Thế K-ICM ko phải là con trai rồi mà là cây ATM,"[4, 5, 6, 7, 8, 9, 10, 11, 12, 13, 14, 15, 16, 17, 18, 19, 20, 21, 22, 23, 24, 25, 26, 27, 28]"
2244,"Page này khác đ gì VT đâu ~~ toàn đăng bừa ẩu bậy.T like page này vì lúc đầu tụi nó nói đúng,càng về sau thì càng lòi cái mặt ra ~~","[14, 43, 44, 50, 77, 78, 79, 80, 81, 82, 114, 115, 116]"
2245,Đưa a Độ về bắt ít gà Tày làm khô gà bán cho các ông đấy,[]
2246,Anh ba reaction bài của cô Mina đi,[]
2247,yeb,[]
2248,Ko xin nó thì đái ra mà hết hạn hán nhé,"[7, 8, 14, 15, 16]"
2249,"Thiệt @@ VN mốt thành cái ổ trộm cướp giật đồ hết, tha hồ trộm đi, nhà nước bảo vệ cho","[28, 29, 30, 31, 32, 33, 34, 35, 36, 38, 39, 40, 41, 42, 43, 44, 58, 59, 60, 61]"
2250,"Tram Nguyen ũa, nó thích ia thôi chứ đâu có chây chét như mấy con đó :))))",[]
2251,Đạt Phạm dcu m đùa dai như tk bố m thế,"[9, 10, 11, 12, 13, 27, 28, 33]"
2252,Lương tháng dc có 7-8 triệu =)),[]
2253,Cái mỏ của nó cho khẩu súng vào bấm nút cái bùm,"[4, 5, 11, 12, 18, 19, 20, 21, 22, 23, 24, 25, 26, 44, 45, 46]"
2254,Người Việt mà đéo được về Việt . Đâm đầu chết mẹ đi cho mấy mà vừa lòng .,"[14, 15, 16, 33, 34, 35, 36, 37, 38, 39, 40, 41, 42, 43, 44, 45, 46, 47, 48, 49, 50]"
2255,Tao lao .nói chuyện hoan tưởng,"[0, 1, 2, 3, 4, 5, 6, 20, 21, 22, 23, 24, 25, 26, 27, 28, 29]"
2256,có fan cứng nhưng nào đâu hiển thị :((,[]
2257,Đây đích thị là một người bác sĩ vĩ đại ❤️,[]
2258,Nguyễn CHi Nguyễn Chi kk,[]
2259,Nhật TùNg r xong sản sủa,"[17, 18, 19, 20, 21, 22, 23]"
2260,Sao thầy kh múa quạt nhỉ =))),[]
2261,"Cái bọn bang đảng búa liềm này rất láo, vô sỉ. Miệng thì bù lu bù loa dân làm chủ, nhà nước quản, can bộ là đầy tớ nhưng xin hỏi có thằng đầy tớ nào mà láo như vậy ko, ko hề trình báo công việc mình làm, tiến trình và kết quả ra sao cho chủ, lại giữ bí","[0, 1, 2, 3, 4, 5, 6, 7, 8, 9, 10, 11, 12, 13, 14, 15, 16, 17, 18, 19, 20, 21, 22, 23, 24, 25, 35, 36, 37, 40, 41, 42, 43, 44, 47, 48, 49, 50, 51, 52, 53, 54, 55, 56, 57, 58, 59, 60, 61, 62, 63, 64, 65, 66, 67, 68, 108, 109, 110, 111, 112, 113, 132, 133, 134, 135, 136, 137, 138, 139, 140, 141, 142, 143, 152, 153, 154]"
2262,lạy tụi bán sim. méo biết nhục là gì nữa trời. ăn rồi bị họ chửi rủa như chó mà cũng lầy hoài. chả biết ai mua không mà cứ dai như đĩa đói -_-,"[4, 5, 6, 17, 18, 19, 26, 27, 28, 29, 47, 48, 49, 50, 51, 52, 53, 54, 55, 56, 57, 58, 59, 60, 61, 62, 63, 64, 65, 66, 67, 68, 69, 70, 71, 72, 73, 74, 75, 76, 77, 78, 79, 80, 81, 82, 83, 84, 85, 86, 87, 88, 89, 90, 91, 92, 123, 124, 125, 126, 127, 128, 129, 130, 131, 132, 133, 134, 135, 136, 137]"
2263,mat day,"[0, 1, 2, 3, 4, 5, 6]"
2264,xạo lol dell có gì vui chúng ta ko nên xạo lol 😏😏,"[0, 1, 2, 3, 4, 5, 6, 39, 40, 41, 42, 43, 44, 45, 47, 48]"
2265,Lạy mấy ông :((( sáng sớm mới thức coi từ tối qua giờ còn ám ảnh đ'dám đi đánh răng luôn,[]
2266,Trang MyHan nho lém á,[]
2267,Tự nhiên thấy yêu nước =)),[]
2268,Trung sonic,[]
2269,Ở một diễn biến khác,[]
2270,thiện tai,[]
2271,Giày trăm rưỡi trên sóp pe hơi bị xịn nha các ông =)))),[]
2272,có bạn ưi :)),[]
2273,"Mong muốn khởi nghĩa để đất nước giống ukranie, syria, iraq là ước mơ cháy mỏng của ad",[]
2274,vcl haha,"[0, 1, 2]"
2275,Chẳng hiểu mày ăn mặc kiểu lồn gi,"[11, 12, 13, 15, 16, 17, 18, 19, 20, 21, 22, 23, 24, 25, 26, 27, 28, 29]"
2276,Vler. Cái bọn này mà. Ko làm cái này thì tụi nó cũng kiếm ăn bằng cái khác thôi.,"[0, 1, 2, 3, 10, 11, 12, 41, 42, 43, 44, 45, 46]"
2277,Giống người k :)),[]
2278,Nản ngực giá bao nhiêu vậy chị,[]
2279,Nay live kênh mới hả a3,[]
2280,Nguyễn Bảo Nguyen Bao Minh lời hứa năm xưa,[]
2281,"Tình hình dịch bệnh đang rất phức tạp. Mọi người ra đường nhớ đeo khẩu trang. Ai sống một mặt thì đeo 1 cái, ai sống hai mặt thì đeo 2 cái. Còn ai sống như con kă.c. thì nên đeo bcs thay khẩu trang 😏😏😏","[109, 110, 111, 112, 113, 114, 115, 116, 117, 118, 119, 120, 121, 122, 123, 124, 125, 126, 127, 128, 129, 130, 131, 132, 133, 134, 135, 136, 137, 160, 161, 162, 163, 170, 171, 172, 173, 174, 175, 176, 177, 178, 179, 180, 181, 182, 183, 184, 185, 186, 187, 188, 189, 190, 191, 192, 193, 194, 195, 196]"
2282,Thầy ơi giáo án mới 0177 của con nè :),[]
2283,Ad lại chẳng biết cc j rồi. Tiền thuế cno' lấy của ad đâu bằng tiền cúng của tụi giang hồ,"[18, 19, 38, 39, 40, 77, 78, 79, 80, 81, 82, 83, 84, 85, 86, 87, 88]"
2284,Đây mới là người có bản lĩnh thực sự 👍,[]
2285,chẳng ra gì?,"[0, 1, 2, 3, 4, 5, 6, 7, 8, 9, 10]"
2286,Nói ý kiến của mình mà bị gọi là phản động.... Xàm VL,"[47, 48, 49, 50, 51, 52]"
2287,K icm ca sĩ concac à,"[12, 13, 14, 15, 16, 17]"
2288,"Xe tắng thiết giáp đáp lồn má mấy thằng ở trên,cmt ngu vl","[19, 20, 21, 22, 23, 24, 25, 26, 27, 28, 29, 30, 31, 32, 33, 34, 35, 36, 37, 38, 51, 52, 53, 54, 55, 56]"
2289,🥰,[]
2290,Vui cùng em bóp vú bên đường 🤭🤭🤭,"[12, 13, 14, 15, 16, 17, 18, 19, 20, 21, 22, 23, 24, 25, 26, 27]"
2291,Ông nào GATO thì sẽ bảo ảnh này ghép cho coi 😥,[]
2292,"Má đi du lịch ở nước ngoài về, thì tự khai báo cach li di chứ,sao có loại người i thức kém vậy trời","[0, 1, 69, 70, 71, 72, 80, 81, 82, 83, 84, 85, 86, 87, 88, 89]"
2293,"Mấy con cá đàn áp dân, từ dân mà ra, đc chính phủ trả tiền và trao quyền lực để quay lại đàn áp dân","[11, 12, 13, 14, 15, 16, 89, 90, 91, 92, 93, 94]"
2294,kệ cha chúng mày mọi việc đã có ĐẺNG và đám BÒ ĐỎ ÓC BÒ nó lo.,"[0, 1, 2, 3, 4, 5, 6, 7, 8, 9, 10, 11, 12, 13, 14, 15, 32, 33, 34, 35, 40, 41, 42, 43, 44, 45, 46, 47, 48, 50, 51, 52, 53, 54, 56, 57]"
2295,trung trần dần ? D: ?,[]
2296,Tiền nhiều thì làm gì. Ngoan mà nằm im 1 chỗ đi,[]
2297,E cũng rất thik lm giàu,[]
2298,Nghe có vẻ Hư Trúc nhưng lại rất Mộ Dung Phục,[]
2299,Chị ấy đúng là người vừa có tiền lại không có não. Nhà nước nên lập danh sách gửi cho hàng không cấm vận những ng đang trong thời gian cách ly để họ không di chuyển khỏi khu vực cách ly nhỉ. Và nên sử phạt thật nặng những trường hợp ntn lần sau khỏi tái phạm nữa,"[37, 38, 39, 40, 41, 42, 43, 44, 45, 46, 47, 48]"
2300,Học sinh như cái đách l abe,"[17, 18, 19, 20, 21, 22]"
2301,Dễ thương gì đâu,[]
2302,Ngọc Như chắc là sẽ bíu ty phun lắm đâyyy,[]
2303,Như con bóng dạ.:)),"[4, 5, 6, 7, 8, 9, 10, 11]"
2304,Xăng đg đc nhà nước trợ giá rẻ thế còn j nữa,[]
2305,Sẵn đây e nói lun. Hôm bữa e có nhặt được cộng lông ở nhà nghỉ ac nào đánh rơi thì tìm e e cho xin lại 😁,[]
2306,Hay quá tùng ơi !!!!!,[]
2307,Đất nước sẽ đi về đâu vs những thằng ngu như admin page này -_-,"[0, 1, 2, 3, 4, 5, 6, 7, 8, 9, 10, 11, 12, 13, 14, 15, 16, 17, 18, 19, 20, 21, 22, 23, 24, 25, 26, 27, 28, 29, 30, 31, 32, 33, 34, 35, 36, 37, 38, 39]"
2308,Sịn nhờ,[]
2309,Có vẻ là người nổi tiếng :v,[]
2310,Diện Trần,[]
2311,Trong Nguyen sống chậm lại để suy nghĩ kĩ hơn xem câu chuyện đó có gì buồn cười!,[]
2312,Tran Phuong Lieu Ở thế có chầm cảm,[]
2313,Oke bột giặt aba sạch tinh tươm,[]
2314,Thanh Hoa nhiều cánh hoa tạo nên (Thanh)Hoa,[]
2315,Suy diễn như cái cc.Đi so sánh khập khiễng vkl.Thử đứng ra kêu gọi đc cả đống tiền như ngta k mà ngồi rảnh lồn đi phán :))),"[17, 18, 43, 44, 45, 59, 60, 61, 62, 63, 64, 65, 66, 67, 68, 69, 70, 71, 72, 73, 74, 75, 76, 77, 78, 79, 80, 81, 82, 83, 84, 85, 86, 87, 88, 89, 90, 91, 92, 93, 94, 95, 96, 97, 98, 99, 100, 101, 102, 103, 104, 105, 106, 107, 108, 109, 110, 111, 112, 113, 114, 115, 116, 117]"
2316,cố gắng lấy lại hue hiệu han cứng nào =(,[]
2317,Tao vừa thấy thằng lâm thồn sủa mà sao xóa cmt nhanh thế :)))),"[0, 1, 2, 13, 14, 15, 16, 17, 19, 20, 21, 22, 23, 24, 25, 26, 28, 29, 30]"
2318,Nguyễn Phước Đạt tính ht r nha,[]
2319,ủa vậy Thủ Tướng kỳ này là ai vậy,[]
2320,Đm ad. Nếu ko phải hoài linh. Mà là người khác xây nhà này. Chính quyền bỏ qua rồi đến khi báo chí nói thì mày lại chẳng bù lu bù loa là bụng phệ ăn tiền chứ gì. Đm,"[0, 1, 107, 108, 109, 121, 122, 123, 124, 125, 126, 127, 128, 129, 130, 131, 132, 137, 138, 139, 140, 141, 142, 143, 144, 162, 163]"
2321,Mình hiểu uống sao không tan mỡ bụng chị  Ba vàng  Ngọc  cũng  giàu.   Hóa cho  nên đồng. Hùi hụi cho tới tháng  tám,[]
2322,Sương mù là tại thiên tai !,[]
2323,"không hèn không phải là cộng sản, tội đồ sớm có quả báo nhãn tiền.","[0, 1, 2, 3, 4, 5, 6, 7, 8, 9, 10, 11, 12, 13, 14, 15, 16, 17, 18, 19, 20, 21, 22, 23, 24, 25, 26, 27, 28, 29, 30, 31, 34, 35, 36, 37, 38, 39, 48, 49, 50, 51, 52, 53, 54]"
2324,Lại bảo ghép :v,[]
2325,Nhục cái lồn gì k biết?:)). Mệt người sủa ngu. Cút,"[9, 10, 11, 38, 39, 40, 42, 43, 44, 47, 48, 49]"
2326,dm tao nói cho tụi thầu nc ngoài xứ tây nhé.. lần sau vào phải có cái gì bôi trơn. nước bọt suông à.. chúng mày ngu lắm....,"[0, 1, 3, 4, 5, 15, 16, 17, 73, 74, 75, 76, 77, 78, 79, 80, 83, 84, 85, 86, 87, 88, 89, 90, 102, 103, 104, 105, 106, 107, 108, 109, 110, 111, 112, 113, 114, 115, 116, 117, 118]"
2327,Tao địt cần biết thằng lồn nào nghe máy trộm,"[0, 1, 2, 4, 5, 6, 17, 18, 19, 20, 21, 22, 23, 24, 25, 40, 41, 42, 43]"
2328,"Xem dc 1/3 toàn thấy nói đạo lý, chả có đéo gì bổ ích","[33, 34, 35, 36, 37, 38, 39, 40, 41, 42]"
2329,Kris Nai đéo mẹ =)))))),"[9, 10, 11, 12, 13, 14]"
2330,Đúng r..,[]
2331,Làm công việc mình đam mê là bước đầu của thành công đấy a :))) làm việc mà ko có đam mê thì sớm muộn gì ko nhảy việc :))),[]
2332,Táng chết cha tụi mày lũ học trò l :)),"[0, 1, 2, 3, 5, 6, 7, 8, 9, 10, 11, 12, 14, 15, 16, 17, 18, 19, 20, 22, 23, 33]"
2333,From Bảo Yên with love =))),[]
2334,"Chúng tôi: đại đa số dân đen nước Việt, rất cảm ơn thịnh tình và sự nhiệt huyết của quí ngài dành cho môi trường nơi chúng tôi sinh sống. Chúng tôi lấy làm tiếc về sự việc đã xảy ra, mà ko biết làm sao để thay đổi, mặc dù 90tr dân nước Việt thông minh,","[21, 22, 23, 24, 25, 26, 27]"
2335,ai có link beat cho mình xin đc ko ?,[]
2336,m nói láo chứ ai,"[0, 6, 7, 8]"
2337,Hoàng Xuân Tâm sơn tùng nè :),[]
2338,Hài vcl. Buồn mà xem video của Thầy là muốn tự tử :)),"[4, 5, 6, 44, 45, 46, 47, 48]"
2339,"Tôi cũng vây ,,,nói ko với tân hiệp phát",[]
2340,Vl sam,"[0, 1]"
2341,Bùn nhở,[]
2342,đm thầy nhớ thấy lol,"[0, 1, 17, 18, 19]"
2343,Đm cuộc đời nên có 1 độ thôi mệt vl rồi 🤣. 8 ông như ông độ nghĩ đm việt nam n loạn vl....,"[0, 1, 33, 34, 65, 66, 77, 78, 79, 80, 81, 82, 83, 84, 85]"
2344,"Trộn mẫu máu của 4 người & xét nghiệm sau khi cắt đôi que thử thì chắc kết quả sẽ không chính xác,rồi vợ chồng nghi kỵ nhau,kẻ có bệnh tưởng mình trong sạch tha hồ mang bệnh đi lây lan cho ng #,ng không bệnh lại tưởng bệnh thì lo lắng,rồi khéo lại tự vẫn.nói chung là tận cùng của sự khốn nạn,không thể chấp nhận","[248, 249, 250, 251, 252, 253, 284, 285, 286, 287, 288, 289, 290, 291]"
2345,vay cho con cháu du học xây nhà mà :v,"[0, 1, 2, 3, 4, 5, 6, 7, 8, 9, 10, 11, 12, 13, 14, 15, 16, 17, 18, 19, 20, 21, 22, 23, 24, 25, 26, 27, 28, 29, 30]"
2346,Vũ Thị Huyền bn v b,[]
2347,"Về chính trị, chúng tuyệt đối không cho nhân dân ta một chút tự do dân chủ nào.","[14, 15, 16, 17, 18]"
2348,"Cộng sản là thế, muôn đời",[]
2349,Su Quỳnh chéo avt hộ vs ạ,[]
2350,Chị nói hay thế,[]
2351,THẰNG AD ĐỌC KỸ RỒI HÃY PHÁN! AD MÀ LÀM ĂN THUA CẢ CON CHÓ! VỀ BỐC CỨT ĂN ĐI,"[0, 1, 2, 3, 4, 36, 37, 38, 39, 40, 41, 42, 43, 44, 45, 46, 47, 48, 49, 50, 51, 52, 53, 54, 55, 56, 57, 63, 64, 65, 66, 67, 68, 69]"
2352,Phan Nhuệ Anh cmt cái đồng hồ chi vậy bác 😂,[]
2353,Phan Mạnh Cường bạn lên xung phong đi chứ k ai mong chết đầu tiên đâu,[]
2354,"Không phải năng khiếu bạn ơi, cái bài này mấy ông ấy đi nhuyễn hết cả rồi còn đâu, dân còn lạ gì :))","[30, 31, 32, 33, 34, 35, 36, 53, 54, 55, 56, 57, 58, 59, 60, 61]"
2355,"Nó làm cái cửa hậu thừa ra tí để che mưa cho chắc hơn nước đỡ hắt thôi mà cũng ầm lên, ko thích thì lấy máy mài mà mài đi để nâng cao tinh thần bắc bó.","[0, 1]"
2356,Ae cho mình hỏi làm sao mua khô gà vậy??,[]
2357,Cánh hoa bên đấy là l** bên đây 😰😰😰,"[20, 21, 22]"
2358,Xin cụ Lân,[]
2359,Sang hết đây :)),[]
2360,K có nghìn nào giúp dân thì nín đi!,"[0, 1, 2, 3, 4, 5, 6, 7, 8, 9, 10, 11, 12, 13, 14, 15, 16, 17, 18, 19, 20, 21, 22, 23, 24, 25, 26, 27, 28, 29, 30]"
2361,@Mood Music bạn nói dị Là bạn xạo lồn,"[30, 31, 32, 33, 34, 35, 36]"
2362,1 con chó điên đã vào sủa và cắn....,"[2, 3, 4, 5, 6, 7, 8, 9, 10, 11, 12, 13, 22, 23, 24, 29, 30, 31]"
2363,Chả hiểu đẹp ở đâu,[]
2364,đợi cc,"[4, 5]"
2365,Nghỉ hè luôn,[]
2366,"Đậu mạ! Vịt nôm cái méo gì cũng có thể xảy ra. Trốn truy nã tại địa phương 26 năm, làm chánh văn phòng tại địa phương. Tất cả là nhờ sự lãnh đạo tài tình của đảng và nhà nước. Dân ta cứ yên tâm mà chết dần chết mòn đi","[0, 1, 2, 3, 4, 5, 8, 9, 10, 11, 12, 13, 14, 20, 21, 22, 47, 48, 49, 50, 51, 52, 53, 54, 55, 56, 57, 58, 59, 60, 61, 62, 63, 64, 65, 66, 67, 68, 69, 70, 71, 72, 73, 74, 75, 76, 77, 78, 79, 80, 81, 82, 83, 84, 85, 86, 87, 88, 89, 90, 91, 92, 93, 94, 95, 96, 97, 98, 99, 100, 101, 102, 103, 104, 105, 106, 107, 108, 109, 110, 111, 112, 113, 114, 115, 116, 117, 118, 119, 120, 121, 122, 123, 124, 125, 126, 127, 128, 129, 130, 131, 132, 133, 134, 135, 136, 137, 138, 139, 140, 141, 142, 143, 144, 145, 146, 147, 148, 149, 150, 151, 152, 153, 154, 155, 156, 157, 158, 159, 160, 161, 162, 163, 164, 165, 166, 167, 168, 169, 170, 171, 172, 173, 197, 198, 199, 200, 201, 202, 203, 204, 205, 206, 207, 208, 209, 210, 211, 212, 213]"
2367,Tao gõ chớt mẹ mày chứ ở đó mà múa . Abe said :)),"[0, 1, 2, 7, 8, 9, 10, 11, 12, 13, 14, 15, 16, 17]"
2368,Thật sự rất yêu Đà Nẵng và bác Thanh,[]
2369,"những đứa như ad với m chỉ suy nghĩ được z nên mãi làm dân ngu cu đen thôi, chừng nào tính được 200 tỉ mà ăn được bn mới làm lãnh đạo đc. thân ái","[6, 7, 8, 21, 56, 57, 58, 59, 60, 61, 62, 63, 64, 65, 66, 67, 68, 69, 77, 78, 79, 80, 81, 82, 83, 84, 85, 86, 87, 88, 89, 90, 91, 92, 93, 94, 95, 96, 97, 98, 99, 100, 101, 102, 103, 104, 105, 106, 107, 108, 109, 110, 111, 112, 113, 114, 115, 116, 117, 118, 119, 120, 121, 122, 123, 124, 125, 126, 127, 128, 129, 130, 131, 132, 133, 134, 135, 136]"
2370,Tiên cha chug mày trong đó chỉ có vị bộ trưởng bộ văn hóa thể thao và du lịch của Việt Nam và ông trần anh tuấn phó chủ tịch VFF là phó chủ tịch thường trực của liên đoàn bóng đá ĐNA và các quan chức thành viên của liên đoàn trao thưởng chỉ là chụp hik lưu niệm mà cug nói là quan chức lũ ngu à,"[0, 1, 2, 3, 4, 5, 6, 7, 8, 9, 10, 11, 12, 13, 14, 15, 16, 286, 287, 288, 289, 290, 291]"
2371,đảng con bò,"[0, 1, 2, 3, 4, 5, 6, 7, 8, 9, 10]"
2372,@Phan ngô dm nước sông ko phạm nước giếng ok ai tao cũng idol hết ok nhưng bức xúc chửi vậy thôi ko quên chúc cô buổi tối vv,"[10, 11, 48, 49, 50, 83, 84, 85, 86]"
2373,"Ông lân giỏi thật,,,, phỏng vấn mà mặt tỉnh như bơ",[]
2374,A làm e nộp đơn xin nghỉ việc cmnr và cái kết dkmn rồi sml ra “Cực kỳ thuyết phục”,"[30, 31, 32, 33, 46, 47, 48, 49, 55, 56, 57, 63, 64, 65, 66, 67, 68, 69, 70, 71, 72, 73, 74, 75, 76, 77, 78, 79, 80]"
2375,Nghe một hồi xong vẫn đ hiểu phụ nữ cần cc gì :((((,"[22, 40, 41]"
2376,Bắn làn+tốc độ,[]
2377,"tuyên dương a csgt này nữa. đm nhà a, bài bạc gái gú cái đầu bùi gì a cũng biết","[28, 29, 38, 39, 40, 41, 42, 43, 44, 45, 46, 47, 48, 49, 50, 51, 53, 54, 55, 56, 57, 58, 59, 60, 61, 62, 63]"
2378,Tài Lê Tấc nhiêng là mưu sự do nhân mà thành sự do thiên,[]
2379,Hòn Ngọc VIỄN Đông óc chó ạ :3,"[19, 20, 21, 22, 23, 24]"
2380,Tại sao K-ICM được coi là ca sĩ !!!!,[]
2381,Ngoc Pham đệch,"[10, 11, 12, 13]"
2382,Lời hứa mấy ông này như trò hề. Còn nhớ cái ngày ông Dũng lên làm thủ tướng ông ấy hứa nếu k xóa đc nạn tham nhũng thì sẽ từ chức. Và thực tế thì nạn tham nhũng tăng lên. Còn ông có từ chức mẹ gì đâu,"[0, 1, 2, 3, 4, 5, 6, 7, 8, 9, 10, 11, 12, 13, 14, 15, 16, 17, 18, 19, 20, 21, 22, 23, 24, 25, 26, 27, 28, 29, 104, 105, 106, 107, 108, 109, 110, 111, 112, 113, 190, 191]"
2383,Úc có vẻ rất tự hào về cậu học sinh này:))),[]
2384,Mỗi đứa một nơi cách nhau cái màn hình muốn call không đc muốn chơi game cũng không xong :3,[]
2385,Nguyễn chả bù chỗ bạn hành xe máy còn đắt hơn cả ô tô =)))),[]
2386,giống abe,[]
2387,"Thầy live ở đâu vậy thầy , em mún donet cho thầy hmmm",[]
2388,dmcs :)),"[0, 1, 2, 3]"
2389,sợ thật,[]
2390,Chào đ/c thiếu tướng Trần Dần,[]
2391,Mới hả mn 😅,[]
2392,Quá sai,[]
2393,đã đảo Hàn xẻng bị CS mua chuộc treo cờ máu!!! bên cali mà bắt chước treo thế này chắc nhiều ông bà đứt gân máu tăng xong chết quá 🥶,"[9, 10, 11, 12, 13, 14, 15, 16, 17, 23, 24, 46, 47, 48, 49, 115, 116, 117, 118, 119, 120, 121, 122, 123, 124, 125, 126, 127, 139, 140, 141, 142, 143]"
2394,Hơn 48 tiếng trôi qua lặng lõe :))),[]
2395,Vl 😂,"[0, 1]"
2396,Nguc em hoi nho,"[0, 1, 2, 3]"
2397,Nghe con cak,"[9, 10, 11]"
2398,👎👎,[]
2399,cc gì v =)))),"[0, 1]"
2400,Thần đồng toán học !,[]
2401,Nghe như l,[9]
2402,"Khī Pacpo hôm nay đi bảo , ngày mai bán dâm nuôi đảng","[36, 37, 38, 39, 40, 41, 42]"
2403,Cuối năm 2017 mà bây giờ đã lọt cuối 2019. Bọn ngu dốt này con ốc làm chưa được nhưng thích chém gió,"[43, 44, 45, 46, 47, 48, 49, 50, 51, 52, 53, 59, 60, 61, 62, 63, 64, 65, 66, 67, 68, 69, 70, 71, 72, 73, 74, 75, 76, 77, 78, 79, 80, 81, 82, 83, 84, 85, 86, 87, 88, 89, 90, 91, 92, 93, 94, 95, 96, 97, 98, 99]"
2404,TRẦN DẦN LÀ CỘNG SẢN NẰM VÙNG ĐẢ ĐẢO ĐẢ ĐẢO TRẦN DẦN HAHA😂😂,"[21, 22, 23, 24, 25, 26, 27, 28, 30, 31, 32, 33, 34, 35, 37, 38, 39, 40, 41, 42]"
2405,con chó. tưởng mày đc tung hô à. lũ chó bánh mỷ nước lọc đó xl cái cc. éo bik luật về nhà mà học ra đó đeo biển làm cc nhà mày à,"[0, 1, 2, 3, 4, 5, 6, 15, 16, 17, 33, 34, 35, 36, 37, 38, 60, 61, 67, 68, 71, 72, 116, 117, 123, 124, 125]"
2406,"Thớt óc chó, dư lợn viên ăn cám heo, con bò đỏ ngu si..thằng đàn ông rẻ tiền mất dạy..1 con người khốn nạn..","[5, 6, 7, 8, 9, 10, 13, 14, 15, 16, 17, 18, 19, 20, 21, 22, 23, 25, 26, 27, 28, 29, 30, 31, 32, 33, 34, 37, 38, 39, 40, 41, 42, 43, 44, 45, 47, 48, 49, 50, 51, 52, 55, 56, 57, 58, 59, 60, 61, 62, 63, 64, 65, 66, 67, 68, 69, 70, 71, 72, 73, 74, 75, 77, 78, 79, 80, 81, 82, 83, 98, 99, 100, 101, 102, 103, 104, 105]"
2407,khẩu trang mixi hân hạnh tài trợ 👍👍,[]
2408,phải thầy k ta,[]
2409,khổ thân anh tôi 🤣,[]
2410,câm mẹ m mõm lại nói nhiều,"[0, 1, 2, 3, 4, 5, 6, 7, 8, 9, 10, 11, 12, 13, 14, 15, 16, 17, 18, 19, 20, 21, 22, 23, 24, 25]"
2411,Phạm Trần Nhật Hạ ủa nói đúng mà có gì sai đéo? Đã vượt qua St đâu mà đạt kỉ lục mọi thể loại?💁,"[43, 44, 45]"
2412,Xạo lol để giựt tiền người ta,"[0, 1, 2, 3, 4, 5, 6]"
2413,"Suốt ngày ngoài ruộng, chẳg ai qtâm đâu",[]
2414,Của mình hay của người ae,[]
2415,Trên thực tế cái xh này là đến bọn trẻ con nó còn biết về thực tại xã hội chính trị còn mấy ông ấy ấy lại ô cần biết,"[37, 38, 39, 40, 41, 42, 43, 44, 45, 46, 47, 48, 49, 50, 51, 52, 53, 54, 55, 56, 57, 58, 59, 60, 61, 62, 63, 64, 65, 66, 67, 68, 69, 70, 71, 72, 73, 74, 75, 76, 77, 78, 79, 80, 81, 82, 83, 84, 85, 86, 87, 88, 89, 90, 91, 92, 93, 94, 95, 96, 97, 98, 99, 100, 101, 102, 103, 104, 105, 106, 107, 108, 109, 110, 111, 112, 113, 114, 115, 116, 117, 118, 119, 120, 121, 122, 123, 124, 125, 126, 127, 128, 129, 130, 131, 132, 133, 134, 135, 136, 137, 138, 139, 140]"
2416,"Loạn rồi, loạn thật rồi ông giáo ạ :))","[0, 1, 2, 3, 10, 11, 12, 13]"
2417,Chỉ có bắn chết mấy đứa mà cứ hâm mộ Hàn quốc,"[7, 8, 9, 10, 11, 12, 13, 14]"
2418,Dm vô cách ly chứ có phải sống trong lâu đài đâu muốn dc sung sướng..ngta còn phải phục vụ cơm cho ăn tận miệng còn cà chớn ..muốn m sống mới cách ly chứ muốn m chết đã kệ mẹ rồi m,"[0, 1, 116, 117, 118, 119, 120, 121, 122, 131, 159, 161, 162, 163, 164, 169, 170, 171, 172, 173, 179]"
2419,Thôi anh im đi,[]
2420,Trung Quốc chỉ có chính quyền mới vô nhân tính thôi còn dân của họ vẫn văn minh ý thức tốt..đâu như ở Việt Nam 1 số thành phần người dân quá thiếu ý thức giờ sự việc nghiêm trọng cứ tiếp tục thì hậu quả khôn lường,"[34, 35, 36, 37, 38, 39, 40, 41, 42, 43, 44, 45, 141, 142, 143, 144, 145, 146, 147, 148, 149, 150, 151, 152, 195, 196, 197, 198, 199, 200, 201, 202, 203, 204, 205, 206, 207, 208, 209, 210, 211, 212]"
2421,"mấy chú mà có quen 1 thằng ăn chơi hoang tàn, se sua diêm dúa cộng thêm cái tính láo toét éo có tự trọng... suốt ngày mở miệng là nổ mà cứ hỏi mượn tiền...mấy chú tính sao? liệu cho nó vay bao lâu thì nản?","[21, 22, 23, 24, 25, 26, 27, 28, 29, 30, 31, 32, 33, 34, 35, 36, 37, 38, 39, 40, 41, 42, 43, 46, 47, 48, 49, 50, 51, 52, 53, 54, 55, 56, 57, 58, 59, 60, 81, 82, 83, 84, 85, 86, 87, 88, 90, 91, 92, 93, 94, 95, 96, 97, 98, 99, 100, 101, 102, 103, 130, 131, 182, 183]"
2422,Chuẩn a ưii,[]
2423,xưa nay voz vẫn chất với những cua rơ như thế rồi bạn ui :3,[]
2424,Chưa biết cảm giác cãi nhau mí người yêu :”),[]
2425,Gil lại đi cà khịa rồii😂,[]
2426,Như lol anh ba,"[4, 5, 6]"
2427,"Nhà nước vn là một lũ cặn bả, chó má nhất vũ trụ","[19, 20, 21, 22, 23, 24, 25, 26, 27, 30, 31, 32, 33, 34, 35]"
2428,Nguyễn Văn Nam that khong ạ,[]
2429,Cú vl haha,"[3, 4]"
2430,đa số thực phẩm mà bọn quan lại ăn là an toàn ...(chúng có ăn đồ chợ đéo đâu!),"[19, 20, 21, 22, 23, 24, 25, 26, 27, 28, 29, 30, 50, 51, 52, 53, 54, 69, 70, 71, 72, 73, 74, 75]"
2431,Cầu mong là như vậy. Bác Đam cố lên. Việt Nam cố lên. Quyết định thắng còn corona này,[]
2432,cong suc bao lau cua minh cung dang nhe~,[]
2433,Cho con 1 tỉ đi cô,[]
2434,Cuộc sống kbt còn cái j ngu hơn cái này ko😌 bất lực😌,"[24, 25, 26]"
2435,Thằng admin hết tin tức để đăng rồi à.đkm thì kệ mọe nó,"[0, 1, 2, 3, 4, 38, 39, 40, 49, 50, 51, 52, 53, 54]"
2436,Nguyễn Khoa Nguyễn Oanh rồi tính sao,[]
2437,Sau Sing là tới Hàn Quốc . Bằng chứng là thím ngân đã cài cắm 9 điệp viên vào đoá . 😂😂😂,[]
2438,Cực kỳ thuyết phục anh êi,[]
2439,"Hy sinh đời bố, kệ cho dân chửi, miễn sao ăn cho nhiều tiền, có biến thì chạy thôi, tư duy của các ông tủn mủn chỉ có vậy thôi.","[27, 28, 29, 30, 42, 43, 44, 45, 46, 47, 48, 49, 50, 51, 52, 53, 54, 55, 56, 57, 58, 61, 62, 63, 64, 65, 66, 67, 68, 69, 70, 71, 72, 73, 74, 75, 76, 103, 104, 105, 106, 107, 108, 109, 110, 111, 112, 113, 114, 115, 116, 117, 118, 119, 120]"
2440,A Di Đà Phật mong là dịch sẽ đập tắc,[]
2441,Mỹ Duyên bạn tui ơi truyện hồi bạn về,[]
2442,Thật nực cười sai phạm tày trời vẩn leo cao đến chóp bu chỉ đến khi muốn hạ bệ nhau thì tội trạng mới đc lôi ra xử lý . Thiệt hại cho ND hàng bao ngàn tỉ rồi lại chỉ cảnh cáo cắt chức về vườn an toàn thế là xong .!!! Chế độ này chúng chỉ nhân đạo với bọn q chức cs ...???,"[105, 106, 107, 251, 252, 253]"
2443,Giao va cho a xin 1tram do coi,[]
2444,"Con nay kieu ha ,,,mo cua no an cuc nhieu qua ,,,nen len mang sua qua troi ,,do phan quoc ,,,,,,,,mo lon ,,,,,,,,LINH an lon dap chet me no di ,,,,,,,con cho vua gia vua sau","[0, 1, 2, 3, 4, 5, 6, 19, 20, 21, 22, 23, 24, 25, 26, 27, 28, 29, 30, 31, 32, 33, 34, 62, 63, 64, 77, 78, 79, 80, 81, 82, 83, 84, 85, 86, 87, 88, 98, 99, 100, 101, 102, 103, 118, 119, 120, 121, 122, 123, 125, 126, 127, 128, 129, 130, 131, 132, 133, 134, 135, 136, 137, 138, 150, 151, 152, 153, 154, 155, 156, 158, 159, 160, 161, 162, 163, 164, 165, 166, 167, 168, 169, 170, 171, 172]"
2445,Kkk,[]
2446,Nổ như bom.,"[0, 1, 7, 8, 9]"
2447,thôn cái lù. dkm cs,"[0, 1, 2, 3, 4, 5, 6, 7, 8, 9, 10, 13, 14, 15, 16, 17, 18]"
2448,"Chị ba nói cai gì chị bà củng có,  z chị ba có con cu hok, con có con cu nè","[51, 52, 70, 71]"
2449,Ảnh ghép hú hồn cái lol còn nguyên 🤧🤧,"[20, 21, 22]"
2450,Đẳng cấp DLV.,"[9, 10, 11]"
2451,thế là ước mơ đi học của bao học sinh dần dần tan biến,[]
2452,"Ồ ,tự nhiên add làm e nhớ mấy ông áo vàng cho lính đánh xe taxi chặn đường để bắt sai làn :)))","[26, 27, 28, 29, 30, 31, 32, 33, 34, 35, 36, 37, 38, 39, 40, 41, 42, 43, 44, 45, 46, 47, 48, 49, 50, 51, 52, 53, 54, 55, 56, 57, 58, 59, 60, 61, 62, 63, 64, 65, 66, 67, 68, 69, 70, 71, 72, 73, 74, 75, 76, 77, 78, 79, 80, 81, 82, 83, 84, 85, 86, 87, 88]"
2453,Vcl lag nó thấy thì nó chụp liền chứ vừa thấy chưa kịp chụp đã 2k 3k like,"[0, 1, 2, 8, 9, 20, 21]"
2454,Mắc ói,"[0, 1, 2, 3, 4, 5]"
2455,Năm sau đến lượt 2k2 rồi :)) sau năm tiếp theo nữa là 2k3 rồi đến 2k4 ờ và tiếp tục là 2k5 2k6 2k7 đcm nhiều vailon :)),"[99, 100, 101, 109, 110, 111, 112, 113, 114]"
2456,tuyển để e dí l vào mạt ngkhac à,"[11, 12, 13, 14]"
2457,"Địt mẹ mất cái xe thì:"" Chúng tôi đang điều tra và giải quyết"". Bán hàng rong thì giải quyết ngay lập tức không được để vấn nạn này xảy ra. Nực cười vc","[0, 1, 2, 3, 4, 5, 140, 141, 142, 143, 144, 145, 146, 147, 148, 149, 150]"
2458,Chỉ muốn nói rằng em rấtt rất nhớ anh 🙂,[]
2459,thu dan ba mo miệng  ra nghe thui như dong cuc,"[0, 1, 2, 3, 4, 5, 6, 7, 8, 9, 11, 12, 13, 14, 15, 16, 17, 18, 19, 20, 21, 22, 23, 24, 25, 26, 27, 28, 29, 30, 31, 32, 33, 34, 35, 36, 37, 38, 39, 40, 41, 42, 43, 44, 45]"
2460,Hóng mãi cái gala của bác Trần. Rất ok!,[]
2461,"Ko dám nói to đâu, nhưng mình cứ liên tưởng đến Nhà nước hồi giáo tự xưng IS. Tụi mà chuyên đi khủng bố thưởng dân ấy...:v","[78, 79, 80, 95, 96, 97, 98, 99, 100, 101, 102]"
2462,Theo ý kiến cá nhân riêng mình thấy bài hát này ko có chút ý nghĩa nghe có vẻ khá sàm ko hay ý kiến cá nhân nhé a hùng bàn phím né hộ,[]
2463,Những thằng liếm no nó chuồn rồi!,"[6, 7, 8, 9, 10, 12, 13, 14, 15, 20, 21]"
2464,"Về Việt Nam đi bác Dần, Sắp về với đất mẹ rồi thì lúc nằm xuống cũng phải ngửi mùi đất mẹ, để đất mẹ ôm vào lòng. Đừng nằm trên đất khách quê người, lạnh lẽo lắm, cô đớn lắm",[]
2465,Này là Đế quốc quẫy muốn chết chứ ở đó rẫy chết :)),"[7, 8, 9, 10, 11, 12, 13, 14, 15, 16, 17, 18, 19, 20, 21, 22, 23, 24, 25, 26, 27, 28, 29, 30, 31, 32, 33, 34, 35, 36, 37, 38, 39, 40, 41, 42, 43, 44, 45, 46]"
2466,:)))) những thằng ngu hay bảo người khác ngu mà ko biết nhìn lại mình,"[12, 13, 14, 15, 16, 17, 18, 19, 20, 41, 42, 43, 44, 45, 46, 47, 48, 49, 50, 51, 52, 53, 54, 55, 56, 57, 58, 59, 60, 61, 62, 63, 64, 65, 66, 67, 68]"
2467,Đi làm cũng khổ :((,[]
2468,Khác gì tát vào mặt thằng soang choảnh kia =))),"[8, 9, 10, 20, 21, 22, 23, 24]"
2469,Hồ Văn Kiệt bạn có biết khoảnh khắc kì diệu này ở video nào ko ạ?,[]
2470,Ảnh bên trái là khi a độ đi phẫu thuật thẩm mĩ,[]
2471,@Tủn 3K bởi nói ngu bây ko nhận,"[16, 17, 18, 20, 21, 22]"
2472,e hông hiệu e hông hiệu .,[]
2473,Trương Triều Vỹ có gì vui để cười 😤😤😤,[]
2474,Vụ này mà con Nhung ml ko đi tù thì sẽ có khối đồng chí phải đi thay.,"[10, 11, 12, 20, 21, 29, 30]"
2475,Nhìn a độ hồi xưa chất phải biết :)),[]
2476,Mún tìm cũng khó kkk,[]
2477,Phương Nam ừ cô mà tích lại mà bán,[]
2478,Vẫn có 1 người tặng quà va len thai cho mình mn ạ.,[]
2479,Tạ Thị Quỳnh ăn cứt,"[16, 17, 18]"
2480,Giọt nước tràn ly đi.. hãy ra nhiều luật vice lone hơn nữa. tôi ủng hộ,"[41, 42, 43, 44, 45, 46, 47, 48, 49]"
2481,Dkm cá chết là do k biết bơi nhá đỏ đo cái loz què̉,"[0, 1, 2, 46, 47, 48, 49, 50, 51, 52, 53]"
2482,Mình không ai theo đuổi nè hỡi các bạn thích cô gái có nhiều người theo đuổi :)),[]
2483,Thấy vd cute vch nhờ nền nhạc 😂😂,"[13, 14, 15]"
2484,Những cái chó gì mà của bọn vc Hanoi nói hay ghi chép gì cũng là bố láo cả ! Vì kinh nghiệm hơn 70 năm,"[10, 11, 12, 24, 25, 26, 27, 28, 29, 65, 66, 67, 68, 69, 70]"
2485,Nó đéo làm như vậy thì gọi đéo gì là dư luận viên?,"[0, 1, 3, 4, 5, 27, 28, 29, 37, 38, 39, 40, 41, 42, 43, 44, 45, 46, 47, 48]"
2486,Cực kì thuyết phục <3,[]
2487,Phạm Văn Lộc idol viết sai kìa🙄😆,[]
2488,"Địt mẹ lũ chó bán nước hại dân, ăn nhiều cho mập thây","[0, 1, 2, 3, 4, 5, 7, 8, 9, 10, 11, 12, 14, 15, 16, 17, 18, 19, 20, 21, 23, 24, 25, 26, 27, 28, 29, 45, 46, 47, 48, 49, 50, 51, 52]"
2489,Trên đời này sao có cái loại con người như con nhỏ này....đúng là khẩu nghiệp,"[24, 25, 26, 27, 43, 44, 45, 66, 67, 68, 69, 70, 71, 72, 73, 74, 75, 76]"
2490,vậy là đã bắt đầu lời kêu gọi toàn quốc kháng chiến của Phúc nghẹo,"[61, 62, 63, 64, 65]"
2491,đọc page này rất thư giãn :))),[]
2492,Con coronavirut nó làm cho mọi người hiểu ra chân ly cuộc sống,[]
2493,"Sống chó thế , cách ly cả nhà nó ko sao , liên luỵ cả làng mới ghê","[5, 6, 7, 30, 31]"
2494,Cực kì là thuyết phục 🙂,[]
2495,Ngọc Thắng.. chở nửa đi. Vê mà cánh ly dần đi,[]
2496,Hà Annh =)) cầu giấy thất thủ r,[]
2497,chuong tring nay riet roi khong co viec lam nen moi nhung thanh phan tao lao de dua len song.......nhung thanh phan len mang xa hoi chui rua........tao lao....thay giau bac hoan la ho......,"[69, 70, 71, 72, 73, 74, 75, 132, 133, 134, 135, 136, 137, 138, 139, 148, 149, 150, 151, 152, 153, 154]"
2498,Còn ở VietNam thì là cánh bứm,[]
2499,Nhỉnh mặt là thấy ác quỷ rồi,"[18, 19, 20, 21, 22, 23]"
2500,Xem Tom và jerry đừnng xem mèo tom nữa :)),[]
2501,Ngọc Liên nc nv nha homie :))),[]
2502,Con mẹ mày. Nhạ ơi. Nhòm vào bữa cơm 25k của các cháu trường tiểu học hạp lĩnh. Tp Bắc ninh xem mày có đớp đc ko,"[0, 1, 2, 3, 4, 5, 6, 7, 8, 9, 96, 97, 98, 103, 104, 105]"
2503,Đm chú chửi ai thế? Mai nghỉ việc cho đỡ căng thẳng nhé!,"[0, 1, 7, 8, 9, 10]"
2504,Xin video vs ông ơi,[]
2505,Giờ này thì gọi grab ship hàng thui chứ ra đường chi nữa :((((,[]
2506,"Nguyễn Thị Hương bảo sao thuê hẳn chuyên cơ riêng, hoá ra em chồng :))))",[]
2507,Duy Nguyễn phục cái máu lồn,"[20, 21, 22, 23, 24, 25, 26]"
2508,Linda như thám tử bắt tận tay đối chấp với thanh niên quay lén mình,[]
2509,Tìm một bạn nữ cùng cover tình yêu của nhà anh mixi,[]
2510,Dân chống nhưng quan chức không chống,[]
2511,3/ có một đệ nhất quốc sư như vầy làm sao mà không hẹn nhau Tấc nhiêng là đến mùa chuối sẽ cùng nhau về phụt cuốc!?,"[0, 1, 78, 79, 80, 81, 82, 83, 84, 85, 86, 87, 88, 89, 90, 91, 92, 93, 94, 95, 96, 97, 98, 99, 100, 101, 102, 103, 104, 105, 106, 107, 108, 109, 110, 111, 112]"
2512,Ba nay choi da qua bi hoang tuong,"[7, 8, 9, 10, 11, 12, 13, 22, 23, 24, 25, 26, 27, 28, 29, 30, 31, 32]"
2513,Hoangg An ôi nhìn con phò sena mà xem 🤨 đau hết cả mắt,"[22, 23, 24]"
2514,Ôi 1 thằng bede,"[5, 6, 7, 8, 9, 10, 11, 12, 13, 14]"
2515,Nói hủy kênh Không coi mà biết vô bình luận 😂😂😂,[]
2516,"Xin chào các bạn, hôm nay Sói sẽ hướng dẫn các bạn cắn kẹo xê xủi hương cam :v",[]
2517,Nhìn ngu vcl:))),"[5, 6, 7, 8, 9, 10, 11]"
2518,bạn trai nhà người ta chưa bao giờ làm tôi thất vọng :)),[]
2519,Cả hai đều như nhau cả thôi:)),[]
2520,Xạo l,"[0, 1, 2, 3, 4]"
2521,👍❤❤❤❤❤❤❤❤,[]
2522,Nhà nước minh nên có những biện pháp mạnh vs những hành vi đi nước ngoài về trốn khai báo.h đứa nào về nước trốn khai báo khi phát hiện đc là dương tính vs vi rút thì mang ra xử bắn luôn!,"[175, 176, 177, 178, 179, 180]"
2523,"Chất lượng các bài viết càng ngày càng tệ , nội dung bài viết chỉ mang tính hậm hực , trẻ trâu . nói chung càng ngày càng tệ .","[76, 77, 78, 79, 80, 81, 82, 86, 87, 88, 89, 90, 91, 92, 93]"
2524,Kinhh,[]
2525,Đào cái đầu ko có não của ad àh,"[4, 5, 6, 7, 8, 9, 10, 11, 12, 13, 14, 15, 16, 17, 18, 19, 20]"
2526,Mời Trần Đứa Bo đi,[]
2527,Wtf,"[0, 1, 2]"
2528,Trương q.huy ...trương chột  dịch nầy trốn trong lùm nào rồi mà không thấy sủa nữa ta,"[23, 24, 25, 26, 27, 28, 29, 30, 31, 32, 38, 39, 40, 41, 75, 76, 77]"
2529,Đọc thần chú j v thầy 🤣,[]
2530,"Thua cai nay nhug hon cai khac, tham nhung, quan lieu, yeu sach, hiep dap dan th nha nuoc VN lun so 1...","[32, 33, 34, 35, 36, 37, 38, 39, 40, 41, 44, 45, 46, 47, 48, 49, 50, 51, 52, 55, 56, 57, 58, 59, 60, 61, 62, 65, 66, 67, 68, 69, 70, 71, 72, 73, 74, 75, 76]"
2531,Ngáo thế,"[0, 1, 2, 3]"
2532,Duyên Suk chả liên quan nhưng avt của bạn là nữ sát thử thần tượng của tôi 😄😄😄,[]
2533,"Đụ má tao ghét cây ghét đắng mấy thằng dư luận viên vcc , tụi bây ăn cái lồn què gì mà đi bợ đít vcc vậy , bợ đít tụi nó vậy ông bà già tụi bây chắc tự hào lắm","[0, 1, 2, 3, 4, 6, 7, 8, 10, 11, 12, 13, 14, 15, 16, 17, 18, 19, 20, 21, 22, 23, 24, 25, 26, 27, 33, 34, 35, 36, 37, 52, 53, 54, 58, 59, 60, 61, 62, 63, 64, 73, 74, 75, 76, 77, 78, 79, 90, 91, 92, 93, 94, 95, 96, 97, 98, 99, 107, 108, 109, 110, 111, 112, 113, 114, 115, 116, 117, 118, 119, 125, 126, 127, 128, 129, 130, 131, 132, 133, 134, 135, 136, 137, 138, 139, 140, 141, 142]"
2534,Nguyễn Anh Trung ok,[]
2535,Thơ hay quá bác ơi triệu like,[]
2536,Sống chậm thôi,[]
2537,À thế bạn ý hát bài j jui có ai giới thiệu cho mình đc ko. Lâu jui mình chẳng nghe bài hát mới nào cả,[]
2538,Đm cái đầu b gì cũng tăng ...đm,"[0, 1, 7, 8, 9, 10, 11, 29, 30]"
2539,"Ad phân tích chuẩn,tư duy thứ 2_thích làm bố mẹ thiên hạ,biển xanh ở VN ra đường dân nể lắm,dạt ra mà nhường đường, có phạm luật gt cũng chả ai dám thổi phạt,csgt nào mắt có kèm nhèm trót thổi xuống cũng cười là xong","[42, 43, 44, 45, 46, 47, 48, 49, 50, 51, 52, 53, 54, 55]"
2540,"Dkm phat ,noi nhu c","[0, 1, 2, 18]"
2541,Cực kì Mộ Dung Phục,[]
2542,Đây là câu nói mà rất nhiều ae muốn gửi gắm tới anh Tiệp :))),[]
2543,Đù má điên 🤣🤣🤣,"[0, 1, 2, 3, 4, 5, 6, 7, 8, 9]"
2544,Mình nói lớn mà ngu thì lại nói mình hỗn. Ý thức như đachlone,"[16, 17, 18, 37, 38, 39, 53, 54, 55, 56, 57, 58, 59, 60]"
2545,6:27 😂😂😂,[]
2546,"Thế mà mình nói mấy thằng bắc kì, bọn đó lại bâu vô nói mình phân biệt!:D","[20, 21, 22, 23, 24, 25, 26, 27, 28, 29, 30, 31, 34, 35, 36, 37, 38, 39, 45, 46, 47]"
2547,Quần sịn nhưng tư cách đéo xịn,"[15, 16, 17, 18, 19, 20, 21, 22, 23, 24, 25, 26, 27, 28, 29]"
2548,Anh em nào ở khu vực tây ninh mà muốn vay tiền thì alo mình à 1tr ngày 5k thôi nhé😁,[]
2549,Thế này phải tìm cô nào gần nhà để yêu thôi,[]
2550,Đi grab mà nói quá nói luôn 😌,[]
2551,Ra khỏi chỗ cách ly rồi lấy đốg gạch🧱🧱 từ dư luận về xây biệt thự ở cho bớt ngột ngạt,"[76, 77, 78, 79, 80, 81, 82, 83, 84]"
2552,Tĩnh Que còn hát cho nhau nghe đc thì dăm ba cái chúc thấm đ' gì nhỉ,"[59, 60]"
2553,Thanh Trà Trương ??,[]
2554,dm éo học thì làm cc gì biết chữ,"[0, 1, 2, 3, 4, 5, 6, 7, 8, 9, 10, 11, 12, 13, 14, 15, 16, 17, 18, 19, 20, 21, 22, 23, 24, 25, 26, 27, 28, 29, 30, 31, 32, 33, 34, 35, 36, 37, 38]"
2555,"thằng kế nhiệm chắc chắn là đút lót kha khá rồi ,,","[0, 1, 2, 3, 4, 28, 29, 30, 31, 32, 33, 34]"
2556,Hí anh em ❤,[]
2557,Vãi thật :)) lạy luôn 😰😢,"[0, 1, 2, 13, 14, 15]"
2558,Vô đây coi là được liền nè mấy bợn,[]
2559,Bê lol chạy quanh nhà 😂😂😂,"[3, 4, 5]"
2560,Má. Tục vl,"[0, 1, 8, 9]"
2561,mà nhập code này là đc 2 huy hiệu luôn à ??,[]
2562,Không có nên chửi người ta là bắt ky! Hồn láo toét miệng lưỡi quá! Khẩu nghiệp quả báo sớm lắm,"[13, 14, 15, 16, 30, 31, 32, 33, 34, 35, 38, 39, 40, 42, 43, 44, 45, 46, 47, 48, 49, 51, 52, 53, 54, 55, 56, 57, 58, 59, 60, 67, 68, 69, 70, 71, 72, 73, 74, 75, 76, 77, 78, 79, 80, 81, 82, 83, 84, 85, 86, 87, 88, 89]"
2563,Ông chủ cà phê TRUNG NGUYÊN lúc này,[]
2564,Quockhanh Mai hóng,[]
2565,Có não thì nên sử dụng chứ cứ để nó đóng thành bê tông thì lại phí 😒,"[0, 1, 2, 3, 4, 5, 6, 7, 8, 9, 10, 11, 12, 13, 14, 15, 16, 17, 18, 19, 20, 21, 22, 23, 24, 25, 26, 27, 28, 29, 30, 31, 32, 33, 34, 35, 36, 37, 38, 39, 40, 41, 42, 43, 44, 45, 46, 47, 48, 49, 50, 51, 52, 53, 54, 55, 56, 57, 58, 59, 60, 61, 62, 63, 64, 65]"
2566,cái miệng rộng qua đẻ con ra còn lọt,"[4, 5, 6, 7, 8, 9, 10, 11, 12, 13]"
2567,Hóng dlv vào liếm,"[13, 14, 15, 16]"
2568,15p nuac gặp a iu,[]
2569,lớn quá ko a,[]
2570,Nguyễn Quốc An một giọt là nước suối tinh khiết,[]
2571,Tự nhiên nghĩ lại thấy đẹp trai cũng là cái tội ae ạ,[]
2572,Lão phét,"[0, 1, 2, 3, 4, 5, 6, 7]"
2573,Rút kinh nghiệm là lại đc sài nghìn tỷ .,[]
2574,Chị cho e biết tên chị đi.chị,[]
2575,vào vietnamfootball mà xem,[]
2576,uôi a à :)),[]
2577,công nhận cái khẩu trang giống thật còn....,[]
2578,ở Việt Nam rất khó...vì lý do...( ai sẽ là người đứng lên chỉ mặt người đàn áp...vì lỗi do thằng đánh máy...thằng đọc hay thằng ký không có tội )...ví dụ thực tế...1 nhóm người tụ tập kêu gọi hòa bình...ông A ký lệnh do ông B đánh chữ: giải tán nhóm ng,[]
2579,Sống bằng cacban rồi. :)))) k bị chậm nữa,[]
2580,Ăn mặc riết không ra gì,"[7, 8, 9, 10, 11, 12, 13, 14, 15, 16, 17, 18, 19, 20, 21, 22]"
2581,U chị ba có lol luôn . Vụ này ngộ à nghen,"[14, 15, 16]"
2582,Đồ  khùng,"[0, 1, 2, 3, 4, 5, 6, 7, 8]"
2583,Ngồi cười tấu hài để mus gánh mà hãnh diện j abe,[]
2584,Bao ChiMiinh AnhNy Thảo ng ba ria:,[]
2585,Về nước a nên vào tù ở trước thay vì gặp người khác xaolol,"[10, 11, 12, 13, 14, 15, 16, 17, 18, 19, 20, 21, 22, 23, 24, 25, 26, 27, 28, 29, 30, 31, 32, 33, 34, 35, 36, 37, 38, 39, 40, 41, 42, 43, 44, 45, 46, 47, 48, 49, 50, 52, 53, 54, 55, 56, 57]"
2586,Nguyễn Tài koi ccc bn,"[15, 16, 17]"
2587,Quanh đi quanh lại chả hiểu cặc gì nghĩa là chả biết m có vòng vo hay không vòng vo . nói toàn mấy cái vớ vẩn lòng vòng đéo hiểu đk. Mà thế đéo nào lại gặp thằng nói nhiều vậy không biết nữa. Dm nói vậy đọc cả ngày cũng chốt lại vòng vo tam quốc . như tao nói mẹ ra luôn lòng vòng lm cái lồn gì.,"[19, 20, 21, 28, 29, 30, 44, 45, 46, 53, 103, 104, 105, 106, 107, 108, 110, 111, 112, 113, 114, 115, 116, 117, 118, 120, 121, 122, 140, 141, 142, 156, 157, 158, 159, 160, 192, 193, 229, 230, 231, 232, 233, 234, 235, 236, 237, 238, 239, 240, 241, 242, 243, 244, 252, 253, 254, 260, 261, 271, 272, 273, 274, 275, 276, 277, 278, 279, 288, 289, 290]"
2588,Theo trung cộng đi rồi đến lúc ko còn lợi dụng đc bà sẽ thấy cảnh. Hãy nhớ câu đừng nghe những gì cs nói mà..😂😂😂,"[38, 39, 40, 41, 42, 43, 44, 45, 79, 80, 81, 82, 83, 84, 85, 86, 87, 88, 89, 90, 91, 92, 93, 94, 95, 96, 97, 98, 99, 100, 101, 102, 103]"
2589,Chị ba vàng ngọc,[]
2590,Minh Anh Bắt trend đi bé ơi 🤣🤣🤣,[]
2591,Chị ba sang quá à...Đi hửi quần xì của con les,"[23, 24, 25, 26, 27, 28, 29, 30, 31, 32, 33, 39, 40, 41]"
2592,Cảm giác anh nhớ em,[]
2593,Anh vừa nói cc gì vậy Abe :D??,"[12, 13]"
2594,Con Chim Non thể loại gì vậy???,[]
2595,Dơ vcl,"[0, 1, 3, 4, 5]"
2596,loại này chỉ có đút cu vào mồm,"[0, 1, 2, 3, 20, 21, 27, 28, 29]"
2597,"Các a các chị cho phép e xả chút ạ. Dkm mấy cái thằng hãm lol đi hát cái kiểu ki bo kẹt sỉ . Ăn mà ịt muốn ỉa . T thanh toán suốt rồi nhé ịt thèm chặt chém cái hội chúng mày mà mấy cái thể loại kêu t chặt chém. Loại mất dạy , chúng m động mồ động mả hả","[36, 37, 38, 48, 49, 50, 51, 52, 53, 54, 55, 56, 57, 58, 59, 60, 78, 79, 80, 81, 82, 83, 84, 85, 86, 87, 88, 89, 99, 100, 107, 108, 112, 138, 139, 146, 147, 148, 149, 150, 151, 152, 153, 154, 164, 165, 166, 167, 168, 169, 170, 171, 172, 185, 186, 187, 188, 189, 190, 191, 192, 198, 200, 201, 202, 203, 204, 205, 206, 207, 208, 211, 212, 213, 214, 215, 216, 217, 218, 219, 220, 221, 222, 226, 227, 228, 229, 230, 231, 232, 234, 235, 236, 237, 238, 239, 240, 241, 242, 243, 244, 245, 246, 247, 248]"
2598,"Chắc Ông Thầy Phong Thuỷ nào phán : vào báo công rất là xui , lần sau khỏi thắng luôn ... nên tin là cái chắc ?",[]
2599,Nhã My Lê em chồng tăng thanh Hà á,[]
2600,"Nhà tiên tri sao bị nhiễm duong tính được , hihihihih",[]
2601,"Thằng này thò tay ra luồn dưới gầm bàn lấy dollar của chệt ,bởi vậy mấy thằng an ninh sân bay của chệt đỏ nó chửi ra mặt vậy mà nó câm như hến...","[0, 1, 2, 3, 4, 54, 55, 56, 57, 72, 73, 74, 75, 76, 98, 99, 100, 101, 102, 103, 104, 109, 110, 111, 112, 128, 129, 131, 132, 133, 134, 135, 136, 137, 138, 139, 140, 141]"
2602,"cái đó chỉ áp dụng cho ""người ngồi trên phương tiện đang bị kiểm soát"", còn nếu muốn dừng xe bạn để kiểm soát thì vẫn cần ""Trực tiếp phát hiện hoặc thông qua phương tiện, thiết bị kỹ thuật nghiệp vụ phát hiện, ghi nhận được các hành vi vi phạm pháp luật về giao thông đường bộ""",[]
2603,Em thấy cũng ổn mà nhỉ 🙄,[]
2604,Có tiền mà xài không dc cũng zay... 😂😂,[]
2605,Ủa sao nói nó khóc lóc xin lỗi rồi mà,[]
2606,Chứ độ nối đúng vãi lồn,"[16, 17, 18, 19, 20, 21, 22]"
2607,thầy đẹp trai quá mấy đứa,[]
2608,Hoàng Yến fan cứng hả b =)))))),[]
2609,Cu Dan doi Kho. ma Tai Sao con an chan tien cua dan ngheo vay troi,"[7, 8, 9, 10, 11, 12, 13, 31, 32, 33, 34, 35, 36, 37]"
2610,Dậy thì không thành công ☺,[]
2611,Xin lỗi vì thích em vào thời điểm anh k có gì trong tay,[]
2612,Sống chậm thôi ông ơi,[]
2613,Ung thư tuỷ thì bỏ mẹ 😄😄,"[16, 17, 18, 19, 20]"
2614,còn mình không đồng ý khi bảo bộ đội là chính quyền,[]
2615,Án phí bên thua trả mà.,[]
2616,Lộc đến từ cao lãnh😂,[]
2617,Hayato Gaming 🤪,[]
2618,à m bảo ở nước ngoài nó quen rồi vậy cho m sang Ý ở nhé thàng ml,"[2, 41, 56, 57, 58, 59, 60, 62, 63]"
2619,@Chuyên gia dạy chó chuan men kkkk,"[1, 2, 3, 4, 5, 6, 7, 8, 9, 10, 11, 12, 13, 14, 15, 16, 17, 18, 19, 20, 21, 22, 23, 24, 25, 26, 27, 28]"
2620,VN phải có cái riêng biệt cái tự chủ độc lập toàn đi sau làm sau,"[50, 51, 52, 53, 54, 55, 56, 57, 58, 59, 60, 61, 62, 63]"
2621,Đm k tham xem có chết k :v ai bắt thích đớp k 500 :v lúc cầm tiền sao k nghĩ đi :v,"[0, 1, 17, 18, 19, 20, 40, 41, 42]"
2622,Chị trông phúc hậu quá,[]
2623,Chán,"[0, 1, 2, 3]"
2624,Thu Tuyền Phan hợp nhóm lại các cậu ơi :)))),[]
2625,Vũ Thanh Huyền thấy cmt của bạn này nghe mùi ích kỉ tính vào nói vài câu mà thấy các bác nói nhiều quá thôi em xin rút hí hí,"[45, 46, 47, 48, 49, 50]"
2626,Vẫn là dân khổ . Đảng cs muôn năm,"[0, 1, 2, 3, 4, 5, 6, 7, 8, 9, 10, 11, 12, 13, 14, 15, 16, 17, 18, 19, 20, 21, 22, 23, 24, 25, 26, 27, 28, 29, 30, 31, 32]"
2627,Khúc cuối anh cười cảm động thực sự,[]
2628,Bus nhanh còn đi đánh giải,[]
2629,Con gái của thầy đó,[]
2630,coin card :3,"[0, 1, 2, 3, 4, 5, 6, 7, 8]"
2631,pew đau lắm,[]
2632,Style hư dây kéo 😂,[]
2633,ít đăng bài tuần trước giờ em mất cứng dồiii 🤦🏻‍♀️,[]
2634,Hong Vann Thì anh tôi mà 🤣🤣,[]
2635,Đĩ già khùng,"[0, 1, 2, 3, 4, 5, 6, 7, 8, 9, 10, 11]"
2636,Viet Mai Tran ông ơi tui xin làm lyric nhé 😂,[]
2637,buồn nha,[]
2638,Nghĩa Le sân si hả má ?? Ko thích coi thì cút xéo đi,"[9, 10, 11, 12, 13, 14, 19, 20, 42, 43, 44, 45, 46, 47, 48]"
2639,Fan cứng điểm danh,[]
2640,hôm nay tiểu sẽ sống chết vs concac abe,"[21, 22, 23, 24, 29, 30, 31, 32, 33, 34]"
2641,đéo trình bày gì hết,"[0, 1, 2]"
2642,Rụng trứng.......,[]
2643,Dâm l,"[0, 1, 2, 3, 4]"
2644,Khải Nguyễn khác giá tiền đó anh :((,[]
2645,"Ad tên Thắm à , hehe , em lại nhớ tới cái con em học cùng cấp 1 cũng tên là Thắm và em toàn trêu nó là \"" Thắm mồm khắm như nước mắm \"" ad à :D","[97, 98, 111, 112, 113, 115, 116, 117, 118, 119, 120, 121, 122, 123, 124, 125, 126, 127, 128, 129, 130, 131]"
2646,Tức nhiêng là tiêng chi dũ chụ chần dần bình an tức nhiêng là miễn nhiễm dới di chùng...,[]
2647,Trời ơi đẹp quá à,[]
2648,Nước hoa đểu lấy đâu ra xịn :))) Hot girl méo gì nhìn xấu vkl thề :))),"[9, 10, 11, 42, 43, 44, 54, 55, 56, 57, 58, 59, 60]"
2649,Bốc họ chăn gái,"[0, 1, 2, 3, 4, 5, 6, 7, 8, 9, 10, 11, 12, 13, 14]"
2650,Dinh Hong Ngoc vắt chanh vắt quất cho sảng khoái thơm tho,[]
2651,Biệt danh ml,"[10, 11]"
2652,Võ Xuân Hoan điên hả m,"[13, 14, 15, 16, 21]"
2653,"Phải mang tiền theo, lì xì cho chúng! Thì trắng cũng thành đen","[31, 32, 33, 34, 35, 42, 43, 44, 45, 46, 47, 48, 49, 50, 51, 52, 53, 54, 55, 56, 57, 58, 59, 60, 61]"
2654,Bất lực 😞,[]
2655,"Đeos thân nó thì thân ai , đợi myz nó giúp á có mà đến mùa quýt . Tốt nhất cố mà tự thân vận đôngn","[0, 1, 2, 3, 10, 11, 35, 36]"
2656,Ghép chuẩn nhỉ,[]
2657,"an noi nhu cuc, mat nhu thu vat","[11, 12, 13, 24, 25, 26, 27, 28, 29, 30]"
2658,Đình Quang ê đẹp trai vll ra bảo xấu đcm đây mới xàm l nàyy,"[22, 23, 24, 37, 38, 39, 49, 50, 51, 52, 53]"
2659,cơ quan điều tra việt nam giỏi nhất thế giới ....trừ tiền bẩn của quan tham !,"[53, 54, 55, 56, 57, 58, 59, 60, 66, 67, 68, 69, 70, 71, 72, 73, 74]"
2660,Đứng đầu mẫu nghi thiên hạ,[]
2661,quen nữa nè cả nhà ơi =))) Mai Lê Thu Nguyễn Linh Nguyễn Thị Thuỳ Linh,[]
2662,Cực kì thuyết phục ! :)),[]
2663,Cà khịa anh Sơn mà =)),[]
2664,Vp Trường 😪 em kiếm cơm thui anh ơi,[]
2665,Tứ hoàng được ấy chứ =)),[]
2666,Chi ba co căt cho gi khoe khoang sao lôn,"[10, 11, 12, 13, 14, 15, 16, 33, 34, 35, 36, 37, 38, 39]"
2667,Bê Lol chạy xung quanh.,"[3, 4, 5]"
2668,Thằng này bị cả hội eva bốc phốt mà dm thằng add còn cố đéo chịu hiểu mà đăng lên,"[0, 1, 2, 3, 4, 24, 25, 26, 27, 28, 29, 30, 31, 36, 37, 39, 40, 41, 42, 43, 56, 57, 58]"
2669,Rồi sau đó chết bảo tại số,"[11, 12, 13, 14]"
2670,Cái éo j ca cũng nói dc,"[4, 5]"
2671,"Dương Trần CM thế thì tiền thuốc men lại đổ xuống sông xuống bể, lại còn tặng thêm tin cho lũ phản động xuyên tạc","[91, 92, 94, 95, 96, 97, 98, 99, 100, 101, 102, 104, 105, 106, 107, 108, 109, 110, 111, 112]"
2672,Tóc tai trông như cái đầu....,[]
2673,Trung tâm thần :))),"[6, 7, 8, 9, 10, 11, 12, 13]"
2674,Bàn tay chj đẹp quá .,[]
2675,Cường Sirô Khắc Đông Lào 🙂,"[11, 12, 13, 14]"
2676,"Nghe chán, ko cuốn như mất bài trước.",[]
2677,Giống LỆ RƠI ở việt nam kkk,[]
2678,Ảnh ghép các ông ơi :)))),[]
2679,"có 5 loại xe ưu tiên : thứ 1 xe cứu hỏa, thứ 2 xe quân sự và xe công an , thứ 3 xe cứu thương, thứ 4 xe hộ đê, thứ 5 xe có đoàn cảnh sát dẫn đường . vậy trong hình này 2 xe biển xanh nhà nước nếu mà có xe csgt dẫn đường mới là xe ưu tiên thứ 5 nhưng mà ko có xe csgt dẫn đường nên 2 xe này vi phạm nơi đỗ xe",[]
2680,Mô phật :)))))) Trâm Mai Phương Mai Khánh Ly Thủy Tiên,[]
2681,Có màu rằn ri Ko b,[]
2682,Bắt cái đầu mấy con cờ hó tung tin tào lao đập cho phát,"[0, 1, 2, 3, 4, 5, 6, 7, 8, 9, 10, 16, 17, 18, 19, 20, 21, 22, 23, 24, 43, 44, 45]"
2683,con mẹ mày thằng chó đéo đáng làm bố. mẹ mày,"[0, 1, 2, 3, 4, 5, 6, 7, 8, 9, 10, 11, 12, 13, 14, 15, 16, 17, 18, 19, 21, 22, 23, 38, 39, 40, 41, 42, 43]"
2684,"Thoại Trần ok chính \""tã\"" :))",[]
2685,Trần Vỹ nếu nó ko đạo nhái thì đâu có tiếng xấu muôn đời,"[12, 13, 18, 19, 20, 21, 22, 23, 24, 25, 38, 39, 40, 41, 42, 43, 44, 45, 46, 47, 48, 49, 50, 51, 52, 53, 54, 55]"
2686,HN Thu Nguyên mấy thằng nhơ bẩn cả nc vn,"[18, 19, 20, 21, 22, 23, 24, 25, 26, 27, 28, 29, 30]"
2687,Trần Sang bẩn cả fan cứng,"[10, 11, 12]"
2688,Ơ Đ M sao lại có cờ Tàu k h ự a thế kia,"[2, 3, 4, 20, 21, 22, 23, 24, 25, 26, 27, 28, 29, 30]"
2689,"Ông Trần Dần chẳng biết là phản động hay chỉ tấu hài nữa, nếu là phản động thì ổng là phản động ngáo nhất trên đời","[27, 28, 29, 30, 31, 32, 33, 34, 35, 45, 46, 47, 48, 49, 50, 51, 86, 87, 88, 89, 90, 91, 92, 93, 94, 96, 97, 98, 99]"
2690,Ngọc Huy học hỏi idol để có quả đầu đẹp nha =))),[]
2691,Tú đã sẵn sàng,[]
2692,Phạm Văn Lộc chính tả như lol lộc ạ,"[26, 27, 28]"
2693,Seri ảnh cưới đc nhiều người xem nhất,[]
2694,Abe lớn thật ròii ông giáo ạ,[]
2695,Vâng anhhhh,[]
2696,Người ta có chồng có con thơ dại.,[]
2697,An noi mat dai,"[7, 8, 9, 10, 11, 12, 13]"
2698,"công lý cái địt mẹ m à,công lý xử doanh nghiệp còn dân sai thì kệ mẹ à =))) bố m đéo uống cái gì của THP cơ mà để những con chó như m cắn càn thì xã hội loạn cmm r :)) m phạm tội xong m kêu m nghèo, mù chữ đéo biết luật thì m vô tội à thằng ngu, hay m lại bảo nó tống tiền là đúng đi :))","[12, 13, 14, 15, 16, 17, 18, 19, 63, 64, 65, 66, 67, 76, 77, 78, 79, 80, 81, 82, 83, 120, 121, 122, 123, 124, 125, 126, 132, 133, 134, 135, 136, 137, 138, 139, 140, 158, 159, 160, 161, 162, 168, 169, 170, 171, 172, 173, 174, 175, 176, 177, 184, 206, 207, 208, 224, 235, 236, 237, 238, 239, 240, 241, 242, 243, 250, 260, 261]"
2699,Ủa thầy có nói lộn hk e thấy thầy mới là người hk làm đc gì mà ???,[]
2700,Nhìn thầy có khác gì th nghiện k,"[21, 22, 23, 24, 25, 26, 27, 28, 29]"
2701,Đến đây từ tiktok. Xem xem người này như thế nào. Ra là như thế này. Co thế này mà đi đến đâu vệ sỹ và fan bủa vây tới đó.éo hỉu,"[122, 123, 124, 125, 126, 127]"
2702,May giau qua ha sao may duoc tien cua chi minh hieu😡😠😈 sao may mat day qua da may,"[0, 1, 2, 20, 21, 22, 59, 60, 61, 63, 64, 65, 66, 67, 68, 69, 78, 79, 80]"
2703,"Cái qq, đem clip đi kt liền","[4, 5]"
2704,Nhìn tiên tri vũ trụ ngon cơm rồi nghe.,[]
2705,"Thấy cái đó là xỉu vậy giờ bà cũng có cái đó đó cuối xuống nhìn có bị xỉu k, nói chuyện xạo quá","[15, 16, 17, 27, 28, 70, 71, 72, 88, 89, 90]"
2706,video hay quá,[]
2707,chào e người là điếc :)) thì quan hệ thích chơi kk haha,[]
2708,mày gốc nhật bản à ??? con nhung nó là trốn cách ly chứ k cố tình nhưng nói chung cũng gián tiếp. còn kia cố tình. vẫn cái suy nghĩ nước phát triển là ý thức hơn :))) tự nhục đât nước sang đó mà ở,"[0, 1, 2, 23, 24, 25, 33, 34, 167, 168, 169, 170, 171, 172, 173]"
2709,Thực sự thì bài này ko hay. View nhiều do danh tiếng những bài trước. Chờ sản phẩm sau vậy.,[]
2710,🚬 EM CÓ BÁN 1 SỐ DÒNG THUỐC LÁ THƠM ☕,[]
2711,Page viết nhju kai phản động quá. Sai luật thj bj phạt thui,[]
2712,Em cũng chúc cả nhà anh chị một kì nghĩ lễ thật vui vẻ ❤️,[]
2713,mong con mày không ngu như mày,"[5, 6, 7, 8, 9, 10, 11, 19, 20, 21, 22, 23, 24, 25, 26, 27, 28, 29]"
2714,có học thức chỉ tiếc văn hoá quá kém ...ý thức thua cả một con chó,"[21, 22, 23, 24, 25, 26, 27, 28, 29, 30, 31, 32, 33, 34, 35, 40, 41, 42, 43, 44, 45, 46, 47, 48, 49, 50, 51, 52, 53, 54, 55, 56, 57, 58, 59, 60, 61, 62, 63, 64, 65]"
2715,Ngao ngán quá !,[]
2716,Vãi cả nguyễn thị tươi khắm àh nhầm tươi thắm 😂😂😂,"[0, 1, 2, 3, 4, 5, 23, 24, 25, 26]"
2717,"Nhìn là đéo muốn xem rồi, dự là sẽ có những yếu tố bắt buộc phải cười","[8, 9, 10]"
2718,"Vui thôi :putnam: đừng vui quá <(\"") Em thề em thích câu này rồi đấy, Thềềềềề~ !!!!",[]
2719,Điểm gay ấn tượng và nổi bật đó ạ,[]
2720,Ko biết tâm sự cùng ai :)),[]
2721,Thoại Trần chính tã là chính gì,[]
2722,thầy sela,[]
2723,@Tiktok Official hùa theo là chó vậy mày cũng hùa đó,"[17, 18, 19, 29, 30, 31, 37, 38, 39, 46, 47, 48]"
2724,Em gái ơi xinh thế em ơi ước gì chi có  nước da giống em,[]
2725,hahaaha thầy là thầy đấy,[]
2726,Hoàng Minh Giáp tôi seach gg luôn đó bạn :),[]
2727,Dành cho ae nào muốn test zô lấy link tải bản china,[]
2728,Nguyễn Hiếu hàng 1 1 với fake là 1 chứ khác biệt lz gì đâu =))),"[25, 26, 27, 28, 49, 50]"
2729,Thảo Tròn nhớ đồng bọn qá cơ 🤧 cố gắng thôi nào 💓,[]
2730,Cuối đời rồi ông Trần dần cũng nghĩ ra được để sam hoi đoàn kết để còn một số thành phần chống cộng nghĩ lại,[]
2731,"Chỉ 1/2 đất nước trong nội chiến vẫn & đã làm đc điều như này vào 60n trước....ôi!, tôi yêu mN của tôi biết nhường nào!",[]
2732,Bùi Nga Quỳnh Anh chưa 20 tuổi kêu mệt,[]
2733,Vui vẻ có quạu abe ơi,[]
2734,Hoàng Yến đâu trêu thế =)))) b chưa xem qcao lẩu phan à,[]
2735,Chó má,"[0, 1, 2, 3, 4, 5]"
2736,anh ba làm lại giáo án yi đc ko abe <3,[]
2737,Ri thì như thor luôn,[]
2738,Có lồn đâu mà lấy 1 tỷ chùi trời,"[0, 1, 2, 3, 4, 5, 6, 7, 8, 9, 10, 11, 12, 13, 14, 15, 16, 17, 18, 19, 20, 21, 22, 23, 24, 25, 26, 27, 28, 29, 30, 31]"
2739,Tiếc hùi hụi vì miếng đất nước kìa,[]
2740,Idol của anh quang :D,[]
2741,"Thành Vinh có page ba gà và những người bạn đó , liên hệ xem",[]
2742,"Đơn giản đó là người SG, chứ ko phải người Tp.HCM(Đa số bake)","[56, 57, 58, 59]"
2743,Má thằng mả mẹ nào design nhìn mới tưởng nó mặc thêm 1 quần chưa kịp kéo khóa. Style kiểu này kn là thằng LÝ QUÝ KHÁNH,"[0, 1, 3, 4, 5, 6, 7, 8, 9, 10, 11, 12, 13, 41, 42, 100, 101, 102, 103, 104]"
2744,gáy to quá a ơi gà cao bằng,[]
2745,Lũ ngu dân,"[0, 1, 2, 3, 4, 5, 6, 7, 8, 9]"
2746,Sợ ko chết vì covid 19 mà chết vì nói ko kịp thở 🤣🤣🤣,[]
2747,Nè ní. M sai m cố chấp jo m xl à. Đào đất ngủ đi r nhận sự tha thứ,"[7, 13, 26, 28, 29, 34, 35, 36, 37, 38, 39, 40, 41, 42, 43, 44, 45, 46, 47]"
2748,Bóng gió sao nó hõn thấy ghê đã là người không được may mắn sao không biết tu bớt để an nhàn tâm hồn cứ sân si bởi vậy làm ảnh hưởng đến cộng đồng  người đồng tính đa phần họ hiền lành dễ thương mà sao đám quỹ chửi mất dạy quá conquy già kim ngọc  ngọc hiếu sao không biết nhục mà chương mặt ra,"[0, 1, 2, 3, 4, 5, 6, 7, 20, 21, 22, 23, 24, 25, 26, 27, 104, 105, 106, 107, 108, 109, 202, 203, 204, 205, 206, 207, 208, 210, 211, 212, 213, 215, 216, 217, 218, 219, 220, 221, 227, 228, 229, 230, 231, 232, 233, 234, 235, 236, 273, 274, 275, 276, 281, 282, 283, 284, 285, 286, 287, 288, 289, 290, 291, 292, 293]"
2749,Chó ko mọc nga voi...bê đê như thế nào  vẫn bóng gió  nghe,"[21, 22, 23, 24, 25, 44, 45, 46, 47, 48, 49, 50, 51]"
2750,Nguyễn Hoàng Lực phục cái máu lồn,"[26, 27, 28, 29, 30, 31, 32]"
2751,"Nói thì hay, n lúc thực hiện thì chán vãi lồng.","[0, 1, 2, 3, 4, 5, 6, 7, 8, 9, 10, 33, 34, 35, 36, 37, 38, 39, 40, 41, 42, 43, 44, 45]"
2752,Thế con trai bảo đợi thì sao?,[]
2753,Vãi,"[0, 1, 2]"
2754,Mai koo dc lam fan cung :<,[]
2755,A tuân hỏi chu cà mo la gi lam e cười mn xỉu,[]
2756,Nam Nam IB KÍN,[]
2757,Xin nhà tiên tri cho biết: Liệu trong đại dịch COVID 19 này lũ 3/// CCCĐ tại Hải ngoại có thể miễn dịch ko ạ? Và nếu bị nhiễm dịch thì lũ 3/// sỏ lá sẽ đổ lỗi cho cộng sản hay do sự chủ quan của chính quyền Mỹ ?,"[60, 61, 62, 63, 64, 65, 66, 67, 68, 69, 70, 71, 136, 137, 138, 139, 140, 141, 142, 143, 144, 145, 146, 147]"
2758,Anh bom đâu nhở không cà khịa nữa à :)),[]
2759,Tinh trùng Khuyết tật,"[0, 1, 2, 3, 4, 5, 6, 7, 8, 9, 10, 11, 12, 13, 14, 15, 16, 17, 18, 19, 20, 21, 22, 23]"
2760,Ngọc Trang mua dưa leo chơi cho rẻ,[]
2761,"Ở VN thì có thể, tôi nhấn mạnh là có thể thôi trở thành trend vì bạn là người nổi tiếng, còn sang nước ngoài bạn nhìn tấm ảnh đi, trông như đồ quê mùa học làm dân chơi","[140, 141, 142, 143, 144, 145, 146, 147, 148, 149]"
2762,@Khánh Linh,[]
2763,Trang này thật đúng là trang phản động -_- vì ad toàn nói đúng,"[29, 30, 31, 32, 33, 34, 35, 36, 37]"
2764,bác dần chớm có tình yêu nước r đấy,[]
2765,Phạm Văn Lộc lên nghỉ?,[]
2766,giờ mới 2020 mà ông này đã kêu là 2022 tôi đã về vn rồi - tôi về 572 lê quang định. 5p45s .  lão này về bằng cỗ máy thời gian của doremon ak,[]
2767,Nghe có vẻ vô sinh nhưng rất dễ có thai =]]],[]
2768,Chơi mua mấy mô hình đồ chơi khoảng từ triệu đến chục triệu,[]
2769,cực kì thuyết phục abe,[]
2770,cô này chỉ có chết mới hết gào thét,"[14, 15, 16, 17, 27, 28, 29, 30, 31, 32, 33, 34]"
2771,Má dơ vl =))),"[0, 1, 2, 3, 4, 5, 6, 7]"
2772,Nghe rất là vô sinh nhưng lại có bầu :)))),[]
2773,Già mà dơ,"[0, 1, 2, 3, 4, 5, 6, 7, 8]"
2774,Cảm ơn NKYN_có vũ khí đáp lại bò đỏ rồi!😄,"[15, 16, 17, 18, 19, 20, 30, 31, 32, 33, 34]"
2775,Cái dm dm dm,"[4, 5, 7, 8, 10, 11]"
2776,hết thời xuống núi lấy thun búng l*n :v,"[33, 34, 35]"
2777,Ăn mặc còn thua ng ăn xin,"[0, 1, 2, 3, 4, 5, 6, 7, 8, 9, 10, 11, 12, 13, 14, 15, 16, 17, 18, 19, 20, 21, 22, 23, 24]"
2778,"Bố thằng ad ngu. Thế có cậu du học sinh việt chết ở nhật. Gia đình cũng chạy vạy khắp nơi đóng đủ tiền để mang xác về thì sao ? Đăng bài nên lắc não trước nhé, hở tý là bỉ bôi","[3, 4, 5, 6, 7, 12, 13, 14, 45, 46, 47, 48, 111, 112, 113, 141, 142, 143, 144, 145, 146, 147, 169, 170, 171, 172, 173, 174]"
2779,Ý thức để dưới đít à,"[0, 1, 2, 3, 4, 5, 6, 7, 8, 9, 10, 11, 12, 13, 14, 15, 16, 17]"
2780,Cay đỏ dái,"[7, 8, 9]"
2781,Luật đã quy định như thế thì .. Đếch cần một thằng tiến sĩ chuỗi nhu ông.... Nghe mà không biết đường phan biên thì sẽ trả lời nhu ông tất ... Vô sỉ ..,"[32, 33, 34, 35, 45, 46, 47, 48, 49, 143, 144, 145, 146, 147]"
2782,Nguyễn Minh Phương em ngủ luônnn,[]
2783,Tấu hài cực mạnh từ Abe :>,[]
2784,Thuỳ Trang giờ có nè :>>,[]
2785,Thần kinh tọa,[]
2786,Duy Trần gửi cho em xin vd với ạ,[]
2787,Ai theo đạo râu xồm thì giơ tay? Hãy theo Minh giáo chủ sẽ được lên thiên đường XHCN!,"[12, 13, 14, 15, 16, 17, 18]"
2788,Thằng trọc Mác -Lê- Mao. Núp bóng nhà Chùa chứ tu gì ... nó viết bằng chữ Tàu hoặc của Buồi Hiền thì không ai nói. Đây chính chữ Quốc ngữ nó đã học và nói nơi cửa miệng .,"[0, 1, 2, 3, 4, 5, 6, 7, 8, 9, 25, 26, 27, 28, 29, 30, 31, 32, 43, 44, 45, 46, 47, 48, 49, 50, 51, 57, 58, 87, 88, 89, 90, 91, 92, 93, 94, 95, 138, 139]"
2789,"chúc các em 2k1 ngày mai bình tĩnh, tự tin, thi thật tốt.",[]
2790,Nguyễn Kim Chi lây cho khỉ rồi sao. 🤣,[]
2791,"Về với tập,ăn banh bao thịt người nhe ha ha h a","[23, 24, 25, 26, 27, 28, 29, 30, 31, 32, 33, 34]"
2792,Luật là tao tao là luật ý kiến cặc gì lên phường,"[8, 9, 10, 12, 13, 14, 31, 32, 33]"
2793,Cái mặt nghệt ra như mất sổ gạo ấy.,[]
2794,Cảm ơn em da dạy dỗ con Linh khùng.,"[20, 21, 22, 29, 30, 31, 32, 33]"
2795,"Một đám dlv tư chịch vs nhau, tởm vkl","[4, 5, 6, 15, 16, 17, 18, 19, 30, 31, 32, 33, 34, 35, 36]"
2796,Luôn ủng hộ K-ATM,[]
2797,Mn ơiii giúp em với ạ,[]
2798,Ho tran xuong,[]
2799,Bên Đà Nẵng chắc văn minh hơn nơi khác :)),[]
2800,"nhà sản thích tấu hài, tuyên giáo luôn mị dân","[0, 1, 2, 3, 4, 5, 6, 7, 8, 9, 10, 11, 12, 13, 14, 15, 16, 17, 18, 19, 20, 39, 40, 41, 42, 43, 44]"
2801,Họp thò thụt,"[4, 5, 6, 7, 8, 9, 10, 11]"
2802,Nguyễn Quốc An thứ học trò lồn,"[15, 16, 17, 27, 28, 29]"
2803,Nhà nàng ở cạnh nhà tui,[]
2804,MCVMedia  may dung co so sanh lisa tui  do di cho,"[10, 11, 12, 35, 36, 37, 43, 44, 45, 46, 47, 48]"
2805,Mấy bà BĐ khỏe khoang khoác lác,"[4, 5, 6, 7, 8, 22, 23, 24, 25, 26, 27, 28, 29, 30]"
2806,Bây giờ có nghiêm túc kiểm điểm hay nặng nhất là kỷ luật cách chức gì đó thì bọn quan lại chóp bu này cũng tẩu tán cất giấu mấy ngàn tỷ vào túi riêng rồi ! Lãnh đạo các ban ngành trong thể chế CS bao nhiêu năm đấu đá tranh chấp quyền lực cũng chỉ chờ có thế ! Hạ cánh với số dư tài sản khủng XONG !,"[77, 78, 79, 90, 91, 92, 93, 94, 95, 96, 107, 108, 109, 110, 111, 112, 113, 114, 115, 116, 117, 118, 119, 120, 121, 122, 123, 124, 125, 126, 127, 128, 129, 130, 131, 132, 133, 134, 135, 136, 137, 138, 139, 140, 141, 142, 143, 144, 145, 146, 147, 148, 210, 211, 212, 213, 214, 215]"
2807,liu liu,[]
2808,Biết điều là tốt . Ko t cho xuống cầu SG là chít mẹ☻,"[22, 23, 24, 25, 26, 27, 28, 29, 30, 31, 32, 33, 34, 35, 36, 37, 38, 39, 44, 45, 46, 47, 48, 49, 50]"
2809,Đoàn Trung Hiếu vãi loinmm,"[16, 17, 18, 19, 20, 21, 22, 23, 24, 25]"
2810,"Anh cứ viết lên Facebook đi, chúng tôi đang chờ vào để chửi anh đây :D","[55, 56, 57, 58]"
2811,Chat chan tay la xong.ko can lgi het.thang nao danh nguoi giet nguoi cu chat chan cat gan tay,"[0, 1, 2, 3, 29, 30, 31, 37, 38, 39, 40, 41, 47, 48, 49, 50, 58, 59, 60, 61, 72, 73, 74, 75, 82, 83, 84]"
2812,Đây có lẽ là cách mạng của con cẩu mang tên Gờ Zờ :V,"[27, 28, 29, 30, 31, 32, 33]"
2813,Hoang mang😱,[]
2814,Ngânn Lào Keyyy =)),[]
2815,Con di do noi doc giong con 3 vang ma !,"[0, 1, 2, 3, 4, 5, 24, 25, 26]"
2816,"Mấy thằng thằng bóng lộn  xàm lòn,","[4, 5, 6, 7, 8, 9, 10, 11, 12, 13, 14, 15, 16, 17, 18, 19, 20, 21, 22, 23, 26, 27, 28, 29, 30, 31, 32]"
2817,"Trời h mà đụng tới bk là mì chết sớm nhe con kia , chết ko kịp ngáp , mất dạy","[25, 26, 28, 29, 30, 31, 32, 33, 34, 35, 41, 42, 43, 51, 52, 53, 54, 55, 56, 57, 58, 59, 60, 61, 62, 63, 64, 65, 66, 70, 71, 72, 73, 74, 75, 76]"
2818,chửi thế này là bthg đấy :)) chắc nó làm cả việt nam khổ vì nó câu chửi cũng chẳng lj được nó,"[0, 1, 2, 3, 34, 35, 60, 61, 67, 68, 69, 70, 91, 92]"
2819,Mn nghĩ ntn vs cái tên loạn thế âm binh?,[]
2820,Bỏ số dt ra xài mạng gì ... Khùng chết mịa,"[28, 29, 30, 31, 32, 34, 35, 36, 37, 38, 39, 40, 41]"
2821,"đảng csvn không bị Mỹ mua, mà bị TQ sai khiến như sai tôi mọi, có đập tét mỏ thì cũng ráng cắn răng dạ dạ... ""16 vàng 4 tốt""","[36, 37, 38, 39, 40, 41, 42, 43, 44, 50, 51, 52, 53, 54, 55, 56, 57, 58, 59, 60, 66, 67, 68, 69, 70, 71, 72, 73, 74, 75, 91, 92, 93, 94, 95, 96, 97, 98, 110, 111, 112, 113, 114, 115, 116, 117, 118, 119, 120, 121, 122]"
2822,Đã bảo mà Ngu như Dân cũng đỡ khổ hơn là mang tên Nhục thế Đảng.,"[10, 11, 12, 50, 51, 52, 53]"
2823,Toang cmnr top 4 chưa có mà lại thế lày :)),"[0, 1, 2, 3, 4, 6, 7, 8, 9, 11, 12, 13, 14, 15, 16, 17, 18, 19, 20, 21, 22, 23, 24, 25, 26, 27, 28, 29, 30, 31, 32, 33, 34, 35, 36, 37, 38]"
2824,nói QC game lại tự ái,[]
2825,😞,[]
2826,T phải phạt cô thật nặng mới được!,[]
2827,Cho tui coi với,[]
2828,t khép đít lạy m!,"[7, 8, 9, 11, 12, 13, 15]"
2829,"Ủa nó tưởng đăng facebook là ghê gớm hả ta, đăng lên cho ngta chửi thêm à. Đề nghị mọi người unfollow face nó để nó đăng lên rồi tự thủ dâm lấy.","[3, 4, 29, 30, 31, 32, 33, 34, 35, 62, 63, 64, 65, 93, 94, 95, 96, 97, 98, 99, 100, 132, 133, 134, 135, 136, 137, 138]"
2830,Đm hết hình lựa hay sao mà lựa ngay quả ảnh hãm loz thật...,"[0, 1, 44, 45, 46, 47, 48, 49, 50]"
2831,":v rất là tự do ngôn luật .Cán bộ chửi dân ,xỉ nhục dân như chó thì ko sao dân phê bình cái thì bị phạt !","[34, 35, 36, 37, 44, 45, 46, 47, 48, 49, 50, 60, 61, 62]"
2832,阮氏幸 Tôm Dim e k chỉ thấy 1 lần đâu,[]
2833,Paula Lưu dân bmay thích pbvm nhỉ sv,"[14, 15, 16, 17, 25, 26, 27, 28, 34, 35]"
2834,tôi càng thấy trung cộng càng tự khiến mình nhục nhã hơn nên meh,"[14, 15, 16, 17, 18, 19, 20, 21, 22, 23, 44, 45, 46, 47, 48, 49, 50, 51]"
2835,Tuần sau 16 team là hơi căng đó nha :( phải hard hơn nữa,[]
2836,Hoàng Anh Đỗ đây nè,[]
2837,Nhờ tư tưởng thiên đường.,[]
2838,"bài viết của bạn quá hay,làm cho người đọc càng hiểu thêm nhiều về bọn Cơm Sườn mọi rợ.","[67, 68, 69, 80, 81, 82, 83, 84, 85]"
2839,Nguyễn Minh nhật bổn bệnh vl thế này á minh béo :)),"[12, 13, 14, 15, 16, 17, 18, 19, 21, 22, 23, 24, 25, 26, 27, 44, 45, 46]"
2840,"Lí do lí trấu, chắc tin😏:)))","[0, 1, 2, 3, 4, 5, 6, 7, 8, 9, 10, 11, 12, 23]"
2841,"Ông Tuân ổng cười khà khà , ổng cười quài luôn á. Ta nói chời ơi cô vừa dễ thương còn thật thà nữa",[]
2842,Xím chút thì còn 6 miếng đất😌,[]
2843,Tất cả cũng chỉ vì chữ tiền :),[]
2844,Pham Yen Nhi,[]
2845,"Thằng Vẹo lúc bố nó phang mẹ nó thì mẹ nó nghẹo cổ trên gối vì phê, thế là đẻ ra nó cũng Vẹo cổ theo. Đứng Vẹo, Ngồi Vẹo, lãnh đạo đường lối Vẹo","[0, 1, 2, 3, 4, 5, 6, 7, 8, 9, 10, 21, 22, 23, 25, 26, 27, 28, 29, 35, 36, 37, 48, 49, 50, 52, 53, 54, 55, 56, 57, 58, 59, 60, 61, 98, 99, 100, 108, 109, 110, 111, 112, 113, 114, 115, 129, 130, 131, 132, 141, 142, 143, 144, 170, 171, 172, 173]"
2846,Cất con mắt lé vào đi r nc vs chị hiếu,"[12, 13]"
2847,Con này đang tụng kinh hay đag đọc ráp vậy trời,[]
2848,Chụp ảnh cưới ở Mộc Châu siêu xịnnnn,[]
2849,Một phong cách rất ư là CS,[]
2850,Phat Huynh 2 trái mới dừa () :))),[]
2851,chuỵ ba xạo lồn :)),"[8, 9, 10, 11, 12, 13, 14]"
2852,"Trào lưu khoe của này nọ dạo này đang nở rộ lên trên mạng , toàn là xl","[68, 69]"
2853,Nỗ lực làm phò...cao cấp à?,"[11, 12, 13]"
2854,Fan cứng nè,[]
2855,Mất mặt người miền Tây .. miệng thì chửi Bắc kỳ. Nhưng cai miệng thì chữa tục tiểu ha. linh cá lóc .đừng có về vn nữa ha...,"[0, 1, 2, 3, 4, 5, 6, 36, 37, 38, 39, 41, 42, 43, 44, 45, 46, 69, 70, 71, 72, 74, 75, 76, 77, 78, 79, 80, 81, 101, 102, 103, 104, 105, 106, 107, 108, 109, 110, 111, 112, 113, 114, 115, 116, 117]"
2856,bả chửi người ta mà cái mặt bả hớn hở làm như zui lắm 🙄🙄🙄 nghiệp quật là có thật,"[0, 1, 3, 4, 5, 6, 28, 29, 58, 59, 60, 61, 62, 63, 64, 65, 66, 67, 68]"
2857,Levi làm quả call quá chi làm suất sắc =)),[]
2858,Cà khịa vãi nồi. Báo chí dạo này lắm phản động ah nha =)))),"[8, 9, 10, 11, 12, 13, 14, 37, 38, 39, 40, 41, 42, 43, 44, 45]"
2859,thầy book giáo án mới cho e:(( a be cứu e vs,[]
2860,"Hà Nội sẽ đc đổi tên thành tp Mao Trạch Đông, đg biên giới VN sẽ đc mở rộng ra tới Tây Tạng. Giải phóng Đài Loan sẽ là nhiệm vụ hàng đầu của nhân dân xhcn, đế quốc Mỹ và bọn tay sai sẽ phải cút khỏi biển đông và biển nam hải. Cùng với Thượng Hải, Bắc K","[0, 1, 2, 3, 4, 5, 6, 7, 8, 9, 10, 11, 12, 13, 14, 15, 16, 17, 18, 19, 20, 21, 22, 23, 24, 25, 26, 27, 28, 29, 30, 31, 32, 33, 34, 35, 36, 37, 38, 39, 40, 41, 42, 43]"
2861,"có bài sấm truyền, đọc hoài",[]
2862,"Đúng rồi, toàn bọn rẻ rách, cặn bã, ăn cơm ăn cức của Việt Nam mà mở mồm ra là chửi sằn bậy !!!","[15, 16, 17, 18, 19, 20, 21, 22, 23, 24, 25, 28, 29, 30, 31, 32, 33, 46, 47, 48, 79, 80, 81, 82, 83, 84, 85, 86, 87, 88, 89, 90]"
2863,Tiền có thể kiếm cả đời. Nhưng mạng mỗi người chỉ có 1. Hãy tự vì mình trước tiên đã!,[]
2864,Điều kì diệu ở phòng giam số 7,[]
2865,Bóng dơ bóng bẩn bóng thúi,"[0, 1, 2, 3, 4, 5, 6, 7, 8, 9, 10, 11, 12, 13, 14, 15, 16, 17, 18, 19, 20, 21, 22, 23, 24, 25]"
2866,hot lồn chứ hot girl,"[4, 5, 6]"
2867,vl dấu bé ba :),"[0, 1]"
2868,Lai ? Lai là lai chó đó sao,"[17, 18, 19]"
2869,Cặp bot tấu hài vcsb,[]
2870,Đéo ai đùa như thế,"[0, 1, 2]"
2871,cái này tại dân... cu hòi húng nó bảo thế :v,[]
2872,nghe tới bạn bè óc nổi cục ... ớn xạo lol hok hà .. thứ ăn cháo đá bát em thấy nhiều chị ơi ...bớt giận bớt giận 🤫,"[31, 32, 34, 35, 36, 37, 38, 39, 40, 52, 53, 54, 55, 56, 57, 58, 59, 60, 61, 62, 63, 64, 65, 66, 67, 68, 69]"
2873,Mãi mãi liềm lone,"[13, 14, 15, 16]"
2874,Ủa ah nói hay vậy🤣🤣,[]
2875,Duy Anh Pham dm,"[13, 14]"
2876,Iuuu Tòi Xúng 😚,[]
2877,Bạn nhớ lì xì !!!,[]
2878,Thảo Chăm tôn hẳng con cu tí hon của anh tịp,"[23, 24]"
2879,Trương Duy lz mẹ,"[11, 12, 13, 14, 15]"
2880,"k phải k làm gì mà nhiều cmt như vậy nó bị loãng cmt với nhảm cmt vãi l ra ấy, có thể 1,2 cái bình luận thì vui chứ spam thì quạo vãi l ra","[37, 38, 57, 58, 59, 60, 66, 67, 68, 69, 70, 130, 131, 132, 133, 134]"
2881,Có cc ý :)) tin người vl,"[3, 4, 22, 23]"
2882,Lẽ ra ngay từ đầu nó đéo nên về thì hơn,"[21, 22, 23, 25, 26, 27, 28]"
2883,chán lol mẹ,"[5, 6, 7, 8, 9, 10]"
2884,"Đặng Bảo tào lao, nhạc trước giờ cũng jack nó sáng tác chứ có cái đb mà liên quan kicm, bài hồng nhan trước đó chắc có cứt tên kicm trong đó","[9, 10, 11, 12, 13, 14, 15, 43, 44, 66, 67, 119, 120, 121]"
2885,lên chức để nhét con cháu vào thây bã... bã ko bỏ chức đó nên đuổi luôn :3,"[0, 1, 2, 3, 4, 5, 6, 7, 8, 9, 10, 11, 12, 13, 14, 15, 16, 17, 18, 19, 20, 21, 22, 23, 24, 25, 26, 27, 28, 29, 30, 31, 32, 33, 34, 35, 36]"
2886,Trần Minh Hoài là hình cánh hoa nha c k phải cailoncat hihi,"[45, 46, 47, 48, 49, 50, 51, 52, 53]"
2887,Chuẩn mấy bài trước nghe còn được chứ bài này mà ai khen hay thì t cũng chịu,[]
2888,Ngô Tiệp chán Tiệp quá 😌,[]
2889,Thêm cái gì mà thêm. T đếch thèm qt đến vì chưa có thông báo nghĩ học 🙈,"[21, 23, 24, 25, 26, 27, 28, 29, 30, 31]"
2890,nói nhảm. Nhà tù chỉ dành cho bọn nghèo hoặc Ngu thôi. chứ nó tiền thì có mà ở.,"[4, 5, 6, 7, 14, 15, 30, 31, 32, 33, 34, 35, 36, 37, 38, 45, 46, 47, 59, 60]"
2891,ngu đừng có sủa ghen với người giàu à họ về nước chữa trị tự dưng qua bên kia cách ly,"[0, 1, 2, 12, 13, 14]"
2892,Thoi k gian Tom duoc Lao ay o Dau thien Di de Lao Thanh su,[]
2893,Th bạn đừng đạo đức giả nữa . Gà lợn vịt trâu dê ăn hết mà nhắc đến chó thì lại dựng lông lên🐧 . Bản thân mình kh thích thịt chó nhưng cungz đâu bắt và cấm ng khác ăn thịt chó đc,"[12, 13, 14, 15, 16, 17, 18, 19, 20, 21, 22, 80, 81, 82, 83, 84, 85, 86, 87, 88]"
2894,"Công nghệ của cs đã đạt mức thượng thừa rồi, chỉ cần ấn nút là trắng biến thành xanh và biến hóa cả số nữa cơ. Tư Bản làm được không?","[63, 64, 65, 66, 67, 68, 69, 70, 71, 72, 73, 74, 75, 76, 77, 78, 79, 80, 81, 82, 83, 88, 89, 90, 91, 92, 93, 94, 95, 96, 97, 98, 99, 100, 101]"
2895,Uyên Thu tag chị mình vào này,[]
2896,Kiim Synk's đú trend nè🤣,[]
2897,"Toàn là ở phan thiết, còn hàm thuận Bắc nằm thị trấn nào có ai biết hok a?",[]
2898,Bên mĩ nổi tieng đánh bom,"[17, 18, 19, 20, 21, 22, 23, 24]"
2899,Thanglon nào cũng từng như thế cacban ạ 😌😌😌,"[0, 1, 2, 3, 4, 5, 6, 7]"
2900,"Mọi người quá lịch sự với tên khốn này rồi , cha đứa bé bị đánh nên ra tay cho nó thành tật đi đừng hi vọng nhiều ở luật pháp.","[28, 29, 30, 31, 32, 33, 34, 35, 59, 60, 61, 62, 63, 64, 65, 82, 83, 91, 92, 93, 94, 99, 100, 101, 102, 103, 104, 105, 106, 107, 108, 109, 110, 111, 112, 113, 114, 115, 116, 117, 118, 119, 120, 121, 122, 123, 124, 125, 126, 127, 128, 129]"
2901,Tin nhắn của thủ tướng đổi ra chắc đc cả tỉ bạc chứ k ít. Lũ lụt đến chân ng dân thấy tin nhắn thủ tướng chắc mừng rơi nc mắt :)))),[]
2902,may co dam ve viet nam k ..linh L may tu gio dung len mang khoc nha dam noi dam lam linh long..,"[0, 1, 2, 32, 34, 35, 36, 89, 90, 91, 92]"
2903,Thôi anh im mẹ mồm đi.mặt như cc mà ý thức như bờ phẹc,"[9, 10, 11, 12, 13, 14, 15, 16, 17, 30, 31, 47, 48, 49, 50, 51, 52, 53]"
2904,Hoàng Minh,[]
2905,Hằng Thanh vl đây là cl 🙂 hoa đ gì mà hoa 🙂,"[11, 12, 21, 22, 30]"
2906,chị thấy là chị sỉu =))),[]
2907,Chu Hoài tạo hình suốt mà giờ mới trend,[]
2908,😆 nghe mắc cười quá,[]
2909,ổng nói lập kênh mới chứ không nói xóa kênh cũ,[]
2910,love cô <3,[]
2911,Đức Thịnh 🙆🙆🙆😂😂😂,[]
2912,Con nay chat kiep sau no moi thay doi tinh.no khong con thuoc chua roi.con CORONA VIRUT cang no cho no benh chet di.dong ho ba doi nha no bi benh corona virut cho no biet the nao la dau kho.,"[0, 1, 2, 22, 23, 43, 44, 46, 47, 48, 49, 50, 51, 52, 53, 54, 55, 56, 57, 58, 59, 60, 61, 62, 63, 64, 65, 93, 94, 100, 101, 103, 104, 105, 106, 107, 108, 109, 110, 111, 116, 117, 118, 119, 120, 121, 122, 123, 124, 125, 126, 127, 128, 129, 130, 131, 132, 133, 134, 135, 136, 137, 138, 139, 140, 141, 142, 143, 144, 163, 164, 182, 183, 184, 185, 186, 187, 188]"
2913,Con so tròn chứ ko có mấy cái ngạnh như sam nhé,[]
2914,Nguyễn Hằng Khanh Nguyen hay ăn nè,[]
2915,"Cho dù một tôn giáo nào. Đức tin O mất tiền mua, nhưng cứu cả phần hồn và phần xác..! Là chân lý, là ánh sáng,là con đường tốt đẹp cứu cánh cho cả nhân loại O rơi vào bế tắc, tà ma, diệt vong..Chỉ lủ CS học thuyết vô thần làm con người mất phương hướng, làm XH thêm loạn lạc điêu linh mà thôi..! Các bạn cứ chiêm nghiệm đi, rồi sẻ thấy. Mỗi Chúng ta Hãy giữ lấy đức tin cho chính mình..!","[175, 176, 177, 178, 179, 182, 183, 184, 185, 186, 187, 188, 189, 190, 197, 198, 266, 267, 268, 269, 270, 271, 272, 273, 274, 275, 276, 277, 278, 279, 280, 281, 282, 283]"
2916,T lấy hh Sett 😂😂🤣,[]
2917,hard làm cc gì nưax thầy. Cứ đanh Man Phi Te như vậy là ok rồi. Chắc chắn lên vcsA,"[9, 10]"
2918,"Tưởng thế là hay, lớn r à không! Già r mà k biết suy nghĩ gì hết","[42, 43, 44, 45, 46, 47, 48, 49, 50, 51, 52, 53, 54, 55, 56]"
2919,Rãnh ghê bấm vô coi chi rồi chửi người ta có diên chết liền,"[28, 29, 30, 31, 50, 51, 52, 53]"
2920,Thôi ồn im mẹ mồm đi 😆😆,"[8, 9, 10, 11, 12, 13, 14, 15, 16]"
2921,Non Nguoi hue ... kg phai bac ky,[]
2922,"KHÔNG PHẢI LỔI CỦA CSVN TÀN ÁC MÀ CHÍNH NGƯỜI VN TỰ NHẬN MÌNH VÀ THÍCH THÚ MÌNH LÀ CON THÚ ,LẠI KHOÁI MÌNH LÀ DÂN NÔ LỆ .AI THÍCH MÌNH LÀ CON ÔNG TRỜI ,GIƠ TAY LÊN .THẤY KHÔNG ,IM RE","[24, 25, 26, 27, 28, 29, 83, 84, 85, 86, 87, 88, 89, 114, 115, 116, 117, 118]"
2923,Thua trug+ hết dân nó dù ở hải ngoại theo hay ko theo cs dân nó rất đoàn kết còn người việt mìh bág bổ phỉ bág ...nhau 40 năm qa,"[5, 6, 7, 8, 9, 19, 20, 61, 62, 96, 97, 98, 99, 100, 101, 103, 104, 105, 106, 107, 108, 109]"
2924,Bùi Minh Huệ crush ưii . Anh thích em đó 😶,[]
2925,Nếu bác về Việt Nam tôi sẽ rất vui,[]
2926,Mà để ý lần nào ăn Marinboy cũng kiểu díu díu phê phê nhá =))))),[]
2927,Lê Thành Trung học trò lồn 🙂,"[23, 24, 25]"
2928,liêm sĩ ji tầm này abe ôi,[]
2929,Đme vẫn là vô ý thức 🙂,"[0, 1, 2, 11, 12, 13, 14, 15, 16, 17, 18, 19]"
2930,Nguyễn Trọng Thái đợi cái lol,"[26, 27, 28]"
2931,Cái con tinh trùng khuyết tật này xaolol mua ko xài được đâu,"[19, 20, 21, 22, 23, 24, 25, 26, 27, 28, 34, 35, 36, 37, 38, 39]"
2932,"Nguyễn Trọng Thái đợi cái lồn thêm 3 chữ ""địt chị mày"" nữa nhé 😂","[26, 27, 28, 42, 43, 44, 45, 46, 47, 48, 49, 50, 51, 52]"
2933,Chửi ngu,"[0, 1, 2, 3, 4, 5, 6, 7]"
2934,Tưởng đi diễn hài hải ngoại nữa chứ.:)),[]
2935,Còn Samsung thì đòi đem 700 kỹ sư nó qua mà không muốn bị cách ly suy nghĩ óc chó vẫn tồn lại ở người hàn,"[34, 35, 75, 76, 77, 78, 79, 80]"
2936,Trend hây Ngân Kim Ánh Tuyết Liên Kim,[]
2937,Cưng ơi..,[]
2938,Huỳnh Ngân đẹp đấy chứ b,[]
2939,"Ad page này rất chi là ngu còn cố tỏ ra nguy hiểm, những bài nó đăng mang tính chất phản động, ngôn ngữ đả kích và khiêu khích, sáng nay còn poát bài để kêu toàn dân tham gia ctri chống Đảng và nhà nc việt nam kìa","[23, 24, 25, 61, 62, 84, 85, 86, 87, 88, 89, 90, 91, 92, 95, 96, 97, 98, 99, 100, 101, 102, 103, 104, 105, 106, 107, 108, 109, 110, 111, 112, 113, 114, 115, 116, 117, 118, 119, 120, 121, 122, 123, 124, 125, 180, 181, 182, 183, 184, 185, 186, 187, 188, 189, 190, 191, 192, 193, 194, 195, 196, 197, 198, 199, 200, 201, 202, 203, 204, 205, 206, 207, 208]"
2940,Khỏi đi để cháu còn đi học,[]
2941,Ông ấy đã trở lại và lợi hại hơn bội phần,[]
2942,Tii Đô qua vn tạo cánh hoa kiểu này nó cho clck ngay.. 😂😂😂,"[43, 44, 45, 46]"
2943,Đồng Nhung máy bay phalcon 10 tỷ belike :,[]
2944,Mình bỏ liên quân mà các táo lại chơi 😞,[]
2945,Con đĩ  này  từng  bị  cộng  đồng  hù  đánh  khóc  lóc  vang xin  giờ  qua chuyện  rồi  thấy  mạnh  miệng  lại  ha,"[0, 1, 2, 3, 4, 5, 35, 36, 37, 38, 39, 40, 41, 42, 45, 46, 47, 48, 49, 50, 51, 52, 53, 56, 57, 58, 59, 60, 61, 62, 63, 94, 95, 96, 97, 98, 99, 100, 101, 102, 103, 104]"
2946,Đời đôi khi nó vãi lồn lắm các ông ạ :(,"[12, 13, 15, 16, 17, 18, 19, 20, 21]"
2947,:))) che mặt rồi nhé,[]
2948,Thầy đi làm HLV cho T1 rồi nha các trò,[]
2949,"hàn quốc là phồn vinh giả tạo, làm tay sai cho đế quốc thôi","[22, 23, 24, 25, 26, 27, 28, 35, 36, 37, 38, 39, 40, 41]"
2950,bị tâm thần vẫn có thể có học vị TS nhé. Cám ơn TS Vũ Tiến Lộc đã mang lại niềm tin cho cộng đồng bệnh nhân tâm thần.,[]
2951,Gia cát ba là e cứ tưởng tế công phiên bản bóng chứ,"[43, 44, 45, 46]"
2952,Chơi tí đồ ăn mừng,[]
2953,Ae thất lạc của abe ak,[]
2954,Cang sem cang tuc moi nguoi oi phai su no moi duoc,"[36, 37, 39, 40]"
2955,"cái này bọn khựa, hay bọn tàu làm ấy nhỉ :3","[8, 9, 10, 11, 12, 13, 14, 15, 22, 23, 24, 25, 26, 27, 28]"
2956,Chỉnh lại ông bô. Xe với trả cộ ẩu vl,"[35, 36]"
2957,Nhìn như con điếm vậy :)),"[9, 10, 11, 12, 13, 14, 15, 16]"
2958,muộn vậy thầy,[]
2959,Bảo khoe mới khoe chứ không phải cố tình đâu nhé 😌,[]
2960,Ngô Sĩ Phú ở nhà đi bạn eh,[]
2961,nghe mắc i* quá abeeee,"[9, 10]"
2962,"Chi đep qua chi,e thích qua",[]
2963,"Dẹp hết lũ sư quốc doanh đi , vừa là ổ phá hoại đạo pháp vừa là cơ sở của bọn nằm vùng và phá nát văn hoá VN","[8, 9, 10, 11, 12, 13, 14, 15, 16, 17, 18, 19, 20, 21, 22, 23, 37, 38, 39, 40, 41, 42, 43, 44, 45, 46, 47, 48, 49, 50, 51, 52, 53, 54, 55, 74, 75, 76, 77, 78, 79, 80, 81, 82, 83, 84, 85, 90, 91, 92, 93, 94, 95, 96, 97, 98, 99, 100, 101, 102, 103, 104]"
2964,Dep wa,[]
2965,Đmcs,"[0, 1, 2, 3]"
2966,Chị đẹp lắm đó chi,[]
2967,"Dơ dái, bẩn thiểu, hèn hạ, hạ cấp. Ghê tởm","[0, 1, 2, 3, 4, 5, 8, 9, 10, 11, 12, 13, 14, 15, 16, 19, 20, 21, 22, 23, 24, 27, 28, 29, 30, 31, 32, 35, 36, 37, 38, 39, 40, 41]"
2968,Anh lên anh đấy mai anh tính xiên NuNu thế nào cho xịn chứ NuNu edit vcl lắm :)),"[29, 30, 31, 32, 69, 70, 71]"
2969,Tuổi đó mà làm lãnh đạo ở VN thì chắc chắn là”rau sạch”của sếp....😂,"[46, 47, 48, 49, 50, 51, 52, 53]"
2970,"Cho ko mat duoc nga voi,nhung chi 3 an cuc duoc do nha chi 3","[36, 37, 38, 39, 40, 41]"
2971,Tuổi lờ =)),"[0, 1, 2, 3, 4, 5, 6]"
2972,May xạo lồn do am binh,"[4, 5, 6, 7, 8, 9, 10, 15, 16, 17, 18, 19, 20, 21]"
2973,. ai khịa thầy là chetme đó nha,"[5, 6, 7, 8, 18, 19, 20, 21, 22, 23]"
2974,Dan ong hay dan ma co rau vay troi,[]
2975,Nhân viên quán bar và mấy ông nội ăn chung lúc này :,[]
2976,"Được anh , được vãi lon anh ạ :)))","[16, 17, 18, 19, 20, 21, 22]"
2977,Tú Trinh Đen quá mới dính 😤,[]
2978,Nguyễn Võ Hữu Châu cẩn thận mất việc nhé con,[]
2979,Da,[]
2980,chúc mừng năm mới,[]
2981,Ông im mẹ mồm đi. 2010 lần đầu tiên tôi xem ông tiên tri “năm mão nước việt đổi cờ” ... 10 năm sau cờ mới vẫn chả thấy đâu mà chỉ thấy việt nam chúng tao ngày càng hùng mạnh .,"[7, 8, 9, 10, 11, 12, 144, 145, 146, 147, 148, 149, 150, 151, 152]"
2982,Gia Lộc Tran Quang còn j vui hơn cà khịa :)))))),[]
2983,làm thật đó hả thầy :)),[]
2984,"Bài viết này lệch lạc. Chủ nghĩa dân tộc không tồn tại trong chế độ cs do đcs cai trị. Từ thời Mao đến nay đcs TQ đã áp bức và giết hại gần 60 triệu người Hán qua hàng loạt các vụ thanh trừng đẫm máu như CCRĐ, cách mạng văn hoá, đại nhảy vọt, chống xét lại, Pháp luân công...... một đảng cai trị và giết chính dân tộc mình thì có được coi là theo chủ nghĩa dân tộc không??? Bài viết rất thiếu khách quan và ngộ nhận.","[13, 14, 15, 16, 17, 18, 19, 20, 117, 118, 119, 120, 121, 122, 127, 128, 129, 130, 131, 132, 133, 134, 180, 181, 182, 183, 184, 185, 186, 187, 188, 189, 190, 191, 192, 193, 194, 195, 196, 197, 198, 299, 300, 301, 302]"
2985,CHỊ BA VÀNG NGỌC có cây nọc giữa háng,"[20, 21, 22, 23, 24, 25, 26, 27, 28, 29, 30, 31, 32, 33, 34, 35, 36]"
2986,Trúc Ngân,[]
2987,Bạn hãy đổi tên thành hiệp đầu chó,"[27, 28, 29, 30, 31, 32, 33]"
2988,Chán đéo muốn nói luôn á😄😄,"[5, 6, 7]"
2989,Cmt để thành fan cứng,[]
2990,Nguyen Nam :),[]
2991,Bánh mì thay đổi giọng giúp nhím hát hay hơn,[]
2992,Kkk anh yêu em cho ... hí hí,[]
2993,@Văn Nguyễn .,[]
2994,Phương Minn giống nhau đến thế haha. Nhạc nhẽo nghe như cc,"[37, 38, 39, 40, 41, 42, 43, 44, 45, 56, 57]"
2995,Đêm nào e cũng xem liếp của chị hết . hình chị có  hậu và đẹp  lắm chị ah,[]
2996,🥰🥰🥰,[]
2997,Tụi Hàn giàu giả tạo không bền vững như triều tiên,"[13, 14, 15, 16, 17, 18, 19]"
2998,"lấy về tế ông nội , tổ tiên đó mà :V","[7, 8]"
2999,Thiết nghĩ thầy sẽ mở lớp dạy múa :),[]
3000,CÁI LỒN,"[0, 1, 2, 3, 4, 5, 6]"
3001,Nguyễn Ngọc Trâm Nhìn bả củng thấy tội mà thui củng kệ,[]
3002,Khóa tới chắc đồng chí ấy phải lên bí thư ấy nhỉ .... Lúc ấy lại bác hang seo muôn năm .... Nghĩ tới đây tự nhiên đau cả bụng ...,[]
3003,Anh độ gọi kìa,[]
3004,Happy new year,[]
3005,"Cố vấn kinh tế của thủ tướng vn nhìn mặt kinh bỏ mẹ luôn,nhìn như mấy thằng xì ke hay lảng vảng chỗ ngoài đường gần khu tao ở","[41, 42, 43, 44, 45, 46, 47, 48, 49, 50, 70, 71, 72, 73, 74, 75, 76, 77, 78, 79, 80, 86, 87, 88, 89, 90, 91, 92, 93, 94, 120, 121, 122]"
3006,"Sao Vlog sang quá mà, ý thức củ loz vayy?","[29, 30, 31, 32, 33, 34]"
3007,Đậu xanh..,"[0, 1, 2, 3, 4, 5, 6, 7]"
3008,Thiếu 1c răng nx là ngon :)),[]
3009,Này Thì Chúc Mừng Với chúng tôi à,[]
3010,Hát hay k M.n 😂,[]
3011,Bà nội m,"[0, 1, 2, 3, 4, 5, 6, 7]"
3012,Ns cái quái j vậy trời ... tưởng mình là hoàng thân quốc thích của bên tàu bên mĩ j còn tồn tại hay sao ak... hay là coi mấy cái phim rồi lên cơn sản.người nhà đưa ra nước ngoài điều trị tâm thần.. mong chú sớm bình phục rồi chở lại đúng con người của mình .đừng thần tượng mấy ông công công hồi đó rồi hóa điên hóa khùng ...,"[7, 8, 9, 10, 27, 28, 29, 30, 31, 32, 33, 34, 35, 36, 37, 38, 39, 40, 41, 42, 43, 44, 45, 46, 47, 48, 49, 50, 51, 52, 53, 54, 55, 56, 57, 58, 59, 60, 61, 62, 63, 64, 65, 66, 67, 68, 69, 70, 71, 72, 73, 74, 75, 76, 77, 78, 79, 80, 81, 82, 83, 84, 85, 86, 87, 88, 89, 90, 91, 92, 93, 94, 142, 143, 144, 145, 146, 147, 148, 187, 188, 189, 190, 191, 192, 193, 194, 303, 304, 305, 306, 307, 308, 309, 310, 311, 312, 313, 314, 315, 316, 317, 318, 319, 320]"
3013,Võ Minh Hiếu check ib ông ơi,[]
3014,Clg v,"[0, 1, 2, 3, 4]"
3015,Hồ Sỹ Hải do bạn nói đúng,[]
3016,Già đầu mà non quá :)))),"[0, 1, 2, 3, 4, 5, 6, 7, 8, 9, 10, 11, 12, 13]"
3017,Nghe có vẻ vô lý nhưng cực kỳ thuyết phục :v,[]
3018,Mông lung hỗn loạn :)),[]
3019,"Ông này nói bậy nhiều lần , máy năm về trước tiên đoán Cs sẻ giải thể để cho họ Đào lên thế vậy mà bây giờ cũng còn dám bố nữa. Chắc dịch bệnh nhiều quá quần lót khan hiếm khó mua cho nên không thấy ông ta trùm cái mặt lại","[8, 9, 10, 11, 12, 13, 14, 153, 154, 155, 156, 157, 158, 159, 160]"
3020,Dành cho lũ quan ngại,"[9, 10]"
3021,Sao lại có những người khốn khổ tại thiên đường này chứ. :(,"[11, 12, 13, 14, 15, 16, 17, 18, 19, 20, 21, 22, 23, 24, 25, 26, 27, 28, 29, 30, 31, 32, 33, 34, 35, 36, 37, 38, 39, 40, 41, 42, 43, 44, 45, 46]"
3022,vl ad câu like vcc. mà dkm m. t k thấy chứ k phải chó hùa. m thấy k cmt đàng hoàng cho ngta thấy thì m là chó j? chó động kinh hả,"[0, 1, 6, 7, 8, 9, 10, 11, 12, 13, 15, 16, 17, 23, 24, 25, 26, 27, 30, 50, 51, 52, 53, 54, 55, 56, 59, 101, 106, 107, 108, 113, 114, 115, 116, 117, 118, 119, 120, 121, 122, 123, 124, 125]"
3023,Fan,[]
3024,!!!,[]
3025,Phạm Trungg Thằng này ngu hơn mấy con chó rách à!',"[12, 13, 14, 15, 16, 22, 23, 24, 34, 35, 36, 37, 38, 39, 40, 41, 42, 43, 44, 45]"
3026,Mặt nhìn kinh quá,"[0, 1, 2, 3, 4, 5, 6, 7, 8, 9, 10, 11, 12, 13, 14, 15, 16]"
3027,muon tan 1 phat vao mat,"[5, 6, 7]"
3028,Bữa nay mới thấy Trần dần nói chuẩn,[]
3029,Đỗ Thành Trung,[]
3030,Phạt cái *** cm,"[9, 10, 11, 12, 13, 14]"
3031,đắng =))),[]
3032,"... rút kinh nghiệm, kiểm điểm nghiêm túc và trong tháng này đồng chí trưởng Công an xã An Đồng cũng nghỉ hưu theo quy định",[]
3033,Nghiep,[]
3034,Cô Ba xuất sắc cô ba ơi,[]
3035,Ông già tôi nuôi tôi lớn thế này rồi các bạn ạ 😂😂,[]
3036,Là ng nổi tiếng mà cách ăn mặc văn hóa ko bằng thằng ăn xin,"[47, 48, 49, 50, 51, 52, 53, 54, 55, 56, 57, 58]"
3037,Ad cũng biết ông này à? :)),[]
3038,Dạng như con mụ bộ y tế khóc khi bệnh nhân uống phải thuốc giả vậy á,"[9, 10, 11, 12, 13, 14, 15, 16, 17, 18, 19, 20, 21, 22, 23, 24, 25, 26, 27, 28, 29, 30, 31, 32, 33, 34, 35, 36, 37, 38, 39, 40, 41, 42, 43, 44, 45, 46, 47, 48, 49, 50, 51, 52, 53, 54, 55, 56, 57, 58, 59, 60, 61]"
3039,An cư lập nghiệp có vẻ hợpnlys,[]
3040,Hay lắm anh Trung Quảng Cáo,[]
3041,sạo lồn,"[0, 1, 2, 3, 4, 5, 6]"
3042,Cặc,"[0, 1, 2]"
3043,"Từ chân lý giả, tư tưởng giả ,đạo đức giả, đường lối giả , bầu cử giả, luật pháp giả nó sinh ra đủ thứ giả và sự dối trá, lừa lộc, xã hội này đã là xã hội suy đồi thối nát đến mọi rợ.","[4, 5, 6, 7, 8, 9, 10, 11, 12, 13, 14, 15, 16, 19, 20, 21, 22, 23, 24, 25, 26, 27, 28, 29, 30, 31, 32, 35, 36, 37, 38, 39, 40, 41, 42, 43, 44, 45, 46, 47, 48, 51, 52, 53, 54, 55, 56, 57, 58, 59, 60, 61, 62, 63, 64, 65, 66, 70, 71, 72, 73, 74, 75, 76, 77, 78, 79, 80, 81, 82, 85, 86, 87, 88, 89, 90, 91, 92, 93, 94, 95, 96, 97, 98, 99, 100, 136, 137, 138, 139, 140, 141, 142, 143, 144, 147, 148, 149, 150, 151, 152, 153, 154, 155, 189, 190, 191, 192, 193, 194, 195, 196, 197, 198, 199, 200, 201, 202, 203, 204, 205, 206, 207, 208, 209, 210, 211, 212, 213, 214, 215, 216, 217, 218, 219, 220, 221]"
3044,khịa vãi l = )))),"[0, 1, 2, 3, 4, 5, 6, 7, 8, 9]"
3045,"Kakaka, khùng khùng quá sức.","[8, 9, 10, 11, 12, 13, 14, 15, 16, 17, 18]"
3046,Đéo 🤣,"[0, 1, 2]"
3047,王氏响,[]
3048,Hay rồi a ơi. Team mình là team streamer mà đâu có train nhiều như tụi nó đc. Đc đi thái là vui rồi.,[]
3049,"Du ma lai tang thue,dit con me no,da an ban roi,con cai con cac j de dong nua","[0, 1, 2, 3, 4, 20, 21, 22, 23, 24, 25, 26, 27, 28, 29, 30, 31, 32, 37, 38, 39, 40, 41, 42, 56, 57, 58, 59, 60, 61, 62]"
3050,Anh Trung Magic,[]
3051,Xàm chó thật,"[0, 1, 2, 3, 4, 5, 6]"
3052,Lê Văn Đạt 😞 ở nhà bùn quá ạ huhu,[]
3053,"K cần giặt đánh, cứ để dân tự chết vì ngu thôi :v","[11, 12, 13, 14, 27, 28, 29, 30, 31, 32, 33, 38, 39, 40]"
3054,Quá vui,[]
3055,Chờ đợi 17 nồi bánh chưng mới đc fan cứng nên cmt cho kh mất chứ ko biết chơi GA,[]
3056,Thoại Trần chính tã ?? Chó chê mèo lắm lông..gạch đá đủ xây nhà chưa b,"[23, 24, 25, 26, 27, 28, 29, 30, 31, 32, 33, 34, 35, 36, 37, 38, 39, 40, 41, 42, 45, 46, 47, 48, 49, 50, 51, 52, 53, 54, 55, 56, 57, 58, 59, 60, 61, 62]"
3057,Sự trùng hợp :)),[]
3058,khi những con sán dây búa liềm phát biểu y như rằng tấu hài,"[10, 11, 12, 13, 14, 15, 16, 17, 18, 19, 20, 52, 53, 54, 55, 56, 57, 58]"
3059,Thằng ad page nào đúng là Óc Chó 😒,"[0, 1, 2, 3, 4, 26, 27, 28, 29, 30, 31]"
3060,Hau Nguyen con cặc :v,"[11, 12, 13, 14, 15, 16, 17]"
3061,Sạo lol quá,"[0, 1, 2, 3, 4, 5, 6]"
3062,Ông MC kiểu như ổng cố nhịn cười,[]
3063,Bts là con cặc,"[7, 8, 9, 10, 11, 12, 13]"
3064,Tân Bùi Duy Khá giống pha mù tạt =)),[]
3065,Diệu Diệu cầu giấy r đấy. Cẩn thận nhe,[]
3066,Rồi tiền đâu trả nhân viên,[]
3067,mày mà biết cc gì mà tiên tri,"[0, 1, 2, 7, 8, 9, 10, 11, 12, 13, 14, 15, 16]"
3068,Haha vậy là bạn không biết thì đừng la lớn,[]
3069,Con nhỏ đả kích nick face nó là Hoàng Lệ.. thêm vô chữ xồn cho nó đẹp đó mà..kaka,"[0, 1, 2, 3, 4, 5, 6, 7, 8, 9, 10, 11, 12, 13, 14, 26, 27, 55, 56, 57]"
3070,Nguyễn Thuận ý kiến cá nhân thôi mà thử sáng tác cái mã bố nhà m à ?,"[53, 54, 55, 56, 57, 58, 59, 60, 61, 62, 63]"
3071,Đụma chất vãi lòn há há há,"[0, 1, 2, 3, 10, 11, 12, 13, 14, 15, 16]"
3072,Enni Ngân :)),[]
3073,Bác sỹ Giám đốc mặt heo?,"[16, 17, 18, 19, 20, 21, 22]"
3074,ghép ảnh lỗi vl,"[13, 14]"
3075,Quang Vinh trong tuần nha. Cuối tuần là về quê luôn rồi đó,[]
3076,Đậu má thầy ok chưa ?,"[0, 1, 2, 3, 4, 5]"
3077,chị ba thử đăng video chửi tổng thống mĩ đii,"[22, 23, 24, 25]"
3078,Sợ thật ấy :))),[]
3079,anh trung cô hồn,"[10, 11, 12, 13, 14, 15]"
3080,Cho em liếm lỗ nhị Thầy,"[7, 8, 9, 10, 11, 12, 13, 14, 15, 16, 17]"
3081,chết đi,"[0, 1, 2, 3]"
3082,Sống chậm tí các bạn,[]
3083,Đỉ... giả tạo... xạo lồn,"[0, 1, 6, 7, 8, 9, 10, 11, 12, 17, 18, 19, 20, 21, 22, 23]"
3084,Đản Đản thứ nl hông,"[12, 13]"
3085,Đùa :)) nó rời khỏi eu chứ có phải nó bê cái nước nó ra khỏi châu âu đi sang châu khác k mà cứ cãi thế nhỉ ngu đ chịu được =))),"[8, 9, 35, 36, 50, 51, 107, 108, 109, 111]"
3086,Đi làm osin mà xạo lol ghê,"[7, 8, 9, 10, 15, 16, 17, 18, 19, 20, 21]"
3087,Thật ra: đu càng tốn cả triệu đô. Chỉ có ở bọn CS quan lớn tham nhủng. Đưa gđình và con cái du học định cư sung sướng. Chứ bò đỏ umê bưng bô làm gì có cửa đu. Chỉ biết làm con chốt thí cho giặc tàu.. ha ha,"[9, 10, 11, 12, 13, 14, 15, 43, 44, 45, 59, 60, 61, 62, 63, 64, 65, 66, 67, 68, 123, 124, 125, 126, 127, 128, 129, 130, 131, 132, 133, 134, 135, 136, 137, 138, 139, 140, 141, 142, 143, 144, 145, 146, 147, 148, 149, 150, 151, 152, 153, 154, 155, 156, 172, 173, 174, 175, 176, 177, 178, 179, 180, 181, 182, 183, 184, 185, 186, 187, 188, 189, 190, 191, 192, 193, 194, 195, 196]"
3088,Giống nhau như hai giọt nước,[]
3089,này là del có tí nhân phẩm nào nên nó thế :((,"[7, 8, 9]"
3090,Dm con bóng muộn màng nhìn gốm vkl,"[0, 1, 3, 4, 5, 6, 7, 8, 9, 10, 27, 28, 29, 31, 32, 33]"
3091,bên kia nó k cho vào viện hay xét nghiệm gì đâu,[]
3092,Anh em ơi cho mình hỏi làm thế nào để tham gia vào buổi talk show của anh độ vậy,[]
3093,"Xin lỗi cảnh sát , buồn cười thật. Phải xin lỗi mọi người dân chứ, vượt đèn đỏ gây tai nạn cho dân . Xl cảnh sát wai gì, nó mà thấy thì ăn hành ngay và luôn","[19, 20, 21, 22, 23, 24, 25, 26, 27, 101, 102, 113, 114, 115, 121, 122]"
3094,Xao lon qua,"[0, 1, 2, 3, 4, 5, 6]"
3095,Tốt gỗ hơn tốt nước sơn.,[]
3096,Mấy cái quan bệnh tật của thời đại,[]
3097,Nhin mat con mu nay giong lu tau khua,"[9, 10, 11, 12, 13, 14, 26, 27, 28, 29, 30, 31, 32, 33, 34, 35, 36]"
3098,Duy Trần cho xin video vs bạn ơi,[]
3099,"Tuổi nhỏ làm việc nhỏ , nên xem hoạt hình đi em đừng có đú với mấy anh lớn :((",[]
3100,"Cái này xảy ra hoài nhưng ko thấy ngăn chặn, chỉ thấy giơ cao đánh khẽ",[]
3101,Cô Minh hiếu nói chuyện thật thà dễ thương quá ✌️✌️✌️✌️✌️,[]
3102,Trọng lú,"[6, 7]"
3103,Bình Dương bất tử nha,[]
3104,Trung quốc thì nói mẹ Trung quốc đi bày đặt china chi nủng. Đang nói tiếng Việt hay tiếng anh,"[19, 20]"
3105,Đéo phải trình bày :))),"[0, 1, 2]"
3106,Thức khuya nhiều thứ ko phải nt cho Ny mà vì họ cô đơn ko biết từ bao giờ tui đã lm bạn vs sự cô đơn này gần 2.nam rồi 😞😞,[]
3107,Được luôn cả nhà oiii,[]
3108,"Còn mày có con cũng ngu lắm, đẻ con ra cẩn thận đó","[4, 5, 6, 7, 8, 9, 10, 11, 12, 13, 14, 15, 16, 17, 18, 19, 20, 21, 22, 29, 30, 31, 32, 33, 34, 35, 36, 37, 38, 39, 40, 41, 42, 43, 44, 45, 46]"
3109,"bản chất của nó thì ở đâu cũng vậy... cán bộ xã nhiều người không trình độ, chạy chức chạy quyền.. nhiều lúc làm việc còn quên mang não.","[13, 14, 60, 61, 62, 63, 64, 65, 66, 67, 68, 69, 70, 71, 72, 73, 76, 77, 78, 79, 80, 81, 82, 83, 84, 85, 86, 87, 88, 89, 90, 91, 92, 93, 94, 95, 122, 123, 124, 125, 126, 127, 128, 129, 130, 131, 132, 133, 134]"
3110,Ae 3/// cố gắng ở trong nhà tránh dịch nha. Chết nó chôn tập thể đó. 3/// mà chết hết thì ko có ai ăn cứt cho mỹ đâu.,"[3, 4, 5, 6, 44, 45, 46, 47, 48, 49, 50, 51, 52, 53, 54, 55, 56, 57, 58, 59, 60, 61, 62, 63, 69, 70, 71, 72, 77, 78, 79, 80, 99, 100, 101, 102, 103, 104]"
3111,Chúng bắt đầu cho báo chí đổ tại người dân dọn nhà đón Tết gây ra ô nhiễm kìa,"[0, 1, 2, 3, 4]"
3112,"Anh sắp cover cô ""thắm không về"" ae nhớ ủng hộ",[]
3113,nát cc :))),"[4, 5]"
3114,dm ông nói phét à 🙂 cái vòng cổ đã quá 2l cụ rồi,"[0, 1]"
3115,Huy Hoàng có 🙂 xuất hiện với tần suất khá dàu,[]
3116,Bà VN đi du lịch :)),[]
3117,Khai giảng đầu tiên cấp 3 =),[]
3118,chó sủa thì kệ cmn :D,"[0, 1, 2, 4, 5, 6, 15, 16, 17]"
3119,"Tiên sư thằng nào nói toàn thực phẩm sạch. Rau tưới nhớt, thuốc kích phọt, chất tạo nạc, hàn the, thịt bơm hóa chất, trái cây tẩm hóa chất, ...vân vân và vân vân...mấy thằng nhiều tiền như chúng mày thì đâu biết người dân đang ăn gì, uống gì. Sao mà lại lắm chó thế.","[0, 1, 2, 3, 4, 5, 6, 8, 9, 10, 11, 12, 43, 44, 45, 46, 47, 48, 49, 50, 51, 52, 53, 54, 55, 58, 59, 60, 61, 62, 63, 64, 65, 66, 67, 68, 69, 70, 71, 72, 75, 76, 77, 78, 79, 80, 81, 82, 83, 84, 85, 86, 89, 90, 91, 92, 93, 94, 95, 98, 99, 100, 101, 102, 103, 104, 105, 106, 107, 108, 109, 110, 111, 112, 113, 114, 117, 118, 119, 120, 121, 122, 123, 124, 125, 126, 127, 128, 129, 130, 131, 132, 133, 134, 135, 136, 137, 164, 165, 166, 167, 168, 169, 170, 171, 172, 189, 190, 191, 192, 193, 194, 195, 196, 197, 258, 259, 260]"
3120,Nếu ko có nhung thì cũng có 14 ng nước ngoài mà...,[]
3121,"cai kenh xam lol,phong vien nhu cc,tien tri dien khung,toan la 1 lu virut","[9, 10, 11, 12, 13, 14, 15, 32, 33, 44, 45, 46, 47, 48, 49, 50, 51, 52, 53, 65, 66, 67, 68, 69, 70, 71, 72]"
3122,Trần Trang bond nhà mình đi trc thời đại,[]
3123,Suti Hồng cẩn thận nè,[]
3124,"Thằng này đéo hiểu tiếng người rồi, ở trên nó có để link, vào đọc cho hiểu đi. Ngu mà gáy to","[0, 1, 2, 3, 4, 10, 11, 12, 79, 80, 81, 86, 87, 88, 89, 90, 91]"
3125,Cô lê na là ai vậy mn,[]
3126,HÔ + MÔI DẦY + THẤT HỌC + VÔ VĂN HÓA = LINH CÁ LÓC CÓC 💩💩,"[0, 1, 5, 6, 7, 8, 9, 10, 11, 15, 16, 17, 18, 19, 20, 21, 22, 26, 27, 28, 29, 30, 31, 32, 33, 34, 35, 47, 48, 49, 50, 51, 52, 53, 55, 56]"
3127,Ủa????? Bác làm vậy ai chơi lại bác,[]
3128,Đây là bạn thân của vũ khắc tiệp mọi ngừoi ạ.nên ý thức nó cũng y vậy,"[49, 50, 51, 52, 53, 54, 55, 56, 57, 58, 59, 60, 61, 62, 63, 64, 65, 66, 67, 68]"
3129,"Nó đi du lịch bị lây cũng ko có gì để bàn luận , cái chính ở đây là nó khai gian , nó nghĩ nhà nó nhiều tiền , về nhà nó lấy tiền nấu thuốc uống sẽ khỏi bệnh , cái lịt mẹ nó con chó nhung😡","[0, 1, 68, 69, 76, 77, 78, 79, 83, 84, 95, 96, 118, 119, 121, 122, 123, 124, 125, 126, 127, 128, 129, 130, 131, 132, 133, 134, 135, 136, 137, 138, 164, 165, 166, 167, 168, 169, 170, 171, 172, 174, 175, 176, 177, 178, 179, 180, 187]"
3130,Xaolonnnnnnnnn=))),"[0, 1, 2, 3, 4, 5, 6, 7, 8, 9, 10, 11, 12, 13]"
3131,Gu ăn mặc như cc :v,"[14, 15]"
3132,Trend mới kk,[]
3133,nói dân trí thấp lại tự ái 🙂 cái ý thức còn kém hơn kiến thức lý của mình nữa 🙂,"[4, 5, 6, 7, 8, 9, 10, 11, 12, 13, 14, 15, 21, 22, 23, 24, 25, 33, 34, 35, 36, 37, 38, 39, 40, 41, 42, 43, 44, 45, 46, 47, 48, 49, 50, 51, 52, 53, 54, 55, 56, 57, 58, 59, 60, 61, 62, 63]"
3134,Từ ngày xem mèo tom con tôi thường xuyên bỏ bữa :))),[]
3135,Phương Bim yêu nhờ,[]
3136,Cũng ko hẳn ... Trong cuộc sống bạn phải có đam mê cho riêng mình chứ .. Có đam mê mới có động lực để mà kiếm tiền chứ,[]
3137,"Anh mày thiếu nợ giang hồ hóc môn, mày cũng thiếu nợ không dám về Việt Nam, bày đặc làm banh","[35, 36, 37, 76, 77, 78, 79, 80, 81, 82]"
3138,1 HOUR LATER =))))),[]
3139,đi cách li chứ đi nghỉ mát ở khách sạn đ đâu mà đòi hỏi bố thằng điên,"[39, 56, 57, 58, 59, 60, 61, 62, 63, 64, 65, 66, 67, 68]"
3140,Cho e fan cứng đi a,[]
3141,Các bác nên áp dụng gấp thôi,[]
3142,Ông nào khai giảng không chụp ảnh điểm danh cái,[]
3143,Hoài Thư Dương guci đi trước trend hàn luôn chớ,[]
3144,Nguyễn Hoàng Sâm fbi,[]
3145,Con số 34 cũng làm lan rộng ra,[]
3146,Uyên giàu sao ko ở bên Anh chữa mà về VN,[]
3147,T m ngu,"[0, 1, 2, 3, 4, 5, 6]"
3148,Cô ba vàng Ngọc cây cầu trong háng,"[30, 31, 32, 33]"
3149,Phương Minn hay cố tình vào đây để bán đồ online :))) sống sạch lên,"[54, 55, 56, 57, 58, 59, 60, 61, 62, 63, 64, 65, 66]"
3150,Có lẽ là do cốc cafe lúc sáng chứ kpai do chuyện lúc sáng :)),[]
3151,Bạn nuôi được những gì???,[]
3152,Nhi Băng haha,[]
3153,Minh hiếu đẹp xuất sắc xứng đáng hoa hậu quí bà khuôn măt đẹp phúc hậu mc đẹp trai miệng cười duyên quá đi.,[]
3154,Chết với cộng sản thôu,"[0, 1, 2, 3]"
3155,E chỉ có thế này thôi,[]
3156,Train với SKT hay GAM gì đi thầy,[]
3157,Mồm vén lên như cái bồn cầu,"[0, 1, 2, 3, 4, 5, 6, 7, 8, 9, 10, 11, 12, 13, 14, 15, 16, 17, 18, 19, 20, 21, 22, 23, 24, 25, 26]"
3158,Em nghĩ là mùa sau nên đẩy line-up này vào ạ =))))))))))))),[]
3159,"“Nghe nói em đẹp tự nhiên không có sửa ha” Ừ thì em có sửa gì đâu, em chỉ niềng răng thôi, còn muốn biết niềng ở đâu xịn thì vô đây, link nè:",[]
3160,Cứ tưởng cô Minh Hiếu là phụ nữ thật không á,[]
3161,:)(,[]
3162,"Bạn nói chuyện ngu vkl thíu đéo gì con mà phải đợi con đéo cần mình .... Nó cần bạn thì cho câu tl mẹ rồi đéo phải kêu bạn đợi, mục đích đợi của nó là coi có tz nào ngon hơn bạn không thôi đéo có thì nó mới tìm đến bạn","[15, 16, 17, 18, 19, 20, 21, 28, 29, 30, 35, 36, 37, 51, 52, 53, 55, 56, 57, 73, 74, 99, 100, 106, 107, 108, 145, 146, 158, 159, 189, 190, 191, 200, 201]"
3163,Chẳng khác nào hoa lài cặm bãi shit trâu :))),"[15, 16, 17, 18, 19, 20, 21, 22, 23, 24, 25, 26, 27, 28, 29, 30, 31, 32, 33, 34, 35, 36, 37, 38, 39]"
3164,Quá đỉnh 👏👏❤❤,[]
3165,Nào cùng pe pe pe pe pe cùng Độ Mixi nào,[]
3166,Yêu cô Minh Hiếu,[]
3167,Bú bóng cao su ha gì cười ghê z abe :)),"[0, 1, 2, 3, 4, 5, 6]"
3168,anh ơi tối nay anh có live ko ạ ? :(,[]
3169,Hoang mang vailunnn,"[11, 12, 13, 14, 15, 16, 17, 18]"
3170,Quần què,"[0, 1, 2, 3, 4, 5, 6, 7]"
3171,chúng tao tuyên giáo hân hạnh tài trợ cho nas thực hiện chương trình mị dân này pew bưng bô said,"[6, 7, 8, 69, 70, 71, 72, 73, 74, 84, 85, 86, 87, 88, 89, 90]"
3172,"CÒN CSVN LÀ CÒN KHỔ SỞ .PHẢI THAY ĐỔI CHẾ ĐỘ CSVN .KHÔNG THAY ĐỔI ĐƯỢC ,PHẢI LẬT ĐỔ CSVN .KHÔNG LẬT ĐỔ ĐƯỢC ,PHẢI ÁM SÁT NHƯ NGUYÊN PHÚ TRỌNG ÁM SÁT LÊ HẢI AN VẬY .ĐÂY LÀ LUẬT QUẢ BÁO ,DÂN NGHỆ AN RƯỚC HỒ CHÍ MINH GIẢ VỀ CAI TRỊ VN NAY BỊ CSVN GIẾT ...","[77, 78, 79, 80, 81, 82, 96, 97, 98, 99, 100, 101, 114, 115, 116, 117, 118, 119, 142, 143, 144, 145, 146, 147, 202, 203, 204, 205, 206, 207, 208, 209, 210, 211, 212, 213, 214, 215, 216, 244, 245, 246, 247]"
3173,Xem muon ỉa vào mặt con tạ bích loan vs thang lol thanh dm tui no sủa như chó,"[9, 10, 11, 12, 13, 14, 15, 16, 17, 18, 20, 21, 22, 40, 41, 42, 43, 44, 45, 46, 47, 48, 56, 57, 59, 60, 61, 62, 63, 64, 65, 66, 67, 68, 69, 70, 71, 72, 73, 74, 75, 76]"
3174,Du ma  may nha . May ve day tao dap ma may ko ra,"[0, 1, 2, 3, 4, 7, 8, 9, 17, 18, 19, 28, 29, 30, 32, 33, 34, 36, 37, 39, 40, 41]"
3175,tây nó đơn giản lắm.chết vài người có sao đâu. dân chủ vl mà.,"[4, 5, 20, 21, 22, 23, 55, 56]"
3176,Làm đek gì có Lê Văn Tám nên chậm là đúng rồi. :v,"[4, 5, 6]"
3177,"sắp trầm cảm cmnr , nhiều tâm sự cứ giữ mãi trong lòng và che dấu bằng nụ cười 😷","[13, 14, 15, 16]"
3178,Chị ba chắc còn trinh trâu hahaha,"[16, 17, 18, 19, 20, 21, 22, 23, 24, 25]"
3179,Nguyễn Hoàng Anh Tú thế thì ăn cứt đi chứ đừg để chết vì cô rô na,"[31, 32, 33, 49, 50, 51, 52]"
3180,Chỗ đó có trị tàn nhang ko chị gái,[]
3181,"Nếu đây là thày giáo thật thì có lẽ cần phải đi khám bác sĩ, đầu óc ông này đang có vấn đề.","[61, 62, 63, 64, 65, 66, 67, 68, 69, 70, 71, 72, 73, 74, 75, 76, 77, 78, 79, 80, 81, 82, 83, 84, 85, 86, 87, 88, 89]"
3182,"Ông im mẹ mồm đi,xl quen mồm","[7, 8, 9, 10, 11, 12, 17, 18, 25, 26, 27]"
3183,"Đoàn Yến có chứ, khác mọi năm thôi",[]
3184,Mạnh Hùng hehe,[]
3185,"Lúc nhỏ cứ nghĩ người mà ko có não là ko sống được, lớn lên mới biết thầy bar ko có não vẫn sống như thường","[69, 70, 71, 72, 73, 74, 75, 76, 77, 78, 79, 80, 81, 82, 83, 84, 85, 86, 87, 88, 89, 90, 91, 92, 93, 94, 95, 96, 97, 98, 99, 100, 101, 102, 103, 104, 105, 106]"
3186,"Đm, đéo hiểu sao cái đầu của nó lại nói ra đc những lời đó, so sánh nó với con chó thì nhục con chó qá","[0, 1, 4, 5, 6, 29, 30, 68, 69, 79, 80, 81, 87, 88, 89, 90, 91, 92, 93, 94, 95, 96, 97, 98, 99, 100, 101]"
3187,"Xích cổ cách ly ngoài rừng cho hợp với không khí nó cần,thag ml","[0, 1, 2, 3, 4, 5, 6, 7, 8, 9, 10, 11, 12, 13, 14, 56, 57, 58, 59, 60, 61, 62]"
3188,"ĐM, chắc lại rút sợ dây kinh nghiệm thôi mà","[0, 1]"
3189,Làm quả combo cho chất a ơi 👌,[]
3190,cố lên chị gái của em <3,[]
3191,Ở đó mà bán rẻ tâm hồn. Sủa cc,"[8, 9, 10, 11, 12, 13, 24, 25, 26, 27, 28, 29]"
3192,Tổn thương nhiều lần con người ta sẽ chẳng muốn yêu thêm 1 ai nữa,[]
3193,Cuong Ly Dinh chửi cc,"[19, 20]"
3194,HN Thu Nguyên hoặc cho nó xuống đất ngủ thử cho quen hơi đất,"[23, 24, 26, 27, 28, 29, 30, 31, 32, 33, 34, 35, 36, 37, 38]"
3195,Tối này thầy live k nhỉ,[]
3196,Con đi gia,"[0, 1, 2, 3, 4, 5, 6, 7, 8, 9]"
3197,Ôi: đúng là cách sử lý chánh ô nhiễm môi trường của việt nam. Các lãnh đạo tài giỏi và tin cậy của nhân dân có cách sử lý ô nhiễm thật khoa học đã giúp pômôsa giải tỏa những núi chất thải mà không ô nhiễm không ảnh hưởng đến sức khỏe và đời sống của nhân dân. Nếu có ảnh hưởng thì chỉ ảnh hưởng cán bộ lãnh đạo thôi.,"[62, 63, 64, 65, 66, 67, 68, 69, 70, 71, 72, 73, 74, 75, 76, 77, 78, 79, 80, 81, 82, 83, 84, 85, 86, 87, 88, 89, 90, 91, 92, 93, 94, 95, 96, 97, 98, 99, 100, 101, 102, 103, 104, 105, 106, 107, 108, 109, 110, 111, 112, 113, 114, 115, 116, 117, 118, 119, 120, 121, 122, 123, 124, 125, 126, 127, 128, 129, 130, 131, 132, 133, 134, 135, 136, 137, 138, 139, 140, 141, 142, 143, 144, 145, 146, 147, 148, 149, 150, 151, 152, 153, 154, 155, 156, 157, 158, 159, 160, 161, 162, 163, 164, 165, 166, 167, 168, 169, 170, 171, 172, 173, 174, 175, 176, 177, 178, 179, 180, 181, 182, 183, 184, 185, 186, 187, 188, 189, 190, 191, 192, 193, 194, 195, 196, 197, 198, 199, 200, 201, 202, 203, 204, 205, 206, 207, 208, 209, 210, 211, 212, 213, 214, 215, 216, 217, 218, 219, 220, 221, 222, 223, 224, 225, 226, 227, 228, 229, 230, 231, 232, 233, 234, 235, 236, 237, 238, 239, 240, 241, 242, 243, 244, 245, 246, 247, 248, 249, 250, 251, 252, 253, 254, 255, 256, 257, 260, 261, 262, 263, 264, 265, 266, 267, 268, 269, 270, 271, 272, 273, 274, 275, 276, 277, 278, 279, 280, 281, 282, 283, 284, 285, 286, 287, 288, 289, 290, 291, 292, 293, 294, 295, 296, 297, 298, 299, 300, 301, 302, 303, 304, 305, 306, 307, 308, 309]"
3198,Đẹp chỗ nào thế,[]
3199,"Quá troi xl , đm bán hàng 10 năm , bớt đi cd oi","[9, 10, 14, 15, 42, 43]"
3200,đặt khô gà ở đâu v thầy ơi,[]
3201,cho em hỏi ngủ tí...10 năm trước là 2010...lúc đó có tính năng livestream của fb rồi hả mọi người??,[]
3202,hát như cái đách lồn dị đó Abe:),"[12, 13, 14, 15, 16, 17, 18, 19]"
3203,"ghét nhất là mấy khúc như vậy, AiLan Huynh @sandyh Sandyhuynh Hangxáchtay-us Chè Nguyễn",[]
3204,Bị cô lập thì về đây với em nè abe em dẫn abe đi chơi gái nè . Bao ngon,"[49, 50, 51, 52, 53, 54, 55, 56]"
3205,Con mẹ nó,"[0, 1, 2, 3, 4, 5, 6, 7, 8]"
3206,Nhìn nó mất đập cho một trận mở mồm ra là cái lũ,"[5, 6, 12, 13, 14, 42, 43, 44, 45, 46, 47]"
3207,ê cho máy tỷ xai chơi coi,[]
3208,Mai Thu Hoàng tôi còn vừa bị chặn cmt rồi kia kìa😂😂..đúng là đáng sợ hơn cả dịchhhh:)))),[]
3209,Nguyen anh hùng . Đay minh an sam ban nhé .nếu con so chắc mình ko cmt ở đay đau 😭,[]
3210,Sản phẩm của 1 nền giáo dục thối nát,"[28, 29, 30, 31, 32, 33, 34, 35]"
3211,Dễ ăn 500tr như thế mới sướng,[]
3212,Chỉ Có những người ngu lâu dốt bền mới khoe của,"[19, 20, 21, 22, 23, 24, 25, 26, 27, 28, 29, 30, 31, 32, 33]"
3213,Duy Vâu đcm cà khìa vcl :))))))),"[8, 9, 10, 20, 21, 22]"
3214,Đề nghị Anh Tiệp Câm Mồm Laii,"[17, 18, 19, 20, 21, 22, 23]"
3215,"Ktyt 4 lớp kháng khuẩn có kiểm định, có công bố muốn an toàn và chất lượng về với đội của em",[]
3216,QuânAnh dogy chứ,[]
3217,Biểu cảm của 1 thanh niên ra rìa,[]
3218,Dân mà gạt tay vậy chắc tô lâm nó cho vào tội cưỡng hiếp nun,"[31, 32, 46, 47, 48, 49, 50, 51, 52, 53, 54, 55]"
3219,Toàn chó đàn,"[5, 6, 7, 8, 9, 10, 11]"
3220,Panda thái đã xem,[]
3221,Anh Châu siêu dễ thương luôn á trời:333,[]
3222,<3,[]
3223,Chờ em mặc quần cái,[]
3224,May  trước  đay  ninh  no  chui  liên  oanh  ma  gio  lai  quay  ra  chui  no  ha  cho  may  sang  mặt  ra  chua,"[23, 24, 27, 28, 29, 30, 69, 70, 71, 72, 75, 76, 88, 89, 90]"
3225,Cô dễ thương quá ! 🥰,[]
3226,"Sủa như chó đc 3 củ còn đ' đủ ăn cơm, bọn kia đ' làm gì vẫn đc đi định cư :v đúng là kiếp con bò","[0, 1, 2, 3, 4, 5, 6, 7, 8, 9, 10, 24, 25, 38, 39, 40, 46, 47, 85, 86, 87, 88, 89, 90, 91, 92, 93, 94, 95]"
3227,Nhậu cái đm chúng mày lũ chó hại dân hại nước,"[9, 10, 11, 12, 13, 14, 15, 16, 17, 18, 19, 20, 22, 23, 24, 25, 26, 27, 28, 29, 30, 31, 32, 33, 34, 35, 36, 37, 38, 39, 40, 41, 42, 43, 44]"
3228,Nể nhất anh phóng viên! Ngồi mặt tỉnh bơ ko biến sắc,[]
3229,Xi - Men  tiếng pháp là tuần lễ. Các thiếu nữ phá đel bộ vòng nầy gồm 7 chíếc. Tượng trưng chl tuần lễ. Còn dân nầy mắc ngu quá nên đeo 70 chiếc.,"[59, 60, 61, 141, 142, 143]"
3230,Xin phép cả nhà nhaaaa!!!,[]
3231,Nhiều lúc a tôi xàm lol nhưng nhiều lúc chân lý vl 🙂,"[16, 17, 18, 19, 20, 21, 22, 48, 49]"
3232,Mấy đứa giàu thường rất thích đi dạy đời người khác,"[4, 5, 6, 33, 34, 35, 36, 37, 38, 39]"
3233,"Ua, cai nay tuan truoc phat roi ma?",[]
3234,Nguyễn Trung Sâu Bi Hồng Thắm Ngô Thị kiếm tiền đi du lịch này,[]
3235,thầy nhớ mang vinh quang về - nghệ sĩ hài hước clm,"[47, 48, 49]"
3236,Toan đựng bọn ngu phá hại lên làm quan nên dân nuôn đời vất vả nếu ko nhôt bơt cái bọn ngu ấy lai,"[10, 11, 12, 13, 14, 15, 16, 18, 19, 20, 21, 22, 23, 24, 43, 44, 45, 46, 47, 48, 49, 50, 51, 52, 53, 54, 55, 56, 57, 58, 59, 60, 61, 70, 71, 72, 73, 83, 84, 85, 86, 87, 88, 89]"
3237,Cô Minh Hiếu đúng kiểu Miền Tây Chất Phát. Nghĩ gì nói đó chân thật đến đáng yêu. Mãi yêuu cô LISA Minh hiếu,[]
3238,9 người đc nhận máu :,[]
3239,Cực kỳ thuyết phục =)))),[]
3240,"Trái cây thì a nghĩ chú mày ko dám nuốt vì sợ độc,2tr usd thì chú mày nuốt,khôn như chú xom a đầy","[24, 25, 26, 50, 51, 52, 53, 54, 55, 56, 57, 58, 59, 60, 61, 62, 63, 64, 65, 66, 67, 68, 69, 70, 71, 72, 73]"
3241,Đm admin ngu vcl:)) chăcs cậu đang tưởng mình hay vs nguy hiểm lắm đấy:)),"[0, 1, 9, 10, 11, 12, 13, 14, 15, 35, 36, 37, 38, 39, 40, 41, 42, 43, 44, 45, 46, 47, 48, 49, 50, 51, 52, 53, 54, 55, 56, 57, 58, 59, 60, 61]"
3242,Trần Thu Huyền đc,[]
3243,Chen à,[]
3244,Trong những ng biểu tình dĩ nhiên có những ng đi vs cái tâm rất tốt,[]
3245,sợ vlon anh ơiii🙄,"[3, 4, 5, 6]"
3246,Chắc hẳn hất nhiều ng muốn như này :)),[]
3247,Cho vào túi nilon thả trôi sông chứ cách ly làm gì tốn chi phí nhà nước,"[18, 19, 20, 21, 22, 23, 24, 25, 26, 27, 28, 29, 30, 36, 37, 38, 39, 40, 41, 42, 43, 44, 45, 46, 47, 48, 49, 50, 51, 52, 53, 54, 55, 56, 57, 58, 59, 60, 61]"
3248,"Từ khi đâu Việt Nam thành cái ổ chứa dịch của bọn Rich kid ,Việt kiều vậy ủa khi còn khỏe có tiền thì sống nước này, nước kia,quốc tịch này quốc tịch kia, rồi tới khi bị gì lại quay về Việt Nam, kiểu như Việt Nam là chổ tạm trú á , đéo hiểu chúng mày sống kiểu gì luôn","[30, 31, 32, 33, 34, 35, 36, 37, 38, 39, 40, 41, 42, 43, 44, 45, 46, 47, 48, 49, 50, 51, 52, 53, 54, 55, 56, 57, 58, 59, 60, 61, 62, 63, 64, 65, 66, 67, 68, 102, 103, 104, 105, 106, 107, 108, 109, 110, 111, 112, 113, 114, 115, 116, 117, 118, 119, 120, 121, 122, 123, 124, 125, 126, 127, 128, 129, 130, 131, 132, 133, 134, 135, 136, 137, 138, 139, 140, 141, 142, 143, 144, 145, 146, 147, 148, 149, 150, 151, 152, 204, 205, 206, 207, 208, 209, 210, 211, 212, 213, 214, 215, 216, 217, 218, 219, 220, 221, 222, 223, 224, 225, 226, 232, 233, 234, 241, 242, 243, 244, 245, 246, 247, 248, 249]"
3249,Mode GAM Sena auto win,[]
3250,Hiến pháp Mỹ,[]
3251,Làm tui với😝,[]
3252,Lũ đấy đang ngồi đếm tiền chia chác kiếm dc sau vụ đút lót dã man đấy,"[0, 1, 51, 52, 53, 54, 55, 56, 57, 59, 60, 61, 62, 63, 64]"
3253,căng thẳng vlll,"[11, 12, 13, 14]"
3254,Đm tao cừ tao ỉa 🤣🤣,"[0, 1, 3, 4, 5, 6, 7, 8, 9, 10, 11, 12, 13, 14, 15]"
3255,Cũng Khá Là Thuyết Phục !,[]
3256,cần gì phân biệt Thầy giá ba với Baroibeo làm gì trong khi cả 2 đều rất đẹp trai ?,[]
3257,BKDN cũng y như vậy. Nhưng mà kiến nghị lên thì thay thôi,[]
3258,Dù ai nói ngã nói nghiêng đỷ này vẫn xạo lồn như xưa,"[26, 27, 37, 38, 39, 40, 41, 42, 43]"
3259,THƯA NHÀ TIÊN TRI CHO BIẾT KHI NÀO VIỆT NAM SẼ XÓA SỔ TRUNG QUỐC VẬY?,"[47, 48, 49, 50, 51, 52]"
3260,bà khùng điên  nang lắm rồi,"[3, 4, 5, 6, 7, 8, 9, 10, 11, 12, 13, 14, 15, 16, 17, 18]"
3261,Ông giám đốc này chắc là sản phẩm của cắt đôi BCS,"[25, 26, 27, 28, 29, 30, 31, 32, 33, 34, 35, 36, 37, 38, 39, 40, 41, 42, 43, 44, 45, 46, 47, 48]"
3262,"to su ong CAn, deu co ong CAn nao tot. ong CAn tot chi thay trog phim. sao ko co ng nao di cung chu","[0, 1, 2, 3, 4, 15, 16, 17]"
3263,Anh Minh chậm cái con cặc,"[18, 19, 20, 21, 22, 23, 24]"
3264,Fan cô minh hiếu nè,[]
3265,đất nước thối nát,"[9, 10, 11, 12, 13, 14, 15, 16]"
3266,Sống chậm lại,[]
3267,Link @@ =)),[]
3268,Nguyễn Hạnh Mai phục cái máu lồn,"[16, 17, 18, 19, 20, 21, 22, 23, 24, 25, 26, 27, 28, 29, 30, 31]"
3269,Đéo biết game phải để giải trí không nữa 😂😂😂,"[0, 1, 2]"
3270,@Jiang Jiang 👉👉 Liên hệ Even + Show + Chụp Ảnh + Pr call trực tiếp quản lý : 0933.38.10.29😀😙❤❤👈👈,[]
3271,k phải thầy em đâu,[]
3272,Người nổi tiếng mà ý thức kém quá.,"[0, 1, 2, 3, 4, 5, 6, 7, 8, 9, 10, 11, 12, 13, 14, 15, 16, 17, 18, 19, 20, 21, 22, 23, 24, 25, 26, 27, 28]"
3273,"nhìn mặt người đàn ông này có thể cho chunga ta thấy dc ông là người ntn, vẻ mặt khắc khổ đúng chât người nông dân, bị ép vào đường cùng a chẳng còn lựa chọn nào khác",[]
3274,NGHIỆP BÊ ĐÊ NẶNG LẮM R MÁ ƠI,"[0, 1, 2, 3, 4, 5, 6, 7, 8, 9, 10, 11, 24, 25]"
3275,Min Trần Xuân Nhím mua đồ tết làm gì ? :)),[]
3276,Cố gắng lên các amh ê,[]
3277,Ghẹo nó chi để nó chửi trời,"[5, 6, 15, 16]"
3278,"Duy Sama nghỉ nhiều quá thành đúp mẹ nguyên 1 kỳ,sau này học xong ĐH mới thấy thời gian nó quý như nào","[34, 35]"
3279,@Linh Kute sao e biết xa giỏi vậy.,[]
3280,địt cụ bọn này k con zề để bàn nữa rồi,"[0, 1, 2, 3, 4, 5, 6, 7, 8, 9, 10, 11, 12, 13]"
3281,Vì refund top 1 nên tối nay mình xin phép ea..blabla,[]
3282,"Phải khai trừ. Ngườ đảg viên mà toàn đi đâu cũng giả danh giữ chức vụ này chjwcs vụ kia, người đảng viên mà đi đánh một đứa trẻ 12tuôi rất hèn hạ. Phải khai trừ và ko chấp nhận một cơ quan nào làm hết","[5, 6, 7, 8, 9, 10, 11, 12, 49, 50, 51, 52, 53, 54, 55, 56, 111, 112, 113, 114, 139, 140, 141, 142, 143, 144, 152, 153, 154, 155, 156, 157, 158, 159, 164, 165, 166, 167, 168, 169, 170, 171, 172, 173, 174, 175]"
3283,Mỹ đập 456% thuế cộng thêm thuế của anh Bảy cà ri sắp bồi tiếp nữa thì Formosa chắc không qua khỏi con trăng này rồi. Chắc ai đó sẽ buồn khi Formosa đòi lại tượng 50kg vàng.,[]
3284,Bao nhiêu cái tý trôi qua rồi. Mà vẫn không thấy đâu. Quá buồn,[]
3285,dạo này pản động nhiếu quá mấy bạn bò đỏ ah :D,"[8, 9, 10, 11, 12, 13, 14, 15, 35, 36, 37, 38, 39]"
3286,Em đi viện bảo tàng ở Vĩnh Long thấy ông này trong hình sao giống thầy quá k biết có quan hệ gì k ạ 😂😂,[]
3287,thôn...làm ! cán bộ thôn...làm !,"[0, 1, 2, 3, 4, 5, 6, 7, 8, 9, 20, 21, 22, 23, 24, 25, 26, 27, 28, 29]"
3288,Ông chồng be like,[]
3289,:)),[]
3290,Trần Công Luận đúng .phai phat tù vi gay bao nhieu nguoi ..tot nhat tử hih,"[68, 69, 70, 71, 72, 73]"
3291,Nghe lần đầu k hay nhưng nghe lần 2 3 4 lần n sẽ nghiện nha 🤪🤪,[]
3292,Êh... thằng đó nó dịu dàng vậy nó phẫu thuật xong tui bede cái chuyển tiếp thành moi đợt nữa hay gì,"[6, 7, 8, 9, 10, 31, 32]"
3293,Deo hieu luon :))),"[0, 1, 2]"
3294,Moi tới lỗ mũi mà không hung dữ sao được,[]
3295,Gặp trường hợp này e thường chạy qua bàn khác :3,[]
3296,dám hó hé đéo,"[10, 11, 12]"
3297,Yêu xa chẳng qua mình là người thay thế họ mà thôi :)),[]
3298,Ấu my fuckboi,"[6, 7, 8, 9, 10, 11, 12]"
3299,"Như con cặc,","[8, 9, 10]"
3300,các ông cứ như tia chớp ấy :)),[]
3301,Tình nghĩa anh em chắc có bền lâu,[]
3302,DM. Chúng bây sủa bậy còn nói à. Nguòi ta nói câu này chúng bây dịch ra câu khác. Nói nguyên văn thì có phải hay hơn ko,"[0, 1, 4, 5, 6, 7, 8, 9, 10, 11, 12, 13, 15, 16, 17, 18, 19, 20, 21, 22, 23, 63, 64, 65, 66, 67, 68, 69, 70, 71, 72]"
3303,chi noi chuyen vui qua,[]
3304,Đéo có kicm vao cay view ae oi,"[0, 1, 2]"
3305,Chưa chắc gì ngta đã chia tay mà ở đó quay lại,[]
3306,Clm...:))),"[0, 1, 2]"
3307,gửi đến cô gái nào đó tên nhung,[]
3308,"Đm! Thắm ơi! Lâu lắm rồi ko chửi bậy trên Fb, cơ mà đang cú quá, đéo biết giải toả ở đâu cả, viết ké ở đây nhé! Cái đcm nhà m nữa! Add bố m, bố accept xong lại chặn bố à? Đcm! Hl thế? Bố đéo rảnh để quan tâm chúng m ăn uống ngủ nghỉ chơi bời thế nào đâu! Ranh con đầu bà cmay! Chỗ cm rảnh háng vào làm mấy cái trò ăn cc như thế à? Cái đm!","[0, 1, 28, 29, 30, 31, 32, 33, 34, 35, 65, 66, 67, 116, 117, 118, 124, 135, 136, 137, 138, 141, 142, 160, 161, 162, 163, 164, 165, 166, 171, 172, 173, 184, 185, 187, 188, 189, 190, 191, 192, 193, 194, 208, 209, 210, 211, 212, 213, 214, 255, 256, 257, 258, 259, 260, 261, 262, 264, 265, 266, 267, 268, 269, 270, 271, 272, 273, 274, 281, 282, 284, 285, 286, 287, 288, 289, 290, 291, 292, 302, 303, 304, 305, 306, 307, 308, 309, 310, 311, 312, 317, 318, 335, 336]"
3309,Đang đẹp tự nhiên sang tuổi 23 -_-,[]
3310,bên Mina Macro chuẩn quá top đầu luôn nè,[]
3311,Con nay ko co an hoc nen moi co hanh dong nhu the.de nguoi ta chua minh ko nhuc a,"[0, 1, 2, 3, 4, 5, 6, 8, 9, 10, 11, 12, 13, 14, 15, 16, 17, 18, 19, 62, 63, 64, 65, 75, 76, 77, 78]"
3312,Bình tĩnh anh ba ơi :>,[]
3313,Đm bọn thuyết phục xl,"[0, 1, 3, 4, 5, 6, 22, 23]"
3314,Loại này tử hình luôn cách ly làm gì cho tốn mỳ tôm 😁,"[0, 1, 2, 3, 4, 5, 6, 7, 8, 9, 10, 11, 12, 13, 14, 15, 16, 17, 18, 19, 20, 21, 22, 23, 24, 25, 26, 27, 28, 29, 30, 31, 32, 33, 34, 35]"
3315,Bụng như con heo vậy mà bài đặt bán thuốc giảm cân. Uống đi rồi chết.,"[0, 1, 2, 3, 4, 5, 6, 7, 8, 9, 10, 11, 12, 13, 14, 15, 16, 27, 28, 29, 30, 31, 32, 33, 34, 35, 74, 75, 76, 77, 78]"
3316,ủng hộ abe ủng hộ abe,[]
3317,Nó đâu có sài gòn,[]
3318,"Lưu Bá Mạnh cô dạy em bài thể dục buổi sáng , 1 2 3 cô hít the lòn ma the lòn ma","[59, 60, 61, 62, 63, 64, 65, 66, 67, 68, 69, 70, 71, 72, 73, 74, 75, 76, 77, 78, 79]"
3319,3166:20:00,[]
3320,. Cuộc sống thay đổi nhanh quá :v 😆,[]
3321,Hay qué,[]
3322,"mua hàu có tặng kèm đối tác hay gì không các ông, mịa uống xong nằm đấy vs tay trái thì lại chán bỏ mẹ","[50, 51, 52, 64, 65, 66, 67, 68, 69, 70, 71, 72, 73, 74, 75, 76, 77, 78, 79, 80, 81, 82, 97, 98, 99, 100, 101]"
3323,dm cứ đi vay ODA của TQ vs NHật về xay dựng rồi lại phải thuê nhà thầu vs thiết bị nước nó. Nghe các thầy bảo hoàn thành 2/3 công trình nó đã lấy lại mẹ hết vốn ODA nó bỏ ra còn lại sau này dân lại lai lưng ra làm trả cho chúng nó vs trả cả phần mấy thằng bụng bà đẻ nước ta,"[0, 1, 88, 89, 136, 137, 150, 151, 165, 166, 198, 199, 200, 201, 202, 203, 204, 205, 222, 223, 224, 225, 226, 227, 228, 229, 250, 251, 252, 253, 254, 255, 256, 257, 258, 259, 260, 261, 262, 263, 264, 265]"
3324,Thời nào biết thời đó cô ơi giàu bao nhiêu  mà dữ v,[]
3325,Tr oi tin dk hk kon di dag kiem khack,"[16, 17, 18, 19, 20, 21]"
3326,Lê văn tám là hư cấu à bacd,[]
3327,Cay thế nhở ☹️☹️,[]
3328,Fa lúc nàyy 😊,[]
3329,khá lắm,[]
3330,Phúc Hưng clm :))),"[10, 11, 12]"
3331,Từ Hân Ly lay má 🤣,"[10, 11, 12, 13, 14, 15]"
3332,Nó có lây qua đường đt ko =))),[]
3333,"Cảm ơn thầy, yêu thầy",[]
3334,Mong lung ở cái tuổi đôi mươi :)),[]
3335,Chậm cái đcm chúng m à nhai mãi đéo chán à,"[9, 10, 11, 13, 14, 15, 16, 17, 18, 19, 23, 24, 25, 26, 27, 28, 29, 30, 31, 32, 33, 34, 35, 36, 37, 38, 39]"
3336,Chị ao cam la chị hương duyen.o gan nha chi duyen.,[]
3337,Anh ba láo nháo là Tú xiên giờ,"[7, 8, 9, 10, 11, 12, 13, 14, 22, 23, 24, 25]"
3338,Nhìn giống con cặc à nhầm con cua,"[15, 16, 17]"
3339,"CH!CH khỏe, CH!CH phê, đê mê tối ngày :v","[0, 1, 2, 3, 4, 12, 13, 14, 15, 16]"
3340,Luật pháp vn thật hài,"[18, 19, 20]"
3341,Ko biết hiệu quả ko,[]
3342,Nguyễn Trọng Hiệp nước miếng :)),[]
3343,Từ cách nhìn của 1 người dân bình thường thôi bạn. Đúng và hay thì phải khen và ủng hộ thôi. Đâu phải 3 cái bọn rận chủ rẻ tiền kiểu nào cũng nói dc :)),"[102, 103, 104, 105, 106, 107, 108, 109, 110, 111, 112, 113, 114, 115, 116, 117, 118, 119, 120, 121, 122, 123, 124, 125, 126]"
3344,Ô thế là bọn chúng muốn giết ai thì giết à bắt người khác chết thay tội phạm bọn tội phạm đích thực phải chết nhiều tên cũng xứng đáng thôi còn tay luật sư có bằng chứng mà không đưa ra tố cáo tội phạm thì trở thành đồng phạm giết oan người lương thiện .. chính tay luật sư đó phải bị chảm đầu tiên ...,"[9, 10, 11, 12, 13, 14, 15, 16, 17, 24, 25, 26, 27, 36, 37, 38, 39, 43, 44, 45, 58, 59, 60, 61, 62, 63, 64, 65, 66, 77, 78, 79, 105, 106, 107, 108, 226, 227, 228, 229, 230, 231, 232, 233, 285, 286, 287, 288]"
3345,Ngầu đét :v,[]
3346,...,[]
3347,Thang nay oc no co van de rui? Du me o do ma no nhu thuoc no! Di lua loc la gioi! May dung  dai chu co ngoi dai dau,"[0, 1, 2, 3, 4, 10, 11, 12, 13, 14, 31, 32, 33, 34, 35, 45, 46, 47, 48, 49, 50, 51, 52, 53, 54, 55, 56, 57, 58, 59, 82, 83, 84, 86, 87, 88, 89, 90, 91, 92, 93, 94, 95, 96, 97, 98, 99, 100, 101, 102, 103, 104, 105, 106, 107, 108, 109, 110]"
3348,tối nay UTC khai giảng các bạn ơi :)),[]
3349,Đấy du học sinh Úc đấy,[]
3350,Chúc mừng ngày nhà giáo muộn anh Ba,[]
3351,Trại thương điên sẽ mang cho bạn mọi điều mong muốn,"[0, 1, 2, 3, 4, 5, 6, 7, 8, 9, 10, 11, 12, 13, 14, 15]"
3352,"Sau đó thấy mọi người nhắc Trần Dần quá trời, lên mạng tìm hiểu mới biết",[]
3353,con mẹ mày giàu con mẹ mày... khinh thường ng ta,"[0, 1, 2, 3, 4, 5, 6, 7, 8, 9, 16, 17, 18, 19, 20, 21, 22, 23, 24, 25, 30, 31, 32, 33, 34, 35, 36, 37, 38, 39, 40, 41]"
3354,Bo Tay . Com,"[0, 1, 2, 3, 4, 5, 6, 7, 8, 9, 10, 11]"
3355,Con này đúng là sạo lồn 9 phương Củng ko chừa phương nào hết,"[0, 1, 2, 16, 17, 18, 19, 20, 21, 22]"
3356,Sờ chim a ơu,"[0, 1, 2, 3, 4, 5, 6]"
3357,"Tụi dâm loạn viên ăn hết đống cá rồi tắm biển hết đi nha, sao mấy vụ này chả thấy thằng DLV nào vào sủa vậy, ẳng nữa đi mấy cưng","[4, 5, 6, 7, 8, 9, 10, 11, 12, 13, 14, 15, 16, 18, 19, 20, 21, 22, 23, 24, 25, 26, 27, 28, 29, 30, 31, 32, 33, 34, 35, 36, 37, 38, 39, 40, 41, 42, 43, 44, 45, 46, 47, 48, 49, 50, 51, 82, 83, 84, 85, 86, 100, 101, 102, 109, 110, 111]"
3358,Hồng Thy cái giọng điệu nói cảm thấy hao hao giống ..!,[]
3359,"nhìn vợ anh lại nhầm sang diễn viên phụ trong phim về nhà đi con trong các tập trăng mật của Vũ và Thư , bikini gạ thụt Vũ",[]
3360,Thương cô qua quá ❤❤,[]
3361,Đờ mờ cuộc sống,"[0, 1, 2, 3, 4]"
3362,Bạn này có não không ???,"[8, 9, 10, 11, 12, 13, 14, 15, 16, 17, 18, 19, 20, 21, 22, 23]"
3363,Ae lưu ý,[]
3364,may ma ve vn .la cai mo may k con cai rang an chao voi cdm,"[0, 1, 2, 17, 18, 19, 20, 21, 22, 23, 24, 25, 26, 27, 28, 29, 30, 31, 32, 33, 34, 35, 36, 37, 38, 39, 40, 41, 42, 43, 44, 45, 46, 47, 48, 49, 55, 56, 57]"
3365,Về đâu mái tóc chị Trang thương :((,[]
3366,hay velu,[]
3367,Nghe phát biểu đã thấy nhảm cứt =]],"[23, 24, 25, 26, 27, 28, 29, 30]"
3368,Nhật Phú Nguyễn xin video bạn ơi 😅😅😅,[]
3369,Ok chưa,[]
3370,Tiểu tiểu xinh hơn nhé,[]
3371,My Tran cái con này vòng vo vlon:)),"[12, 13, 14, 28, 29, 30, 31]"
3372,Nhựt Minh xóa đi quơi 😡,[22]
3373,:)) t bên này t còn dell giám dùng tien mà s chj 3 xaolol vay nhà toàn trã góp sūa cl :))),"[4, 14, 20, 21, 22, 23, 51, 52, 53, 54, 55, 56, 79, 80, 81, 82, 83, 84]"
3374,Mất lịch sự thì có,"[0, 1, 2, 3, 4, 5, 6, 7, 8, 9, 10]"
3375,Lương Kiều Trúc Uyên đồng quan điểm!,[]
3376,23:28 chị thấy cái đó là xĩu 3 ngày,[]
3377,cười vc a ưiii 😂😂,[]
3378,nhìn ngứa mắt,"[0, 1, 2, 3, 4, 5, 6, 7, 8, 9, 10, 11, 12]"
3379,Chơi fb đi con chó để ng dân thấy bản mặt thật của mày thằng chó,"[15, 16, 17, 18, 57, 58, 59, 60, 62, 63, 64, 65, 66, 67, 68, 69, 70, 71, 72]"
3380,"Tình yêu là khi bạn yêu 1 người thật lòng thì bạn sẽ yêu luôn cả vợ và con anh ấy, mù quán vcl 🤣","[83, 84, 85, 86, 87, 88, 89, 91, 92, 93]"
3381,Văn hoá máu lồn huh? =)) mất dậy nhưng có che đậy gì đâu :)) Like,"[8, 9, 10, 11, 12, 13, 14, 25, 26, 27, 28, 29, 30, 31]"
3382,ThanhHuy Nguyen vcl,"[16, 17, 18]"
3383,Các em bình tĩnh,[]
3384,"Thanh Nghệ Tĩnh là trùm CM ( trừ vùng CG thì đỡ ) , nên mấy gia đình kia từ chối ko có gì lạ !",[]
3385,Vãi lon :))),"[0, 1, 2, 3, 4, 5, 6]"
3386,dân gian người ta gọi là mặt dầy,"[25, 26, 27, 28, 29, 30, 31]"
3387,Sao like nhiều quá vậy đáng lẽ diss like mới đúng chứ,[]
3388,chỗ tui chưa có điện nữa mà kế bên quốc lộ 91 tỉnh an giang mới chết chứ .....đất nước có thật đang phát triển k....dốc láo riết quen....,"[64, 65, 66, 67, 120, 121, 122]"
3389,"Dàn Táo năm nay làm chương trình TÁO QUÂN VI HÀNH nhé mn, phát sóng 9h tối 23 Tết trên VTV3 :))",[]
3390,ói hànggg =)),"[0, 1]"
3391,Kiểu gì antifan cũng bảo ảnh này là ghép,[]
3392,Cười mún bò,[]
3393,thu 3d may ma sao lon qua,"[4, 5, 14, 15, 16, 17, 18, 19, 20]"
3394,Nguyễn Thị Luận cho nghỉ dài hạn r nha 😂,[]
3395,Kkkk...iu nhau là phải có đụ..,"[26, 27]"
3396,Thằng Rách nhiều anti nhờ mấy con đóm sâu bọ đó. Đọc cmt bcuoi vl. Chúng mày thấy hay thì chúng mày bảo hay. Bọn t thấy k hay thì bảo k hay. Cãi đéo đc lại bảo nta bán ol nên tạo phốt. Đéo hiểu,"[0, 1, 2, 3, 4, 5, 6, 7, 8, 9, 30, 31, 32, 33, 34, 35, 36, 37, 38, 39, 40, 41, 42, 43, 63, 64, 67, 68, 69, 70, 71, 72, 73, 74, 75, 90, 91, 92, 93, 94, 95, 96, 97, 98, 109, 110, 111, 112, 113, 145, 146, 147, 185, 186, 187]"
3397,Minhh Khuê có bà ở trong đó k :vv,[]
3398,@To Nhu Nguyen giả đầu m t sài r nha,"[23, 25]"
3399,xin video với b,[]
3400,Hoàng Bomi Cường Trần haha nhớ nha 2 đứa,[]
3401,Gia Bảo bắt chước nhạt vl,"[18, 19, 20, 21, 22, 23, 24]"
3402,Bà cũng thiệt tình ge giờ chưa có cho từ thiện toàn mấy anh mấy chị cho không ah,[]
3403,Bọn rẻ tiền này mà nhà nước muốn đập thì chúng nó chết từ vài năm trc rồi,"[0, 1, 2, 3, 4, 5, 6, 7, 8, 9, 10, 33, 34, 35, 41, 42, 43, 44, 45, 46, 47, 48, 50, 51, 52, 53]"
3404,Cô Minh Hiếu dễ thương quá ạ. =)))),[]
3405,Chỉ này đẹp va,[]
3406,"Đánh con mẹ gì trúng 20k, xao lol :))","[5, 6, 7, 8, 9, 10, 26, 27, 28, 29, 30, 31, 32]"
3407,"Trần Vỹ không biết nhục mới đi đạo nhái, những thằng fan là nhục gấp đôi vì hâm mộ thằng đạo chất xám của ng khác","[19, 20, 21, 22, 31, 32, 33, 34, 35, 36, 37, 38, 47, 48, 49, 50, 51, 60, 61, 62, 63, 83, 84, 85, 86, 87, 88, 89, 90, 91, 92, 93, 94, 95, 96, 97, 98, 99, 100]"
3408,Vừa nhận đc áo thích quá chời,[]
3409,Cách ly clg nữa 🙂 loại này mang thẳng vào nhà hoả táng mà cách biệt!,"[8, 9, 10, 18, 19, 20, 21, 27, 28, 29, 30, 31, 32, 33, 34, 35, 36, 37, 38, 39, 40, 41, 42, 43, 44, 45, 46, 47, 48, 49, 50, 51, 52, 53, 54, 55, 56, 57, 58, 59, 60, 61, 62, 63, 64, 65, 66]"
3410,Vkl đúng một ổ dlv đang thủ dâm tinh thần với nhau. Tôi ngưỡng mộ a phan anh quá. Còn nhà nước hả. Một nghìn tôi cũng ko đóng góp. Vì tôi quá hiểu bản chất chính quền vn rồi.,"[0, 1, 2, 13, 14, 15, 16, 17, 24, 25, 26, 27, 28, 29, 30]"
3411,Có link facebook không bạn?,[]
3412,"tao ngại phải dùng cái từ này nhưng mà ko nói ko được:' óc chó""","[0, 1, 2, 56, 57, 58, 59, 60, 61]"
3413,cái Hàu ob này có dành cho trai cong như mình ko nhỉ,[]
3414,"Lũ bất tài, vô dụng, học hành không lo, lo ăn chơi, lười biếng xong đổ cho "" Xã hội đổ nát, nhà nước vô dụng "".... Xin lỗi chứ một chục cái nước Mĩ cũng chả gánh nổi đám phá của tụi mày đâu :/","[0, 1, 2, 3, 4, 5, 6, 7, 8, 9, 12, 13, 14, 15, 16, 17, 18, 21, 22, 23, 24, 25, 26, 27, 28, 29, 30, 31, 32, 33, 34, 35, 36, 37, 40, 41, 42, 43, 44, 45, 46, 47, 48, 49, 52, 53, 54, 55, 56, 57, 58, 59, 60, 61, 75, 76, 77, 78, 79, 80, 81, 82, 83, 84, 85, 86, 87, 88, 89, 90, 91, 92, 93, 94, 95, 96, 97, 98, 99, 100, 101, 102, 103, 104, 105, 106, 107, 108, 109, 153, 154, 155, 166, 167, 168, 169, 170, 171, 172, 178, 179, 180, 181, 182, 183, 184]"
3415,"đéo chấp loại này vì nói gì nó cũng vậy thôi, ae kệ nó đi, chắc nó là bảo vệ ở đó đó :))","[0, 1, 2, 28, 29, 52, 53, 64, 65]"
3416,Đéo phải là ngu mà là 1 lũ tham quan ô lại,"[0, 1, 2, 12, 13, 14, 24, 25, 26, 27, 28, 29, 30, 31, 32, 33, 34, 35, 36, 37, 38, 39, 40, 41]"
3417,Người ta NÓI ĐÚNG SỰ THẬT mà sao cứ bảo là NÓI XẤU ? Quan chức chế độ này CÓ TÊN NÀO TỐT ĐẸP ĐÂU mà bảo người ta NÓI TỐT ?,"[74, 75, 76, 77, 78, 79, 80, 81, 82, 83, 84, 85, 86, 87, 88, 89, 90, 91, 92, 93, 94, 95]"
3418,Mua giày sốp pe để đc giá mềm nhé:)),[]
3419,Ccc,"[0, 1, 2]"
3420,tự bóp cu chết nhé,"[3, 4, 5, 6, 7, 8, 10, 11, 12, 13]"
3421,bon comcom đơn vị tác chiến điện tử vs nhật ký yêu nước dm chúng mày vào mà đọc. tưởng ai cũng như chúng mày hết đấy,"[0, 1, 2, 3, 4, 5, 6, 7, 8, 9, 56, 57, 59, 60, 61, 62, 63, 64, 65, 66, 67, 99, 100, 101, 102, 103, 104, 105, 106, 107]"
3422,Vvvbgfggff Nshsbbsna võ minh hiếu lộc tài ( bảy miếng đất),[]
3423,Nhìn xấu vãi nhìn cái mặt vẫn còn dẫn og đi phẫu thuật rồi gì còn xấu còn như đàn og,"[5, 6, 7, 9, 10, 11, 66, 67, 68, 69, 70, 71, 72, 73, 74, 75, 76, 77, 78, 79, 80, 81, 82, 83]"
3424,Kịp bắt trend biểu tưởng hạnh phúc :))),[]
3425,có hình đăng lên đi nói không ai biết được,[]
3426,Mat day qua bac ky lam gi den linh dien ma dam chui tat ca bac ky nhu vay,"[0, 1, 2, 3, 4, 5, 6, 12, 13, 14, 15, 16, 17, 35, 36, 37, 38, 47, 48, 49, 50, 59, 60, 61, 62, 63, 64]"
3427,Nguyễn Xuân Bắc được bạn ơi,[]
3428,Tủn 3K nghe nói xạo lồn quá tr,"[16, 17, 18, 19, 20, 21, 22]"
3429,Chinh Ủn :))))) chắc ai đó sẽ cần 🤣🤣🤣,[]
3430,Đáng nhẽ m k nên về nước 🙂,[9]
3431,Đcm cmt tục vkl😂😂.,"[0, 1, 2, 8, 9, 10, 12, 13, 14]"
3432,(Y) page này ad nó kiến thức uyên sâu lắm từ xây dựng tài chính y tế cái j n cũng am hiểu =)))) ngu dốt + nhiệt tình = phá hoại k sai bh,"[16, 17, 96, 97, 98, 99, 100, 101, 102, 119, 120, 121, 122, 123, 124, 125, 126]"
3433,Chết con đỉ mẹ thầy rồi Long Cua ơi,"[0, 1, 2, 3, 4, 5, 6, 7, 8, 9, 10, 11, 12, 13]"
3434,Gil muôn nơi 😕,[]
3435,Lủ vc Đcs cũng là một bịnh thần kinh ác hiểm cho dân tộc vn !,"[0, 1, 22, 23, 24, 25, 26, 27, 28, 29, 30, 31, 32, 33, 34, 35, 36, 37, 38, 39, 40, 41, 42, 43]"
3436,MV này chất hơn thì đéo xem,"[20, 21, 22]"
3437,Lee Quang tôi toàn nghe nhạc của bùi anh tuấn! Hà anh tuấn! Nghe mấy bài này ko thấm nổi,[]
3438,Bán rẻ tổ quốc,"[0, 1, 2, 3, 4, 5, 6, 7, 8, 9, 10, 11, 12, 13]"
3439,Cái mặt con này đi lượm bao cao su của cháu nó uống nè,"[0, 1, 2, 3, 4, 5, 6, 7, 8, 9, 10, 11, 12, 13, 14, 15, 16, 17, 28, 29, 30, 31, 32, 33, 34, 35, 36, 37, 50, 51, 52]"
3440,Phan Mạnh Cường sao lo mong nhà mày chết bớt 1 ngày đi mà rủa người ta chết vậy óc,"[23, 24, 25, 26, 27, 28, 29, 30, 31, 32, 33, 34, 35, 36, 37, 38, 39, 40, 41, 42, 43, 58, 59, 60, 61, 62, 63, 64, 65, 66, 67, 68, 69, 70, 71, 72, 73, 74, 80, 81]"
3441,Nói bậy tượng hay,"[4, 5, 6]"
3442,"Ngọc Hải ê, biểu tượng cl của m thành trend bên hàn quốc luôn r kìa..","[23, 24, 30]"
3443,Trịnh Hà Vy 790k lận 😞. Đầu tư đi làm kím tìn,[]
3444,đã có Nas ! hãy cười lên các bạn .... cười cho thế giới biết chúng ta đang hạnh phúc như thế nào !,[]
3445,Cho tao hỏi miền ngoài là miền đéo gì vậy 😄,"[31, 32, 33]"
3446,thay nhời muốn nói.....còn nhiều loài tương tự zậy đó. ai rỗi hơi sưu tầm tiếp đi.....,[]
3447,Nghĩ mà chán 🤧,[]
3448,Thần kinh nhỉ,"[0, 1, 2, 3, 4, 5, 6, 7, 8]"
3449,"chơi đi, về đi taxi nhé",[]
3450,dlv ?,[]
3451,Cực kì thuyết phục !😌,[]
3452,Con mụ thần kinh,"[0, 1, 2, 3, 4, 5, 6, 7, 8, 9, 10, 11, 12, 13, 14, 15]"
3453,Thôi anh ơi chuẩn bị về mở tiệm bánh tráng là được rồi,[]
3454,Tối anh Độ ra ngủ với 3 con mèo nhé,[]
3455,Việt nam yêu cầu các nước khác không can thiệp vào công việc nội bộ của Việt nam!,[]
3456,"không có thì ""sản xuất"" ra -_-",[]
3457,vâng ơn đoảng ơn boác xd,"[8, 9, 10, 11, 12, 17, 18, 19, 20]"
3458,Được anh êi :>,[]
3459,Thuốc lào đấyyy 👍,[]
3460,Sao lon,"[0, 1, 2, 3, 4, 5, 6]"
3461,TĂNG CÂN cho người GẦY hoàn toàn từ,[]
3462,ok a êiiiii,[]
3463,Dạo này vào đồn CA về hay bị TRÚNG GIÓ thế ......!!!,"[8, 9, 10, 11, 12, 13, 14, 15, 16, 17, 18, 19, 20, 21, 22, 23, 24, 25, 26, 27, 28, 29, 30, 31, 32, 33, 34, 35, 36, 37]"
3464,Khánh chi đẹp đuối luôn,[]
3465,Chất thực sự .bộ tộc hay nhất stream,[]
3466,Đ’ nói nhiều cái thằng quốc khánh,"[0, 1, 13, 14, 15, 16, 17, 18, 19, 20, 21]"
3467,Tú Trinh chơi luôn,[]
3468,Cái đb gì vậy?,"[4, 5]"
3469,Con Việt kiểu DL Tên Linh Cậu,[]
3470,Nguyễn Hạnh Mai phục con ciu,"[25, 26, 27]"
3471,nhớ nuôi kiểu tóc này mới đủ combo nhé ae,[]
3472,Dễ thương hết sức,[]
3473,Thủ tướng thì lấy đâu ra. Ủng hộ nhiều lại bảo là lấy tiền của dân ra ủng hộ. Tội mấy bác làm lãnh đạo quá. Có tiền mà k giám tiêu. Toàn gửi ngân hàng nước ngoài,"[108, 109, 110, 111, 112, 113, 114, 115, 116, 117, 118, 119, 120, 121, 122, 123, 124, 125, 126, 127, 128, 129, 130, 131, 132, 133, 134, 135, 136, 137, 138, 139, 140, 141, 142, 143, 144, 145, 146, 147, 148, 149, 150, 151, 152, 153, 154, 155, 156, 157, 158, 159, 160]"
3474,"Không ăn thì bạn cũng không có quyền cấm và chửi người khác đâu ạ, thượng đẳng ít thôi","[44, 45, 46, 47, 67, 68, 69, 70, 71, 72, 73, 74, 75, 76, 77]"
3475,Hanh Viet đấy là những biểu hiện của những đứa tretrau chính hiệu đấy bạn ạ. Thề vào page nào cũng thấy cực kì tp 😑,"[43, 44, 45, 46, 47, 48, 49, 50, 51, 52, 53, 111, 112, 113, 114]"
3476,Bắn ngu quá mấy thằng em cho ở nhà trông sói ! Chán Độ vl,"[0, 1, 2, 4, 5, 6, 16, 17, 18, 19, 20, 55, 56]"
3477,"Thằng Giám Đốc Sở sẽ lôi thằng đánh máy ra kỷ luật, đúng quy trình","[0, 1, 2, 3, 4, 21, 22, 23, 25, 26, 27, 28, 29]"
3478,Ủa đàn ông hay đàn bà v ? 😳,[]
3479,"nó viết stt rõ ngu, ở đây ông PA và những người khác không được trả lương để đi từ thiện mà họ còn tự bỏ tiền túi cho những chi phí liên quan, còn mấy ông bộ đội CBCS này ăn lương nhà nước thì đây là trách nhiệm họ phải làm, xin nhấn mạnh là bắt buộc p","[0, 1, 15, 16, 17]"
3480,cho em hỏi chị 3 báo nhiều tuổi  vậy? sao nhìn chị đẹp  quá vậy. kg ninh bo nha.kg xin tiền a nha,[]
3481,COCC không thể bằng CCCCC,"[0, 1, 2, 3, 20, 21, 22, 23, 24]"
3482,nhờ tài lãnh đạo khéo léo của ai vậy ta?,[]
3483,Các chú để anh,[]
3484,Ghê,[]
3485,Bạn Ba còn gạ bạn Thơ vô to lét nữa :))),[]
3486,Phút hối hận muộn màng khi bị bỏ rơi 😂😂😂😂😂😂😂😂😂,[]
3487,phát ngôn kiểu đầu đường xó chợ !,"[15, 16, 17, 18, 19, 20, 21, 22, 23, 24, 25, 26, 27, 28, 29, 30]"
3488,Dm minh hieu la đo ngu,"[0, 1, 16, 17, 18, 19, 20, 21]"
3489,Trung cũng có xe nè Mn. Anh Tiệp tuổi gì.,[]
3490,Nguyễn Thế Sơn tớ cũngg công nhận là mix tiếng nhạc áp tiếng người nhưng mà câu từ cũng khá hay nếu nghe nhiều thì cũng ok,[]
3491,Em đã thử và được mạnh bạc 😂😂,[]
3492,"Góc nhìn thứ nhất của nhân vật Độ =)) trong game "" giữ con khi vợ vắng nhà 🤣""",[]
3493,Chùm cuối vẫn là K-ICM 😂,[]
3494,Cho vào tù cách ly mẹ đi,"[0, 1, 2, 3, 4, 5, 6, 7, 8, 9, 10, 11, 12, 13, 14, 15, 16, 17, 18, 19, 20, 21, 22, 23]"
3495,Đã nói bao lần rồi các anh các chị có tiền đi du lịch vẫn đ** hiểu à😒,"[58, 59, 60, 68]"
3496,Ditme mặt thầy cũng thần thái vãi l*n :)),"[0, 1, 2, 3, 4, 30, 31, 32, 33, 34, 35, 36]"
3497,Có ngày sẽ có tin con này phơi xác.,"[18, 19, 20, 26, 27, 28, 29, 30, 31, 32, 33]"
3498,Thằng ngu người này ai đi làm mà chả đóng thuế . Doanh nghiệp lớn kiếm nhiều lợi nhuận thì đóng thuế nhiều. Thế theo mày đóng thuế nhìu là muốn làm gì thì làm àh.,"[0, 1, 2, 3, 4, 5, 6, 7, 8, 117, 118, 119]"
3499,Điệp khúc buồn của a áo xám 😂,[]
3500,Deoooo nhaa thầy 😚😚,"[0, 1, 2, 3, 4, 5]"
3501,Hiếp dâm thoát tội nếu nạn nhân đồng ý hiếp lại...dm,"[0, 1, 2, 3, 4, 5, 6, 7, 39, 40, 41, 42, 50, 51]"
3502,iu thầy dấu bé ba :),[]
3503,Chúc mừng thầy :3,[]
3504,Chị ba ơi em khổ quá,[]
3505,Ờ face dành cho con người k dành cho thú vật ok,"[37, 38, 39, 40, 41, 42, 43]"
3506,Chúc abe 20-10 vui vẻ,[]
3507,With love 💕,[]
3508,lũ khốn nạn. rút sạch sương máu dân,"[0, 1, 2, 3, 4, 5, 6, 7, 8, 9, 10, 13, 14, 15, 16, 17, 18, 19, 20, 21, 22, 23, 24, 25, 26, 27, 28, 29, 30]"
3509,Sỉ nc rửa tay khô 95k/300ml,[]
3510,Ngta lớn ngta chua kêu tên mày thứ nhỏ mất dạy tao cũng bị gạt đây thấy LGBT dễ thương mua ủng hộ live nào tao cũng coi may đm mua ve xịt 3phút đéo nghe mùi j thu làm ăn gian dối ko tồn tại dc lâu đâu nhỏ hon ngta mà hổn láo,"[27, 28, 29, 39, 40, 41, 42, 43, 44, 45, 47, 48, 49, 107, 108, 109, 120, 121, 122, 124, 125, 144, 145, 146, 217, 218, 219, 220, 221, 222, 223]"
3511,Ba roi gay :<,"[7, 8, 9]"
3512,Haha từ hồi tớ thấy hình diễn viên hài Công Lý đc in trên sách luật. Tớ chợt hiểu ngay ý nghĩa của bộ giáo dục muốn truyền tải thông tin. Pháp luật là thể loại hài hước :v. Sợ rừng rú quá đi thôi,"[138, 139, 140, 141, 142, 143, 144, 145, 146, 147, 148, 149, 150, 151, 152, 153, 154, 155, 156, 157, 158, 159, 160, 161, 162, 163, 164, 165, 166, 167]"
3513,Đồ khùng ...coi chừng con cháu ông pà của pà .... ở địa ngục chờ pà.....đi  coi chừng xe pắt chó pắt,"[0, 1, 2, 3, 4, 5, 6, 7, 12, 13, 14, 15, 16, 17, 18, 19, 20, 21, 22, 23, 24, 25, 26, 27, 28, 29, 30, 31, 32, 33, 34, 35, 36, 37, 38, 39, 40, 41, 42, 43, 44, 45, 46, 47, 48, 49, 50, 51, 52, 53, 54, 55, 56, 57, 58, 59, 60, 61, 62, 63, 64, 65, 66, 76, 77, 78, 79, 80, 81, 82, 83, 84, 85, 86, 87, 88, 89, 90, 91, 92, 93, 94, 95, 96, 97, 98, 99]"
3514,"Vậy đù má thằng ad chó đẻ, ko có trái tim vì ko cứu đứa bé, ko báo CA, ko kêu báo đăng. Đù má thằng ad","[5, 6, 7, 8, 9, 10, 11, 13, 14, 15, 16, 17, 18, 23, 24, 25, 26, 27, 28, 29, 30, 102, 103, 104, 105, 106, 107, 108, 110, 111, 112, 113, 114, 115]"
3515,Chua bao giờ người lại rẽ như bây giờ...!!,"[0, 1, 2, 3, 4, 5, 6, 7, 8, 9, 10, 11, 12, 13, 14, 15, 16, 17, 18, 19, 20, 21, 22, 23, 24, 25, 26, 27, 28, 29, 30, 31, 32, 33, 34, 35, 36]"
3516,Thu đi để lại lá vàng nhunh đến gửi ngàn lời yêu thương,[]
3517,Tụi t đéo nịnh tụi t thương cô vì tánh cô chân thật. M biết cái cc gì m nói,"[4, 6, 7, 8, 19, 53, 64, 65, 70]"
3518,Thiên Băng Nhi đây b nè,[]
3519,Nguyễn Minh Hiếu kế hoạch mà ông 😂😂😂,[]
3520,Điên .,"[0, 1, 2, 3]"
3521,Nhìn đẹp sang chảnh,[]
3522,dơ vl,"[0, 1, 2, 3, 4]"
3523,"Hiểu pê đê nhục, miệng sửa như chó, đầu ngu như bò, bạn thân bóng vàng mã dơ kkkk","[6, 7, 8, 9, 10, 12, 13, 14, 15, 16, 26, 27, 28, 29, 30, 31, 32, 33, 34, 35, 36, 37, 45, 46, 47, 48, 49, 50, 51, 52, 53, 54, 55, 68, 69, 70, 71, 72, 73, 74, 75, 76, 77, 78, 79, 80, 81, 82, 83, 84, 85]"
3524,tiệp corona,"[0, 1, 2, 3, 4, 5, 6, 7, 8, 9, 10]"
3525,Anh độ dễ như phò ấy :3,"[7, 8, 9, 10, 11, 12, 13, 14, 15, 16]"
3526,"Bác Trọng : ""uy tín Việt Nam trên trường quốc tế lên cao, được nể trọng và có tiếng nói trên trường quốc tế"" =))) Lol","[114, 115, 116]"
3527,Chị giàu chị nói Cc gì chả đúng..,"[17, 18]"
3528,toàn chân lí😆,[]
3529,Sao cô đẹp quá vậy,[]
3530,Tế :)),"[0, 1]"
3531,Phương Vy da,[]
3532,Chán Chung =((,[]
3533,thử thách cho ông già: làm 1 streamer k chửi tục :v,[]
3534,ngta nhiều lắm có 2 mặt đằng này tận 4 mặt !!!,"[0, 1, 2, 3, 4, 5, 6, 7, 8, 9, 10, 11, 12, 13, 14, 15, 16, 17, 18, 19, 20, 21, 22, 23, 24, 25, 26, 27, 28, 29, 30, 31, 32, 33, 34, 35, 36, 37, 38, 39, 40, 41]"
3535,Yêu chi ❤❤❤ maria veria,[]
3536,Co ba lon ve khi du no banh xac,"[6, 7, 8, 13, 14, 15, 16, 17, 18, 20, 21, 22, 23, 24, 25, 26, 27, 28, 29, 30]"
3537,Đoạn đánh răng chiếm quá nhiều thgian :)),[]
3538,Thanh Phấn nghỉ vậy rồi sao ra 12 nhở,[]
3539,"Thiếu! Ý thức của người VN quá yếu và quá kém. Giờ giấc cao su, cha chung ko ai khóc, thiếu tinh thần hợp tác...","[7, 8, 9, 10, 11, 12, 13, 14, 15, 16, 17, 18, 19, 20, 21, 22, 23, 24, 25, 26, 27, 28, 29, 30, 31, 32, 33, 34, 35, 36, 37, 38, 39, 40, 41, 42, 43, 44, 47, 48, 49, 50, 51, 52, 53, 54, 55, 56, 57, 58, 59, 60, 61, 64, 65, 66, 67, 68, 69, 70, 71, 72, 73, 74, 75, 76, 77, 78, 79, 80, 81, 82, 83]"
3540,Minh hiếu có cặt linh cá lóc có lồn 2 đua bay loạn luan di kiếm đứa con nuoi,"[13, 14, 15, 32, 33, 34, 46, 47, 48, 49, 50, 51, 52, 53, 54]"
3541,Stream trận nx ik a độ,[]
3542,Phong Hnt 😒,[]
3543,Bớt gáy lại nha abe,"[4, 5, 6]"
3544,"Ngồi nhà trốn dịch xem hai ông họ Trần nói chuyện cũng dzui, Trần Dần và Trần nhật Quang. Siêm-rệp dời qua Thái lan khi nào không biết ta?!",[]
3545,Chắc ko hài,[]
3546,E 2k3 và sang năm sau nữa mới thi đến lúc đấy a cũng chúc ntn đc ko ạ :)),[]
3547,Buồn của anh tôi,[]
3548,call me Ppoong mày là người của 3/// hả? T nói k đúng sao? Phản động chả lẻ pải được tôn trọng sao.,"[15, 16, 17, 32, 33, 34, 35, 41, 59, 60, 61, 62, 63, 64, 65, 66, 67]"
3549,Ae có link chính của tiên tri zũ trụ trần dần,[]
3550,Em tổ tư vấn nhưnlol ấy độ ak 🤣🤣🤣,"[16, 17, 18, 19]"
3551,"Mày có biết là cái lòi cầm thú chống chọi zs bão lụt mà ko ai quan tâm tới là cái loại gì ko , loại xúc zật nó làm cho có chứ chống chọi con mẹ gì tụi nó ăn của dân quá nên bây h phải chịu trách nhiệm đứng ra chóng chọi cho có thôi con chó ak , hoàng lệ","[0, 1, 2, 19, 20, 21, 22, 23, 24, 25, 26, 27, 28, 29, 82, 83, 84, 85, 95, 96, 97, 98, 99, 100, 101, 102, 103, 104, 105, 106, 108, 109, 137, 138, 139, 140, 141, 142, 147, 148, 149, 150, 151, 152, 232, 233, 234, 235, 236, 237, 238]"
3552,Tân AK xin vd ạ,[]
3553,Giải thưởng danh hài xuất sắc hả thầy,[]
3554,Giống y công ty e luôn 🥰,[]
3555,Quâ chuâne,[]
3556,dm một công đôi triết lí,"[0, 1]"
3557,"Địt mẹ suốt ngày mị dân ,nâng bi tự sướng","[0, 1, 2, 3, 4, 5, 17, 18, 25, 26, 27, 28, 29, 30, 31, 32, 33, 34, 35, 36, 37, 38, 39, 40]"
3558,Ủa Sao lật mặt rồi,[]
3559,Đợi cc :)),"[4, 5]"
3560,Đức Mạnh Cứng clmm,"[14, 15, 16, 17]"
3561,Cường cái địt con mẹ chó công an .chúng mày cũng chỉ là 1 sản phẩm óc chó cộng sản đào tạo .,"[10, 11, 12, 13, 14, 15, 16, 17, 18, 19, 20, 21, 22, 23, 34, 35, 36, 37, 38, 39, 40, 41, 42, 58, 59, 60, 61, 62, 63, 64, 65, 66, 67, 68, 69, 70, 71, 72]"
3562,Thôi toang thật,[]
3563,Thả icon sớm cũng bị nói thế giới này thật kỳ lạ :),[]
3564,Thủng từ nóc rùi,[]
3565,"Đâu ra mà vay, cái này là đang mua VN dưới hình thức trả góp đó !",[]
3566,IS nghèo bán sim mua boom :'(,[]
3567,đm chấp nhận sự thật đi a zai :),"[0, 1]"
3568,Trung Quốc gọi bọn này bằng cụ tổ 😕,"[15, 16, 17]"
3569,Chi oi chi giau thi kê chi khoe cua lam gi,[]
3570,"Cái lồn mẹ ở đây người ta nói chuyện công ly chứ đéo phải tống tiền nghe chưa con chó ngu , dizz mẹ mày cty đem tiền tới họng mày thi may làm sao con chó , người này nghèo ko có học thức bị tụi nó chơi , hiểu chưa con chó ngu , nếu mày cảm thấy thp an toàn thì cả họ nhà mày mua dr thanh uống nhìu vào","[0, 1, 2, 3, 4, 5, 6, 7, 8, 9, 49, 50, 51, 78, 79, 80, 81, 82, 83, 84, 86, 87, 88, 92, 93, 94, 95, 96, 97, 98, 99, 100, 101, 102, 126, 127, 128, 134, 135, 136, 146, 147, 148, 149, 150, 151, 152, 190, 191, 192, 193, 194, 195, 214, 215, 216, 217, 218, 219, 220, 222, 223, 224, 232, 233, 234, 271, 272, 273]"
3571,Nguyễn Dũng @@ thì vậy mới nỗ lực để vượt lên,[]
3572,"Nghe theo tuyên truyền còn đảng còn mình, bọn chúng nghĩ như vậy nên ra sức phấn đấu làm trâu chó ngựa cho người ta sai bảo.","[42, 43, 44, 45, 46, 47, 48, 49, 50, 69, 70, 71, 72, 73, 74, 75, 76, 77, 78, 79, 80, 81, 82, 83, 84, 85, 86, 87, 88, 89, 90, 91, 92, 93, 94, 95, 96, 97, 98, 99, 100, 101, 102, 103, 104, 105, 106, 107, 108, 109, 110, 111, 112, 113, 114, 115, 116, 117, 118, 119, 120, 121, 122]"
3573,vcl cà khịa =))),"[0, 1, 2, 7, 8, 9, 10]"
3574,Bọn này luôn gây hiệu ứng đám đông để nôi tiếng . Ngứa dai. Moi người còn đang lo chông dịch lo cơm áo gạo tiền đủ thứ phải lo. Làm loạn để mọi người chú ý. Không khác gì một con vi rút luôn luôn gây mệt mỏi.,"[13, 14, 15, 16, 17, 18, 19, 20, 21, 22, 23, 24, 25, 26, 27, 28, 29, 30, 31, 32, 33, 34, 35, 36, 37, 38, 39, 40, 41, 42, 43, 44, 45, 46, 55, 56, 57, 128, 129, 130, 131, 132, 133, 134, 135, 136, 137, 138, 139, 140, 141, 142, 143, 144, 145, 146, 147, 148, 149, 150, 151, 152, 153, 154, 157, 158, 159, 160, 161, 162, 163, 164, 165, 166, 167, 168, 169, 170, 171, 172, 173, 174, 175, 176, 177, 178, 179, 180, 181, 182, 183, 184, 185, 186, 187, 188, 189, 190, 191, 192, 193, 194, 195, 196, 197, 198, 199, 200, 201, 202, 203, 204, 205, 206]"
3575,Bán hàng siêu thị xác định rồi 😩😩😩,[]
3576,Anh độ đi chơi thì cứ đi em ở nhà nằm ngủ,[]
3577,Nhìn del hỉu j luôn,"[5, 6, 7]"
3578,pò viên phải ko mn,[]
3579,minh hieu oi.em mặc đô y như mua mấy tấm vải đây lên hòm trong đám ma. dem ve may đô ha em.quan ao gi như giấy tiền vàng bạc may len vay troi.ngay truoc.chửi nguoi ta ca qua..chửi co văn co tư..hau quả là 120 chay..roi bay giờ bien hô noi ko biet ai.bieu chui.phai nghe loi đê chui.may đâu phải con nit.dau phai thần kinh..đâu phải an mai.chửi đê co cơm ăn..may chùi quá trời nên quả báo đến quá nhanh.ko ai ngờ nhanh đến như vậy,"[106, 107, 108, 109, 110, 111, 112, 113, 114, 115, 116, 117, 118, 119, 120, 121, 122, 123, 153, 154, 155, 156, 175, 176, 177, 178, 227, 228, 229, 230, 231, 232, 233, 277, 278, 279, 280, 282, 283, 284, 312, 313, 314, 315, 316, 317, 318, 319, 320, 339, 340, 341, 342, 358, 359, 360, 380, 381, 382, 383, 384, 385, 386]"
3580,Anh Độ said: an lon roi cac ban oiiiii,"[16, 17, 18]"
3581,DM...thằng assmin mặt L.. Hiếp zdam thị giác...,"[0, 1, 5, 6, 7, 8, 9, 11, 12, 13, 14, 15, 16, 18, 19, 20, 21, 22, 26, 27, 28, 29, 30, 31, 32, 33, 34]"
3582,Bố đéo rảnh tiếp chuyện vs acc clone,"[0, 1, 3, 4, 5]"
3583,Trung leesin,[]
3584,Like hộ e avt ạ,[]
3585,đốt đi là hợp lý,[]
3586,Tiến Chiểu chúng giàu có thiệt nhưng có giúp đỡ ai đâu có gì là chúng nó bay đi trốn hết ak,"[11, 12, 13, 14, 15, 17, 18, 19, 20, 21, 22, 23, 24, 25, 26, 27, 28, 29, 30, 31, 32, 33, 34, 35, 36, 37, 38, 39, 40, 41, 42, 43, 44, 45, 46, 47, 48, 49, 50, 51, 52, 53, 64, 65, 66, 67, 68, 69, 70, 71, 80, 81, 82, 83]"
3587,Chưa kịp hiểu sự đời thì muốn tử tử rồi,[]
3588,:v ... CS nó làm gì nhỉ?,"[10, 11]"
3589,"Chị dễ thương, chất phát. Chúc chị luôn vui vẻ, tươi trẻ và hạnh phúc 😘",[]
3590,Nghe ông này nói huề cả làng. Chuyện đã rồi ko ! ko có câu nào khẳng định,[]
3591,Con ni bị bệnh nặng rồi,"[0, 1, 2, 7, 8, 9, 10, 11, 12, 13, 14, 15, 16, 17, 18]"
3592,Vâng.thằng cc nào cũng ngồi ngoài phán như thánh chờ xong rồi ms vào.chả biết cái đéo j.ng ta làm gì chúng mày biết chắc.biết bao nhiêu vụ ngăn chặn được không đưa ra ng ta báo cáo cho chúng mày à,"[5, 6, 7, 8, 9, 10, 11, 12, 34, 35, 36, 37, 38, 39, 40, 41, 42, 43, 44, 45, 46, 47, 73, 74, 75, 76, 77, 78, 79, 80, 81, 82, 83, 84, 85, 86, 101, 102, 103, 104, 105, 106, 107, 108, 109, 185, 186, 187, 188, 189, 190, 191, 192, 193]"
3593,Bat dau tien trinh ban nuoc cua bon cs.,"[19, 20, 21, 22, 23, 24, 25, 26]"
3594,Xạo lz hk có j vui chúng ta hk nên xạo lz nha chị ba 😏,"[0, 1, 2, 3, 4, 5, 35, 36, 37, 38, 39, 40, 53]"
3595,nhin cai mac hok bt la trông hay mai ma sao lôn va nô wa z troi,"[44, 45, 46, 47, 48, 49, 50, 51, 52]"
3596,"Lương tháng 7,8 củ thui ak con trai, nhưng bố vẫn ăn tạm cua hoàng đế để sống wa ngày thôi con trai ak",[]
3597,Khi đất nước tiến được đến dân chủ tôi nghĩ nên làm riêng một phần nghĩa địa để trôn riêng những người cộng sản ko nên để mộ họ chung với chúng ta được để cho thế hệ sau biết những phần mộ trong nghĩa địa của người theo cộng sản là quỷ đội lốt người có tội đồ lớn với dân tộc,"[48, 49, 50, 51, 52, 53, 54, 55, 56, 57, 58, 59, 60, 61, 62, 63, 64, 65, 66, 67, 68, 69, 70, 71, 72, 73, 74, 75, 76, 77, 78, 79, 80, 81, 82, 83, 84, 85, 86, 87, 88, 89, 90, 91, 92, 93, 94, 95, 96, 97, 98, 99, 100, 101, 102, 103, 104, 105, 106, 107, 108, 109, 110, 209, 210, 211, 212, 213, 214, 215, 216, 217, 218, 219, 220, 221, 222, 223, 224, 225, 226, 227, 228, 229, 230, 231, 232, 233, 234, 235, 236, 237, 238, 239, 240, 241, 242, 243, 244, 245, 246, 247, 248, 249, 250, 251, 252, 253, 254, 255, 256, 257, 258, 259, 260, 261, 262, 263, 264, 265, 266, 267, 268, 269, 270, 271, 272, 273, 274]"
3598,Không nói được gì,[]
3599,Chị của Châu,[]
3600,vui ghê,[]
3601,Đéo làm ngơ là tự ngã vào dùi cui ngay 😢😢😢,"[0, 1, 2, 3]"
3602,"Cố lên, sắp vượt pháp rồi... Tự hào 2 chữ cái vn! Hehe",[]
3603,🙂🙂gửi mấy con bò,"[10, 11, 12, 13, 14, 15]"
3604,Mày bảo ông quan nào vận động dc số tiền như thế đi. Ngu mà còn diễn,"[0, 1, 2, 53, 54, 55]"
3605,Con dĩ nào bên có gì chị ba có đó :)) đẳng ngang với di kkk,"[0, 1, 2, 3, 4, 5, 38, 39, 40, 41, 42, 43, 44, 45, 46, 47, 48, 49, 50, 51, 52, 53, 54]"
3606,"Ở mỹ có xả súng,khủng bố,hiếp dâm,nghèo đói,thuế thừa kế 40%,bị cảnh sát đàn áp lạm quyền","[8, 9, 10, 11, 12, 13, 14, 16, 17, 18, 19, 20, 21, 22, 23, 25, 26, 27, 28, 29, 30, 31, 32, 34, 35, 36, 37, 38, 39, 40, 41, 42, 73, 74, 75, 76, 77, 78, 79, 80, 81, 82, 83, 84, 85, 86, 87, 88]"
3607,nó có hát lúc nào đâu mà như những bài trước .,[]
3608,"Cương Đặng m chắc là dân miền ngoài r mở miệng là thịt chó , chúng m đeo có tình thương động vật","[11, 38, 39, 40, 41, 42, 43, 44, 45, 46, 47, 48, 49, 50, 51, 52, 53, 54, 55, 56, 57, 61, 62, 63, 64, 65, 66, 67, 69, 70, 71]"
3609,Thuong wa di,[]
3610,Yêu khánh:,[]
3611,"Khi một cánh cửa khép lại sẽ có một cánh cửa khác mở ra cho ta, ngoài anh vs anh Chip ra thì các thành viên khác vẫn còn rất trẻ vẫn còn nhiều thời gian để lỗ lực để tập luyện trau dồi thêm kinh nghiệm mà 😇",[]
3612,Nếu bò viên cá viên ăn nhiều ngán thì về việt nam há mồm ra bảo đảm dân vn sẽ biến cái lỗ mồm ông thành cái bể phốt. Và ông chỉ cần nhai thôi ko phải làm gì hết. 😁😁😁,"[53, 54, 55, 78, 79, 80, 81, 82, 83, 84, 85, 86, 87, 88, 89, 90, 91, 92, 93, 94, 95, 96, 97, 98, 99, 100, 101, 102, 103, 104, 105, 106, 107, 108, 109, 110, 111, 112, 113, 114]"
3613,Sống chậm thôi các ông,[]
3614,Đéo còn gì để nói ;(,"[0, 1, 2]"
3615,Uống nước là đi tù,"[0, 1, 2, 3, 4, 5, 6, 7, 8, 9, 10, 11, 12, 13, 14, 15, 16, 17]"
3616,Các ông ns ch lj vs loại người này ns ch với vs nó chả khác gì mình ngang nó cả im lặng đi nghiệp từ khác đến thôi ae ạ,"[20, 21, 22, 23, 24, 25, 26, 27, 28, 29, 48, 49, 74, 75, 91, 92, 93, 94, 95, 96]"
3617,Dân việt chỉ cần clip xxx và bóng đá vn là đủ.còn mọi việc bán đất bán biển cứ để Đảng và chính phủ lo.,"[25, 26, 27, 70, 71, 72, 73, 74, 75, 76, 77, 78, 79, 80, 81, 82, 83, 84, 85, 86, 87, 88, 89]"
3618,":) ông viện trưởng khôn quá, nói dứt khoát, hay giết quách tử tù này đi, có lẽ vì thế mà giờ lão vẫn còn sống","[48, 49, 50, 51, 62, 63, 93, 94, 95]"
3619,Đụ Má...... Con bede sấu nhất quả đất,"[0, 1, 2, 3, 4, 12, 13, 14, 15, 16, 17, 18, 19, 20, 21, 22, 23]"
3620,Thấy lồn là xĩu,"[5, 6, 7]"
3621,Nghe vẻ như thật nhưng lại photoshop :)),[]
3622,K-icm ca sĩ ??,[]
3623,"Bảo quản không đúng quy trình,còn đi kiện họ.Phạt cho thấy mẹ ra.Thử hỏi mua nước về,để trong khó nhiệt dô quá cao,độ ẩm quá lớn thì hỏi chất lượng nào chiệu nổi.""Thông minh tý đi bà con ơi""","[59, 60, 163, 164, 165, 166, 167, 168, 169, 170, 171, 172, 173, 174, 175, 176, 177, 178, 179, 180, 181, 182, 183, 184, 185]"
3624,"Đâu còn gì để chống chế các bạn nhỉ, tiền thuế đóng vào để phục vụ quan :"">",[]
3625,Ở Vietnnam tụi nó ăn tiền bồi thường ô nhiễm của người dân. Ở Việt Nam! Tụi nó ăn tiền để làm ngơ formosa gây ô nhiễm.,"[11, 12, 13, 14, 15, 16, 18, 19, 20, 21, 22, 23, 24, 72, 73, 74, 75, 76, 77, 79, 80, 81, 82, 83, 84, 85]"
3626,Quang Nguyễn Đức tiếp xúc khoảng mười mấy ng á b.. Đc đưa đi cách ly rồi.. Phan thiết bị phong tỏa mấy đoạn đường cơ 😭😥,[]
3627,Nhìn giả tạo vcl,"[5, 6, 7, 8, 9, 10, 11, 13, 14, 15]"
3628,Vẫn thua chàng trai có hàm răng trắng tinh này :v,[]
3629,"Cái miệng cua con bong thuôi này chuoi ngta sẽ bị UNG THU hong,lưoi miệng cực kô?","[14, 15, 16, 17, 18, 19, 20, 21, 22, 23, 24, 25, 26, 27, 33, 34, 35, 36, 37, 50, 51, 52, 53, 54, 55, 56, 57, 58, 59, 60, 61, 62, 63, 64, 65, 66, 67, 68, 69, 70, 71, 72]"
3630,Khánh Vân thích cái ở dưới kia thôi. Tóc ko đẹp,[]
3631,thể loại âm nhạc mới đó ông :)),[]
3632,haha :9),[]
3633,"Thế thì ngon quá ,đỡ tốn tiền 🤣",[]
3634,Cây bút hình con cu à :>>,"[17, 18]"
3635,Thằng bóng khùng chết đói,"[0, 1, 2, 3, 4, 5, 6, 7, 8, 9, 10, 11, 12, 13, 14, 15, 17, 18, 19, 20]"
3636,Hightlight của abe là cái ngu của 5 tk kia đó abe :)))),"[26, 27, 28, 36, 37]"
3637,"Cái giá của sự trưởng thành nó lớn lắm, thay vào đó là sự cô đơn, lo toan, va những suy nghĩ muốn thực hiện ngay và liền nhưng không đc:((",[]
3638,Tú bảnh dạy dỗ đàn em Trung sky :D,[]
3639,Đc của ló,[]
3640,Chỉ biết thốt lên 2 từ trìu mến..... đụ má ! :),"[37, 38, 39, 40, 41]"
3641,Mom thui qua  con nay loài kg an học mat dai kg so mot con nao tai sao len xin lỏi khóc nhu cho,"[0, 1, 2, 3, 4, 5, 6, 7, 14, 15, 16, 22, 23, 24, 25, 26, 27, 28, 29, 30, 31, 32, 33, 34, 35, 36, 37, 38, 39, 40, 41, 42, 43, 44, 45, 57, 58, 59, 86, 87, 88, 89, 90, 91, 92, 93, 94, 95, 96, 97, 98]"
3642,Khải Quân trẻ trâu vcl,"[10, 11, 12, 13, 14, 15, 16, 17, 19, 20, 21]"
3643,Kéo đàn violin thì làm đếch gì được.,"[23, 24, 25, 26]"
3644,đẹp thiệt,[]
3645,Óc ti thờ ry óc ty thờ ry,[]
3646,"Nguyễn Duy Hưng con này mõm chó , anh để em","[16, 17, 18, 24, 25, 26, 27, 28, 29, 30]"
3647,xua thi day dân len khai hoang gio dc gia thi chiếm,"[8, 9, 10, 11, 12, 13, 14, 15, 16, 17, 18, 19, 20, 21, 22, 23, 24, 25, 26, 27, 28, 29, 35, 36, 37, 38, 39, 40, 41, 42, 43, 44, 45, 46, 47, 48, 49, 50]"
3648,"Vài bữa mà ho như chó sửa, thì bắn mày luôn nha.","[18, 19, 20, 21, 22, 23, 24, 31, 32, 33, 35, 36, 37]"
3649,chảnh chó cách ly mà đòi phục vụ như vua .nhìn mà gét,"[0, 1, 2, 3, 4, 5, 6, 7, 8, 10, 11, 12, 13, 14, 15, 16, 17, 18, 19, 20, 21, 22, 23, 24, 25, 26, 27, 28, 29, 30, 31, 32, 33, 34, 35, 36, 37, 38, 39, 42, 43, 44, 45, 46, 47, 48, 49, 50, 51, 52]"
3650,Hiền Vinh sao trong clip như thằng tâm thần vậy,"[29, 30, 31, 32, 33, 35, 36, 37, 38, 39, 40, 41, 42]"
3651,Bê lol chạy tám hướng là có thật=))),"[3, 4, 5]"
3652,2 anh nầy nói chuyện như 2 anh ngáo đá,"[31, 32, 33, 34, 35, 36, 37]"
3653,Chán ông già vl🙂,"[13, 14]"
3654,tự hào vì có nhiều admin fanpage ngu nhất thế giới nữa :)),"[33, 34, 35]"
3655,Nghiệp Quật,"[0, 1, 2, 3, 4, 5, 6, 7, 8, 9, 10]"
3656,Có táo quân thỳ mới là tết chứ,[]
3657,Chôn sống nó đi,"[0, 1, 2, 3, 4, 5, 6, 7, 8, 10, 11]"
3658,Cười liên tục luôn ấy trời,[]
3659,🙏,[]
3660,"Dm cái luật ở việt nam sửa đi sửa lại chúng nó vẫn rút đc kinh nghiệm hết lần này qua lần khác . Tốt nhất là cắt chức hoặc tử hình đéo nói nhiều với quan chức , tụi nó nhiều tiền chạy án lắm","[0, 1, 44, 45, 51, 52, 53, 54, 55, 56, 57, 58, 59, 60, 61, 62, 63, 64, 65, 66, 67, 68, 69, 70, 71, 72, 73, 74, 75, 76, 77, 78, 79, 80, 81, 82, 83, 84, 85, 86, 87, 88, 89, 90, 91, 92, 93, 123, 124, 125, 126, 127, 128, 129, 131, 132, 133, 161, 162, 163, 164, 165, 166]"
3661,"Biết bao nhiêu vụ đi bắt người bị quay xong bảo bắt bớ dân lành ? Thì đm bây giờ CA nó chờ đủ hết mọi thủ tục cần thiết nó mới dám bắt chứ không thì đm ""cư dân mạng"" chửi sml ra à ?","[70, 71, 149, 150, 171, 172, 173]"
3662,ANH NGHỊ TRẺ VIỆT CỘNG😂🤣😅😄🤣😂,[]
3663,Xã hội chó má vốn k công bằng,"[7, 8, 9, 10, 11, 12]"
3664,Đi cách ly chứ đâu phải đi du lịch😉,[]
3665,Ánh Nguyễn mua cái mà mặc,[]
3666,Chán không thèm nói!,[]
3667,"các chú các bác làm ở sân bay ăn no mòng, khách bị ướt đéo phải việc của các bố ấy :)","[55, 56, 57, 77, 78]"
3668,Trend này VN đi cả chục năm trước :))),[]
3669,E cảm thấy rất bất công khi nhận được danh hiệu fan cứng mà k làm gì cả,[]
3670,Ông già tôi phán chỉ có đúng,[]
3671,Lại đi càn quét cướp giật của dân ... tết đến nơi rồi 9 hộ gia đình sẽ ở đâu đây .. thế mới biết bọn cộng sản nó tàn ác như thế nào ... có lẽ xuân này 9 hộ gia đình vừa bị cướp nhà chỉ ngắm tượng đài và ảnh ông họ hồ cũng đủ rồi .. mẹ cha chúng nó bọn mất lương tri...,"[7, 8, 9, 10, 11, 12, 13, 14, 16, 17, 18, 19, 20, 21, 22, 23, 24, 97, 98, 99, 110, 111, 113, 114, 115, 116, 117, 118, 172, 173, 174, 175, 207, 208, 209, 210, 211, 212, 213, 214, 215, 232, 233, 234, 235, 236, 237, 238, 239, 240, 241, 242, 243, 244, 245, 246, 247, 248, 249, 250, 251, 252, 253, 254, 255, 256, 257, 258, 259, 260, 261, 262, 263, 264]"
3672,Cực kỳ thu....,[]
3673,Lạy,[]
3674,Lana Trinh thế rốt cuộc nà mặc hay cởi đây,[]
3675,"Thương cụ , tới giời vẩn không hiểu vì sao vẩn phải đi nhặt rác , chúc cụ có nhiều sức khoẻ để viết tiếp ước mơ cao đẹp của cụ , dạ bẩm cụ",[]
3676,Phi Trần vừa coi vừa ngủ đm nghĩ ló chán :)),"[25, 26]"
3677,Tâm thần,"[0, 1, 2, 3, 4, 5, 6, 7]"
3678,Còn sống thì chắc đúng là Sam rồi 😂,[]
3679,"Thằng dân nào vay tiền lắm thế ? Đm nhân dân, nhân dân cái lồn!","[0, 1, 2, 3, 4, 33, 34, 59, 60, 61]"
3680,Vào đây kiếm thóc nè các trò của Abe . Liên hệ mình để nhận ưu đãi 3tr nè,[]
3681,Trần Linh dell hiểu kiểu gì :)),"[10, 11, 12, 13]"
3682,Cực kì thuyết phục anh ạ:)),[]
3683,":D Em hnay mới biết đến page, à may thay đọc được bài ghim này, càm thấy là cần phải like page ngay và luôn :))). Và có 1 điều e thắc mắc mong ad có thể tl dùm ạ : CÁC AD CHỦ YẾU LÀ GÁI HAY TRAI Ạ? Em xin hết.",[]
3684,Mặc dù chưa cảm được nhạc nhưng vẫn cày view,[]
3685,"xuất cai L, đm quần áo Vn toàn nhập siêu từ TQ hết 70% chứ xuất xuất clm chúng mày","[9, 12, 13, 69, 70, 71, 73, 74, 75, 76, 77, 78, 79, 80, 81]"
3686,Đoàn kết là power,[]
3687,"Chỉ là Tết nay mọi thứ đã quá đầy đủ, chúng ta không thiếu thốn về vật chất, quên cái cảm giác chỉ có Tết mới đem lại sum vầy.",[]
3688,Ờ ờ ... tình hình là nó sẽ còn đỏ trong vài ngày tới ! 28 đến 30 ngày sau sẽ có đợt đỏ như vậy ! Chu kỳ nó vậy ! Bà con đừng lo lắng nha kakakaka,[]
3689,Duma tức ák,"[0, 1, 2, 3]"
3690,"Chúc anh em năm mới vui vẻ, an khang thịnh vượng.",[]
3691,"Người Nhật bây h ai cũng đẹp mũi cao hết ad ạ, căn bản là họ cho lai với ng âu đặc biệt là Mỹ",[]
3692,Lại Hợp Sâm wtf ?????,"[12, 13, 14]"
3693,"Em nó vào tù chỉ vì ngu mà chết. Chúng nó ở Mẽo nhận đc gói tiền to to, ném tiền về với gói nhỏ nhỏ, đến lúc em này đc nhận chỉ là 200k và tù. Ngu chưa con","[20, 21, 22, 27, 28, 29, 30, 33, 34, 35, 36, 37, 38, 39, 40, 44, 45, 46, 72, 73, 74, 139, 140, 143, 144, 145, 146, 147, 148, 149, 150, 151, 152, 153, 154]"
3694,"F1 là fake loại 1 đúng ko, bán hàng fake là vi phạm pháp luật rồi, nói gì nhiều, kêu công an cồng đầu liền xem coi có già mồm được nữa không","[6, 7, 8, 9, 27, 28, 29, 30, 31, 32, 33, 34, 35, 36, 37, 38, 39, 93, 94, 95, 96, 97, 98, 99, 100, 118, 119, 120, 121, 122, 123, 124]"
3695,Mày chỉ là con cờ hó oách sờ lách làm gì câu view ah vũ khác tiệp,"[0, 1, 2, 11, 12, 13, 14, 15, 16, 17, 18, 19, 21, 22, 23, 24, 25, 26, 27, 28, 29, 30, 31, 32]"
3696,Kênh tấu hài của B52 😁😁😁,[]
3697,thầy ơi chỉ em với sao em không cài đặt được phím trang bị,[]
3698,Nó làm gì kệ mẹ nó đi,"[10, 11, 12, 13, 14, 15, 16, 17]"
3699,fomasa thất thủ,[]
3700,"Đừng lôi mẹ người ta vào, tao địt vào miệng mày Vũ Long Bảo cấm lôi fụ huynh vào nha ^_^","[26, 27, 28, 30, 31, 32, 44, 45, 46]"
3701,Ba noi oi ng ta lay ba ra lam tro he.cho ba khau nghiep.tuog dau ba hay lam ha.,"[30, 31, 32, 33, 34, 35]"
3702,Mạng VNPT lag mình cũng ko xem đc,[]
3703,Huyền Khánh Phùng nếu e không tiện thì tôi sẽ book vé vào Hà Nội làm người yêu em ??? Và tối nay chúng ta sẽ địt,"[109, 110, 111]"
3704,Bùi Đức Hậu lừa cả đấy :<,[]
3705,Ahihiiii,[]
3706,Thầy ngu như chó 🤥,"[5, 6, 7, 13, 14, 15]"
3707,Công thức phá sản =)),[]
3708,đập bộ PC lấy j stream,[]
3709,Thì ra con đàn bà cũng nhận ra cái sai à,"[7, 8, 9, 10, 11, 12, 13, 14, 15, 16]"
3710,Trang Trần dm cm với t,"[11, 12, 14, 15, 21]"
3711,Giàu thì nói gì cũng được chị ơi,"[0, 1, 2, 3, 4, 5, 6, 7, 8, 9, 10, 11, 12, 13, 14, 15, 16, 17, 18, 19, 20, 21, 22, 23, 24]"
3712,Có văn hóa nhưng hơi tục nhé bạn.. Bạn địt AD chứ đưg địt mẹ AD..,"[21, 22, 23, 39, 40, 41, 54, 55, 56, 57, 58, 59]"
3713,Trăm năm kiều vẫn là kiều. Đu càng qua mỹ xao lol vẫn hay,"[27, 28, 29, 30, 31, 32, 33, 34, 35, 36, 37, 38, 39, 40, 42, 43, 44, 45, 46, 47, 48]"
3714,"GG 4EVA Chửi cha mày ha gì mà mày lên tiếng. Tao vào cmt bình thường bả có nói gì đâu, đm trải qua bao nhiêu chuyện như vậy ai mà không thay đổi","[8, 9, 10, 11, 13, 14, 15, 16, 17, 18, 19, 30, 31, 32, 45, 46, 47, 69, 70, 87, 88]"
3715,Dương Tiến Đạt đến con người vs con người bạn con phân biệt vùng miền. Ấy thế mà đi thương con chó.,"[50, 51, 52, 53, 54, 55, 56, 57, 58, 59, 60, 61, 62, 63, 64, 65, 66, 67, 68, 71, 72, 73, 74, 75, 76, 77, 78, 79, 80, 81, 82, 83, 84, 85, 86, 87, 88, 89, 90, 91, 92, 93, 94, 95, 96, 97]"
3716,Ngu còn sủa cho lớn...lúc đầu cũng mê việt kiều,"[0, 1, 2, 8, 9, 10]"
3717,"Trời ăn nói vậy mà giàu thì đâu có giá trị , bà ơi giàu có bị già chết ko? Ngã mạng thấy sợ quá .","[5, 6, 7, 8, 9, 10, 11, 12, 13, 14, 66, 67, 68, 69]"
3718,oke,[]
3719,Chai sting vô đầu nhá thầy cô lập cl à,"[0, 1, 2, 3, 4, 5, 6, 7, 8, 9, 10, 11, 12, 13, 14, 15, 16, 27, 28, 29, 30, 31, 32, 34, 35]"
3720,Mặc vest ngầu dã man,[]
3721,ok . chuẩn ! t cg giống bn khi bjt mjh k dc bg ng thì fai hết sức nỗ lực .....,[]
3722,"Tui thấy lãnh đạo vn nên câm mẹ nó mồm đi cho xong, đã lỡ tham nhũng rồi thì ở nhà luôn đi, mỗi tháng chuyển tiền cho nó, khỏi làm... Đó là cách tốt nhất để nhân dân ấm no","[25, 26, 27, 28, 29, 30, 31, 32, 33, 34, 35, 36, 37, 58, 59, 60, 61, 62, 63, 64, 65, 66, 67, 118, 119]"
3723,Chị đẹp nói chuyện dể thương quá,[]
3724,V abe là con đỹ à,"[9, 10, 11, 12, 13, 14]"
3725,Bóng già nói ckx nge muốn xỉu,"[0, 1, 2, 3, 4, 5, 6, 7, 26, 27, 28]"
3726,Phan Hoài Nhân camera siêu hội tụ,[]
3727,thật đáng sợ,[]
3728,"Hình như page này cũng là 1 ""Chi Nhánh"" của Việt tân",[]
3729,Hello Mình Hiểu than mến,[]
3730,Cao Bằng nơi sinh ra những nhân tài toán học,[]
3731,"đưa ra rồi mấy thằng bác học, mấy thằng tiến sĩ thạc sĩ nhục cái mặt làm sao ? đưa ra rồi còn đâu dự án cho mấy ổng ăn chia nữa, xời dễ hiểu","[11, 12, 13, 14, 15, 16, 17, 18, 19, 30, 31, 32, 33, 34, 35, 36, 37, 38, 56, 57, 58, 59, 60, 61, 62, 63, 64, 65, 66, 67, 116, 117, 118, 119, 120, 121, 122]"
3732,như buồi thầy ạ :)),"[4, 5, 6, 7]"
3733,Ngủ ngoài đường anh ơi,[]
3734,Cô có khỏe ko?,[]
3735,nát cmnr,"[4, 5, 6, 7]"
3736,@Tủn 3K đẹp đẽ quá mà chuyện cá nhân của nó vs thk nào đó mà đi xiên xỏ đá xéo minh hiếu . trong khi minh hiếu chả có khái niệm gì nghĩ đến tên con trần đoàn nữa . chả biết gì tự nhiên bị chửi già đầu ko biết dạy Fan.  chấm hỏi luôn . bị chửi đáng,"[8, 9, 10, 11, 12, 13, 14, 15, 16, 17, 18, 19, 20, 41, 42, 47, 48, 49, 64, 65, 66, 67, 68, 69, 70, 71, 72, 73, 74, 75, 76, 77, 144, 145, 146, 188, 189, 190, 191, 193, 194, 195, 196, 197, 198, 199, 200, 201, 202, 203, 204, 205, 206, 207, 208, 209, 210, 211, 235, 236, 237, 238, 239, 240, 241, 242, 243, 244, 245, 246]"
3737,Mẹ làm cx nói k làm cx nói:)) mai đại hội r đấy sủa đi:)),"[0, 1, 48, 49, 50]"
3738,Hi vọng chị kế toán cũng thấy cái này. Chị ơi vì một cái Tết ấm no hãy thương tụi em,[]
3739,noi vậy phãi làm sao cho k còn răng để nói đừng làm gì khác chỉ làm thôi,"[25, 26, 27, 28, 29, 30, 31, 32, 33, 34, 35, 36, 37, 38, 39, 40, 41]"
3740,Ad óc chó não phẳng vkl. Biết cc j đâu,"[3, 4, 5, 6, 7, 8, 10, 11, 12, 13, 14, 15, 16, 17, 18, 20, 21, 22, 30, 31]"
3741,"Nghèo chết mẹ,thiếu nợ người ta chết mẹ.Bộ mặt con mẹ gì.NGUỴ BIỆN.","[6, 7, 8, 9, 10, 11, 12, 32, 33, 34, 35, 36, 37, 38, 47, 48, 49, 50, 51, 52, 57, 58, 59, 60, 61, 62, 63, 64, 65]"
3742,Không được v nha xu lắm :)),[]
3743,Còn cách thứ 2 là chôn sống nó chôn chừa cái đầu nó lên mặt đất đó mỗi khi buồn lấy cây sắt đâm lên đầu nó lòi óc ra kìa mới hả dạ chứ con này chết là hồn siêu phách tán luôn nó ko đào thai đc đâu các bạn àh khẩu nó nặng lắm roi,"[18, 19, 20, 21, 22, 23, 24, 25, 26, 28, 29, 31, 32, 33, 34, 35, 36, 37, 38, 39, 40, 41, 42, 43, 44, 45, 46, 47, 48, 49, 50, 92, 93, 94, 100, 101, 102, 103, 104, 105, 107, 108, 109, 110, 111, 112, 135, 136, 137, 143, 144, 145, 146, 151, 152, 153, 154, 155, 156, 157, 158, 159, 160, 161, 162, 163, 164, 165, 166, 167, 168, 175, 176, 178, 179, 180, 181, 182, 183, 184, 185, 186, 187, 188, 208, 209, 210, 211]"
3744,Chị Hậu ơi chị về thay hộ em cái quần với !,[]
3745,Nhưng có vẻ lần comback lần này chưa thực sự tạo ra đc nhiều drama,[]
3746,Chi oi xin qua,[]
3747,Ở Bển thì có bệnh nhân 31 ở mình thì có bệnh nhân 17 :) chịu thật sự,[]
3748,Bọn tàu cộng còn ngó đòn nào nửa đâu mà trả giá ?,"[0, 1, 2, 4, 5, 6, 7, 8, 9, 10, 11]"
3749,Dừa cái lone lắm nghe 🙃🙃🙃,"[8, 9, 10, 11]"
3750,Hợp níiii,[]
3751,tham my dien vay choi co cam giac k chi dep gai,[]
3752,Ád mỉa mai vc cơ mà tao thích,"[3, 4, 5, 6, 7, 8, 9, 10, 11, 12, 20, 21, 22]"
3753,Cái lồn mẹ. Mấynhoom trước tao buk mình thì đỵt có chỗ nào xả. Hôm nay nguôi ngoai cả r thì mới tìm ra cái chổ chửi xả. Đỵt mẹ đời. Lồn mẹ chúng mày kể cả thằng ad mặt lồn bước ra đây để bố xem mặt,"[0, 1, 2, 3, 4, 5, 6, 7, 8, 9, 27, 28, 29, 44, 45, 46, 111, 112, 113, 114, 115, 116, 117, 120, 121, 122, 123, 124, 125, 126, 127, 128, 129, 132, 133, 134, 135, 136, 137, 138, 139, 140, 141, 142, 143, 144, 145, 146, 147, 155, 156, 157, 158, 159, 164, 165, 166, 167, 168, 169, 170, 187, 188]"
3754,chúc mừng em đã trúng thưởng event lần này nhé! em inb về fanpage + hình ảnh cmt này nhé! Thầy inb em ko được <3,[]
3755,"thằng ngu lồn ad này google không tính phí đâu, xem lại không phận là cái gì đi","[0, 1, 2, 3, 4, 5, 6, 7, 8, 9, 10, 11, 12]"
3756,Ba Thái Anh Van đưa con này về vn gấp để trị bệnh,[]
3757,Súc vật,"[0, 1, 2, 3, 4, 5, 6]"
3758,Riết thấy page này xàm lồn vãi o.O Chửi thì chửi cho đúng.cái gì đáng chửi thì chửi. chứ cái vẹo gì cũng chửi.sai cũng chửi đúng cũng chửi.thành chí phèo cmnr,"[19, 20, 21, 22, 23, 24, 25, 35, 36, 37, 38, 44, 45, 46, 47, 70, 71, 72, 73, 79, 80, 81, 82, 93, 94, 95, 105, 106, 107, 108, 119, 120, 121, 122, 134, 135, 136, 137, 154, 155, 156, 157]"
3759,1 phò cho hay,"[2, 3, 4]"
3760,quần sọc đỏ 2009 20k😂😂,[]
3761,Sáng thì 35 chiều 38 hoang mang quá,[]
3762,@Đại Phu Miền tây nói ngọng chữ V thành qu chứ chữ gốc là đi văng hoặc li văng chứ không ai viết là quăng cả.,[]
3763,"đến con trâu qua ngòi bút của họ nó cũng biết thù "" giặc mỹ "" cơ mà ! hay anh Tám BBQ là nhân vật hư cấu đến giờ vẫn lắm người hoài nghi !.... à còn diệt chủng mà mấy triệu tín đồ vẫn tin là doanh nhân hay danh nhân gì mới hay ! ... nói họ là bậc thầy quả ko ngoa !","[33, 34, 149, 150, 151, 152, 153, 154, 155, 156, 157, 158, 159, 160, 161, 162, 163, 164, 165, 166, 167, 168, 169, 170, 171, 172, 173, 174, 175, 176, 177, 178, 179, 180, 181, 182, 183, 184, 185, 186, 187, 188, 189, 190, 191, 192, 193, 194, 195, 196, 197, 198, 199, 200, 201, 202, 203, 204, 205, 206, 207, 208, 209, 210, 211, 212, 213, 214]"
3764,Má trang hay là má trang hả a ơiiiiiiii 🤣🤣🤣🤣🤣,[]
3765,Đeo bỉm szz to,[]
3766,Lê Thanh Tâm mấy anh trên núi tởm thậttt,"[30, 31, 32]"
3767,Nào ta cùng share cho cô đi mấy bợn,[]
3768,"Trư Bát Giới bạn ơi, nó cố tình uống hạ sốt,khai gian thì bố cụ ô kiểm tra yte ở sân bay biết dc à??? ko thể tha thứ cho con chó này dc.","[58, 59, 61, 62, 121, 122, 123, 124, 125, 126, 127]"
3769,"Chất , cái gì cũng phải có thơ có vần",[]
3770,Vũ đạo dink kout thật🙃,[]
3771,Anh ở trong khu cách ly mà la lối tùm lum tùm la,[]
3772,Lên báo miết mốt anh bị đô thị hốt vì hớt tóc không có tiệm đàng hoàng bây giờ .,[]
3773,Món quà sinh nhật :)),[]
3774,Bò đỏ ủng hộ 100%.,"[0, 1, 2, 3, 4, 5]"
3775,Đồn ý kiến vs bác thớt.Thằng đó tống tiền đích cmn thực r ấy chứ.Cho vào tù nhanh hộ cái :)),"[23, 24, 25, 26, 27, 32, 33, 34, 35, 36, 37, 38, 39, 40, 47, 48, 49, 73, 74]"
3776,"Thấy tốn tiền nhà nước hong mấy chị \""có ý thức\""","[33, 34, 35, 36, 37, 38, 39, 40, 41, 42, 43, 44, 45, 46, 47, 48, 49, 50, 51, 52, 53, 54, 55, 56]"
3777,Minh Cường Cực kì thuyết phục 🤣🤣,[]
3778,"Sao mày ngu thế mày giỏi mày đi kêu gọi mn xem người ta có góp cho mày k. Mày thấy làm mệt quá à. Người ta có tiền thì góp tiền, có sức góp sức. Còn mày cảm thấy bất công quá thì nghỉ con mẹ mày đi làm từ thiện đi. Làm từ thiện mà lại so sánh thiệt hơn so so cái cc. Mày tưởng mày bê được mấy cái thùng mì tôm là mày to à","[4, 5, 6, 8, 9, 10, 16, 17, 18, 25, 26, 27, 67, 68, 69, 74, 75, 76, 149, 150, 151, 179, 180, 181, 182, 183, 184, 185, 186, 187, 188, 189, 190, 191, 192, 193, 263, 264, 267, 268, 269, 277, 278, 279, 313, 314, 315, 316, 317, 318]"
3779,Nhìn mặt tùng sói nhà ta có đùa không:))),[]
3780,ZOT 3RB => bagà,[]
3781,Lần sau lấy xe máy mà đi già rồi mà cứ thích đú theo tụi nhỏ :))),[]
3782,Nhìn giống Diễm My bộ tính níu kéo Vũ Linh quay về ha dì,[]
3783,Cũng may là nữa đêm chứ ngay giờ cao điểm thì rút kinh nghiệm ngu cmn người :v,"[62, 63, 64, 65, 66, 67, 68, 69, 70, 71, 72, 73, 74]"
3784,Mấy đứa Haters thế nào củng bảo ghép =))),[]
3785,Hanh Viet hết cái bọn cực kì thuyết phục bây giờ lại đến bọn : “ Ở nhà giúp mẹ giúp cha.... “ Xàm lol như nhau cả thôi,"[18, 19, 20, 57, 58, 59, 94, 95, 96, 97, 98, 99, 100]"
3786,C.A việt nam mà mượn xe cái mẹ gì. Mấy ông công an phường ở SG toàn thấy cướp giật là chạy lên lề trốn liền. Sài Gòn nhiều chốt dân phòng vậy mà ngày nào cũng xảy ra cướp giật mà toàn là hiệp sĩ bắt cướp không à. Mấy ông dân phòng chả biết để làm gì nữa. Haizz.,"[28, 29, 73, 74, 75, 76, 77, 78, 79, 80, 81, 98, 99, 100, 101, 166, 167, 168, 169, 170, 171, 172, 173, 174, 199, 200, 201, 202, 231, 232, 233]"
3787,Ở nhà nghe Bé Tí hát Thành Phố Buồn.,[]
3788,Nghe loáng thoáng...nó buồn ngủ rồi đó mày dẫn nó đi đụ đi,"[20, 21, 39, 40, 41, 47, 48, 53, 54]"
3789,"anh em có đọc sách "" dạy làm người "" của anh Tuấn tặng chưa ? ...nếu chưa thì ném cmn đi nhé ! ảnh viết sách, tặng sách xong giờ ảnh ko nhớ, không biết 3 triệu đô la là cái gì luôn á ! tội lắm","[78, 79, 80, 81, 82, 83, 84]"
3790,"Tú Trinh ko chạy ăn cứt, ăn đb à 🙄","[20, 21, 22, 28, 29]"
3791,"Trung + thì cũng như đứa em thiện lành Việt +. Gian manh, xảo trá, tàn bạo và độc ác với dân. Thùng rỗng kêu to. 😂","[0, 1, 2, 3, 4, 5, 6, 39, 40, 41, 42, 43, 44, 47, 48, 49, 50, 51, 52, 53, 54, 55, 58, 59, 60, 61, 62, 63, 64, 67, 68, 69, 70, 71, 72, 73, 78, 79, 80, 81, 82, 83, 94, 95, 96, 97, 98, 99, 100, 101, 102, 103, 104, 105, 106, 107, 108, 109, 110]"
3792,Con me gia mat day vo van hoa,"[0, 1, 2, 3, 4, 5, 6, 7, 8, 9, 11, 12, 13, 14, 15, 16, 17, 19, 20, 21, 22, 23, 24, 25, 26, 27, 28]"
3793,"Sai ! Nhiều phụ nữ chỉ có cái loz là phụ nữ , còn đâu là sự xúc phạm nặng nề người nhìn đó bạn","[30, 31, 32, 57, 58, 59, 60, 61, 62, 63, 64, 65, 66, 67, 68, 69, 70, 71, 72, 73, 74, 75, 76, 77, 78, 79, 80, 81, 82, 83, 84, 85, 86]"
3794,"Lên mạng THÁNH thiện làm phước, miệng lỗ mồm long công đồ chợ búa, Có chồn lùi đâu múa lữa, ngáo aõ","[32, 33, 34, 35, 36, 37, 38, 39, 40, 41, 42, 43, 44, 45, 46, 47, 48, 49, 50, 51, 52, 53, 58, 59, 60, 61, 62, 63, 64, 70, 71, 72, 73, 74, 75, 76, 77, 92, 93, 94, 95]"
3795,Suy nghĩ của e bgiờ :Có nên vì tiền mà phá bỏ tất cả...😔😔,[]
3796,Sống nhanh vậy mọi người,[]
3797,"tội nghiệp con nhỏ, khùng lâu năm","[20, 21, 22, 23, 24]"
3798,Chi ba oi chi ba  noi hay qua tren ca tuyet voi chi ba  viet kieu My   ko ai sanh bang chi ba dau,[]
3799,Xaolon a ưii😆😆😆,"[0, 1, 2, 3, 4, 5]"
3800,Quan điểm như con cặc!!,"[14, 15, 16, 17, 18, 19, 20]"
3801,Be de roi lai con lam chuyện,"[0, 1, 2, 3, 4, 18, 19, 20, 21, 22, 23, 24, 25, 26, 27]"
3802,Dạy học sinh k tốt này said : Hiệu trưởng tiểu Levi,[]
3803,Bố láo là chính sách phải tuân theo của các Đảng viên Đcs !,"[0, 1, 2, 3, 4, 5]"
3804,Chị kêu cá lóc nhẹ lắm. Chị phải kêu linh cá tra mới hộp với cái miệng hô của nó...kkkk.,"[65, 66, 67, 68, 69, 70, 71, 72, 78, 79]"
3805,Các em nầy khi vào báo “công ngủ” với ác hồ thì phải chỉa vào mặt ác hồ như thế nầy nè :,"[0, 1, 2, 3, 4, 5, 6, 7, 8, 9, 10, 11, 12, 13, 14, 15, 16, 17, 18, 19, 20, 21, 22, 23, 24, 25, 26, 27, 28, 29, 30, 31, 32, 33, 34, 35, 36, 37, 38, 39, 40, 41, 42, 43, 44, 45, 46, 47, 48, 49, 50, 51, 52, 53, 54, 55, 56, 57, 58, 59, 60, 61, 62, 63, 64, 65, 66, 67, 68, 69, 70, 71, 72, 73, 74, 75, 76, 77, 78, 79, 80, 81, 82, 83, 84, 85]"
3806,Cau qua gai oi,[]
3807,Đỗ Khánh Dư có mỗi cái 😑😑😑. Tìm trên hình ảnh chắc có nhiều...,[]
3808,Hình như trượt anh ạ,[]
3809,"hà lội văn hiến phải khác người chứ, sống như chưa bao giờ được sống, hít thở ôxy thiên đường là vậy đấy","[0, 1, 2, 3, 4, 5, 6, 7, 8, 9, 10, 11, 12, 13, 14]"
3810,L:),[0]
3811,Cái thứ hạ đẳng :)),"[0, 1, 2, 3, 4, 5, 6, 7, 8, 9, 10, 11, 12, 13, 14]"
3812,Hi vọng Nhung mau khỏi và sớm đoàn tụ với tổ tiên !,"[26, 27, 28, 29, 30, 31, 32, 33, 34, 35, 36, 37, 38, 39, 40, 41, 42, 43, 44, 45, 46, 47, 48]"
3813,ủng hộ abe,[]
3814,Nam Dong Giang cá basa,[]
3815,Xem r nè,[]
3816,"Ba mươi kg tiền nếu đốt thì cháy được khoảng bao lâu, nếu đốt từng tờ cũng không khỏi 1 ngày, thôi ráng đợi đến ngày lành tháng tốt rồi đốt cho cựu bộ trưởng xài nha,vì tới giờ phút đó bộ trưởng muốn xài thì cũng phải lấy lửa đốt mới xài được chứ phải o?","[20, 21, 22, 28, 29, 30, 31, 58, 59, 60, 136, 137, 138, 222, 223, 224, 225, 226, 227, 228]"
3817,Thế thì du lịch thì đi lên núi ăn đồ rừng nhoé. ☺️,[]
3818,chỉ biết tự nhắc mình cần phải cố gắng thật nhiều để tương lai có thể lo cho em và gd,[]
3819,Đ-ICM :))),[]
3820,Trần Bình Trọng Vừa xog = 1k like :) các bác sống nhanh vl :),"[56, 57]"
3821,Hợp lý nhé,[]
3822,đúng là ngu dân,"[8, 9, 10]"
3823,Bố tổ sư. Súng bắn không trúng. Để tao bắn cho phát chẳng lòi phèo ra. Cạn lời,"[0, 1, 2, 3, 4, 5, 6, 7, 10, 11, 12, 13, 39, 40, 41, 42, 43, 44, 45, 46, 47, 48, 49, 50, 58, 59, 60, 61, 62, 63, 64, 65, 71, 72, 73, 74, 75, 76, 77]"
3824,Lò A Kí Đến bệnh nhân số 100 chắc phải xem xét thật ố :<,[]
3825,Oke abe <3,[]
3826,Hay =))),[]
3827,Lotus ngồi quýnh bài mặc đồ đẹp làm chi,[]
3828,Vloz,"[0, 1, 2, 3]"
3829,Đất nước việt nam bây giờ giống như trung quốc hồi cách mạng văn hóa quá. Bệnh thành tích và gia đình trị con ông cháu cha đưa lên.bất tài vô dụng tham nhũng chảy máu chất xám lừa dân. Tức nước vỡ bờ sớm muộn chúng nó cũng bán rẻ đất nước này,"[74, 75, 76, 77, 78, 79, 80, 81, 82, 83, 84, 85, 86, 87, 88, 89, 90, 91, 92, 93, 94, 95, 96, 97, 98, 99, 100, 101, 102, 103, 104, 105, 106, 107, 108, 109, 110, 111, 112, 113, 114, 115, 116, 117, 118, 119, 120, 121, 131, 132, 133, 134, 135, 136, 137, 139, 140, 141, 142, 143, 144, 145, 147, 148, 149, 150, 151, 152, 153, 154, 155, 156, 158, 159, 160, 161, 162, 163, 164, 165, 166, 167, 168, 169, 170, 171, 172, 173, 174, 176, 177, 178, 209, 210, 211, 212, 213, 214, 215, 216, 223, 224, 225, 226, 227, 228, 229, 230, 231, 232, 233, 234, 235, 236, 237]"
3830,Lại đào lên à,[]
3831,Cờ giáo hội...tựng trưng cho hòa bình công lý😑😑😑 ko biết ah,[]
3832,Quan Hoang Trinh thì hoa tay mà,[]
3833,Nguyễn Đạt tôi nói k cùng gu mà bro 🤣,[]
3834,Lại Hợp Tiến chẳng khác gì,[]
3835,Nhìn quả quần muốn tụt mẹ nó xuống 🤨,"[19, 20, 21, 22, 23, 24, 25, 26, 27]"
3836,Tao nhắc lại đéo có nước nào quân đội giỏi như nước tao dm cấm cãi nha mấy con bò 🤣🤣 . Doanh trại trốn phía sau mặt tiền thì phải cho thuê để kinh doanh tụi mày thấy nó tài chưa 😯😯,"[0, 1, 2, 13, 14, 15, 52, 53, 54, 56, 57, 58, 59, 60, 61, 62, 63, 64, 65, 75, 76, 77, 78, 79, 80, 98, 99, 100, 101, 102, 103, 104, 105, 106, 107, 108, 109, 110, 111, 112, 113, 114, 115, 116, 117, 118, 119, 153, 154, 155, 156, 157, 158, 159, 166, 167]"
3837,Qua bên mĩ còn tư tưởng độc đảng như CHINA,[]
3838,Ở một diễn biến khác :),[]
3839,🌝 tôi lại ngỡ là do Việt Tân chạy chiếc xe đó đó chớ,[]
3840,Toàn là xạo lôz :))) sủa ko lại đi block nhau còn bày đặt tự do với chả ngôn lù ngôn luận,"[8, 9, 10, 11, 12, 13, 14, 21, 22, 23, 68, 69, 70, 72, 73, 74, 75, 76, 77, 78]"
3841,"Trần Duy Trường Các Táo năm nay cầm trừng trị, tốc biến, thanh tẩy, cấm trụ, tốc hành kìa 🤣",[]
3842,Loan Võ okeee xinh xắn nha :3,[]
3843,SL,"[0, 1]"
3844,Tuyên truyền sao hiệu quả bằng mấy cái băng rôn giăng kín lối ở xứ thiên đường kaka. CA còn uống rượu lái xe rồi gây tai nạn làm gương nửa kia,"[92, 93, 94, 95, 96, 97, 98, 99, 100, 101, 102, 103, 104, 105, 106, 107, 113, 114, 115, 116, 117, 118, 119, 120, 121, 122, 123]"
3845,"Đường nó bền hơn, lâu hư hơn, đẹp hơn, hoàng tráng hơn,... Thì tao tin chứ bảo chi phí xây rẻ hơn thì ngu si mới đi tin, lều báo!","[63, 64, 65, 102, 103, 104, 105, 106, 107, 121, 122, 123, 124, 125, 126, 127]"
3846,Duc me hay cuu viet nam chung con,[]
3847,Hèn gì ai cũng cố gắng bán nhà bán đất bán ruộng bán trâu để cho con em vào làm nhà nước,[]
3848,A tiệp đang bị cách ly rồi,[]
3849,Kiều Linh yes,[]
3850,"Tâm Nguyễn Phát ngôn đúng chất \""não cứt\"" . Người Việt mà đéo về Việt thì ông muốn họ sang Trung Quốc à ? Giàu thì cũng tiền họ làm ra , có xin nhà ông đéo đâu ? Họ về đéo ảnh hưởng đến đất nước là được . Ý kiến cái đéo gì .","[33, 34, 35, 36, 37, 38, 39, 59, 60, 61, 153, 154, 155, 169, 170, 171, 217, 218, 219]"
3851,Ngáo,"[0, 1, 2, 3]"
3852,Thi nhau add =)),[]
3853,Nốn lừng mong manh à,"[0, 1, 2, 3, 4, 5, 6, 7]"
3854,hôm nay GAM Thua nữa thì lập kênh Thầy Giáo LMHT Tốc Chiến và Thầy Giáo Thẻ Bài nha,[]
3855,"Khổ, làm ăn bố láo bị tẩy chay thì có mấy thành phần bợ đít chạy theo: ""người Việt dùng hàng Việt là yêu nước"", ""DN Việt đóng ngàn tỷ tiền thuế bị dập"".","[12, 13, 14, 15, 16, 17, 38, 39, 40, 41, 42, 43, 44, 45, 46, 47, 48, 49, 50, 51, 52, 53, 54, 55, 56, 57, 58, 147, 148, 149]"
3856,Tưởng tưởng cc. Tưởng nhớ để sống lại à. Đm,"[12, 13, 16, 17, 18, 19, 20, 21, 22, 23, 24, 25, 26, 27, 28, 29, 30, 31, 32, 33, 34, 35, 36, 37, 38, 41, 42]"
3857,Lúc đó tui mới thấy ủa sao kì zậy??,[]
3858,Sống chậm lại các bác ơi,[]
3859,Anh hùng bàn phím nữa :)),"[0, 1, 2, 3, 4, 5, 6, 7, 8, 9, 10, 11, 12, 13, 14, 15, 16]"
3860,Sap tet...bon cho ca khu vuc sap di xin tien xin bia xin ruou tây....và van cho tui ban chiem ve hè long hanh.,"[10, 11, 12, 13, 14, 15, 16, 17, 18, 19, 36, 37, 38, 39, 40, 41, 42, 43, 44, 45, 46, 47, 48, 49, 50, 51, 52, 53, 54, 55, 56, 57, 58, 59, 60, 61, 62, 63, 64, 80, 81, 82, 100, 101, 102, 103, 104, 105, 106, 107, 108]"
3861,Chúc mừng,[]
3862,Tất cả là từ ý thức như đb của mấy người này mà ra thôi.,"[13, 14, 15, 16, 17, 18, 19, 20, 21, 22, 23, 24, 25]"
3863,"Nghĩ ở nhà nhưng vẫn on máy lên mà làm việc phát triển bán hàng .... , chỉ khâu sản xuất thì vẫn làm thôi",[]
3864,Lam Pham Ai Chau add e vs cj ưiiii,[]
3865,Cực kì thuyết phục🙃,[]
3866,Ae sinh đôi,[]
3867,phê to phê 🤣🤣,[]
3868,Phuong Mai,[]
3869,Nghĩ mà chán,[]
3870,Nguyễn Hương Sen ô chuẩn r,[]
3871,Khi đi nhớ đem theo Susan nha thầy :)),[]
3872,Haiz,[]
3873,tien su no lam mom ?....,"[0, 1, 2, 3, 4, 5, 6, 7, 8, 9, 15, 16, 17]"
3874,Có nhiu đó mà hk có tình người cũng nhưng không,[]
3875,ở ngoài tao mà gặp kiểu này t bắt lại cho anh Diệt đánh chết con cụ mày,"[8, 9, 10, 28, 51, 52, 53, 54, 56, 57, 58, 59, 61, 62, 63, 64, 65, 66, 67, 68, 69, 70]"
3876,Cực kì cái con mã mẹ tụi mày chứ thuyết phục 🤬,"[11, 12, 13, 14, 15, 16, 17, 18, 19, 20, 21, 22, 23, 24, 25, 26, 27, 45]"
3877,Em nói chuyện hay lắm dễ thương lắm,[]
3878,"muốn mua cho chồng uống mà cũng thấy tội mình quá, kg đi nổi luôn quá",[]
3879,🙃,[]
3880,Biển số xe là 29 kìa :)))),[]
3881,"đầu còn lắc được là chưa kẹt nha, mấy anh nói khi nào không nhúc nhích được mới là Kẹc","[83, 84, 85]"
3882,Trùng hợp thôi,[]
3883,GAM thua cái củ cặc nhé !!,"[13, 14, 15, 16, 17, 18]"
3884,chạy qua Nhật,[]
3885,😬,[]
3886,Họa tiết rất tinh tế :)),[]
3887,Mất mẹ fan cứng mặc dù vẫn tương tác đen vl,"[4, 5, 27, 28, 29, 30, 31, 32, 33, 34, 35, 36, 37, 38, 39, 40, 41, 42]"
3888,Quân Lê,[]
3889,Đẹp trai như thầy thì đ có ai mua ?,[22]
3890,13 tuổi là bán hàng rồi á hả. Thời gian 10 năm không phải ngắn đâu dễ nói ra dữ,[]
3891,Mặc kiểu này là tao cá ổng vừa ỉa xong . Đéo thể khác được,"[16, 17, 18, 31, 32, 41, 42, 43]"
3892,Đánh chết mẹ nó đi chị để nó mất dạy quá,"[0, 1, 2, 3, 5, 6, 7, 8, 10, 11, 13, 14, 26, 27]"
3893,The shy sa đéc góp mặt tại Allstar năm nay =)),[]
3894,Thành Bống rồi giật điện,[]
3895,bọn công an chỉ có việc là đi đàn áp dân đen thôi.,"[0, 1, 2, 30, 31, 32, 33, 34, 35, 37, 38, 39, 40, 41, 42, 43]"
3896,No qua ma oi nguoi ta giau kg ai ma dem khoe nhu ma dau noi la biet no roi 2020 ruoc ma ve no dum nha con khoai dot phao,"[0, 1, 7, 8, 49, 50, 68, 69, 91, 92, 112, 113, 114, 115, 116, 117, 118, 119]"
3897,Dmcs,"[0, 1, 2, 3]"
3898,Lỗ llon mà sao ai cũng thich chui vô đó làm mà kg đc vậy ta,"[0, 1, 2, 3, 4, 5, 6]"
3899,Con này hỗn quá.,"[8, 9, 10]"
3900,sela buff sm cho abee,[]
3901,Hèn gì chúng nó chỉ dám nói là ko có liên quan. Cái địt mẹ mấy thằng lớn,"[7, 8, 9, 10, 11, 12, 13, 14, 52, 53, 54, 55, 56, 57, 63, 64, 65, 66, 67]"
3902,Chán dì đâu Rex Nguyễn,[]
3903,Ức hiếp dân thì giỏi lắm!,"[0, 1, 2, 3, 4, 5, 6, 7, 8, 9, 10, 11, 12, 13, 14, 15, 16, 17, 18, 19]"
3904,Lê Thuần Triệu official bóng dơ này bán đồ giả nhe bạn nó khịa minh hiếu nên fan tag minh hiếu vào nhé,"[24, 25, 26, 27, 28, 29, 30, 43, 44, 45, 55, 56]"
3905,Rất thuyết phục và cực kỳ có lý :)),[]
3906,Trần Đần này nói cho vui !,[]
3907,Quá ngu lồn đi =))),"[4, 5, 6, 7, 8, 9, 10]"
3908,Phạm Văn Lộc fuho trời nắng chóng mặt hả idol,[]
3909,Bán hàng online bất chấp vậy hả trời,[]
3910,Giờ này nó ngồi trong đó.. tù..,"[8, 9, 27, 28]"
3911,Vào đó từ h oke chưa ??,[]
3912,Gai oi .nha em o phuong5 cay lay k gai,[]
3913,mây ba mu nay toan la sl ko đây toan phe phai no ko đây toan la đeo vang gia đê lên mxh sl lůa đao la chu yêu,"[4, 5, 6, 7, 8, 22, 23, 46, 47, 88, 89, 91, 92, 93, 94, 95, 96, 97]"
3914,Từ từ 😂,[]
3915,Các hãng nổi tiếng calvin gucci chanel đều bên nước ngoài mắc gì đem về vn cho nhỏ đó tri ân tri nghĩa....có ăn qq quá ai nói Gì cũng tin biết cuộc đời sài chai nước hoa chính hãng chưa nữa,"[79, 80, 81, 112, 113, 119, 120, 121, 122, 123, 124, 125, 126, 127, 128, 129, 130, 131, 132, 133, 134, 135, 136, 143, 144, 145, 146, 147, 148, 149, 150, 151, 152, 153, 154, 155, 156, 157, 158, 159, 160, 161, 162, 163, 164, 165, 166, 167, 168, 169, 170, 171, 172, 173, 174, 175, 176, 177, 178, 179, 180, 181, 182, 183, 184, 185, 186, 187, 188]"
3916,Nhạ ngọng. Học sinh thi trường lào là đỗ trường ý,"[0, 1, 2, 3, 4, 5, 6, 7, 8]"
3917,Công nhận đâm chuẩn thật,[]
3918,Nguyễn Minh bộ ba siêu phẩm r sao đọ,[]
3919,"Nghe bác Trần Dần nói hay, hợp lý vậy mà mọi người chọc quê bác vậy..? Trời có mắt đó nghe mọi người",[]
3920,"Hậu quả cuộc nhồi sọ kinh khủng lắm, sẽ có những thành phần bay vào đây cắn ad đấy =)), mình cũng đã bị nhồi như thế và cũng may gia đình mình là miền nam rặt nên mình dễ dàng thoát ra được nên mình hiểu. Khi mà các tổ chức có chung mục đích ko thể liên kết với nhau thì còn lâu lắm mới tìm lại được nền cộng hoà ngày ấy","[13, 14, 15, 16, 17, 18, 19, 21, 22, 23, 24, 25, 26, 27, 28, 29, 30, 72, 73, 74, 104, 105, 106, 107]"
3921,"coi cái này nè : thành viên Facebook thân mến, Facebook là giả sử để được đóng cửa. Gần đây, nó đang trở nên quá đông. Đã có nhiều thành viên phàn nàn rằng Facebook đang trở nên rất chậm. Hồ sơ cho thấy rằng có rất nhiều thành viên Facebook hoạt động v",[]
3922,"Vcl tự nhiên chửi người khác ngu rồi đem trường hợp ngu của nó ra ví dụ! Đụ mẹ thằng ""lỏng bao"" dành hết phần ngu người khác! Não teo rồi hoá chó à","[0, 1, 2, 13, 14, 15, 16, 29, 30, 31, 52, 53, 54, 60, 61, 73, 74, 75, 76, 77, 78, 79, 80, 81, 82, 83, 84, 85, 86, 87, 88, 89, 90, 91, 92, 93, 110, 111, 112, 126, 127, 128, 129, 130, 131, 132, 133, 134, 135, 136, 137, 138, 139, 140, 141, 142, 143, 144]"
3923,Kien Chelsea :v,[]
3924,Coronavirus is manmade,[]
3925,Thầy nhờ anh quang cuốn hay sena đánh hộ vậy,[]
3926,Lam Pham Ai Chau add với,[]
3927,Suni Hạ Linh sau khi thấy vid này ☹️,[]
3928,Mặt này đâu phải tùng sói,[]
3929,Viết tiếng việt đi ấy ơi,[]
3930,Nhìn mặt k co tí gì gọi là phúc hậu...ác khẩu,"[5, 6, 7, 8, 9, 10, 11, 12, 13, 14, 15, 16, 17, 18, 19, 20, 21, 22, 23, 24, 25, 26, 27, 28, 29, 30, 31, 32, 33, 34, 38, 39, 40, 41, 42, 43, 44]"
3931,Tìm bạn gái tại đây nha các chàng trai chưa có người yêu ơi sắp noel rồi eo ơi,[]
3932,Trần Vinh nhai lại cc,"[10, 11, 12, 13, 14, 15, 16, 17, 19, 20]"
3933,Ăn sam khi bụng đói cũng bị bủn rủn tay chân nha.,[]
3934,Đi mĩ là phải vậy,[]
3935,Doan Minh Thanh ib e ạ,[]
3936,Clear xin hân hạnh tài trợ chương trình này,[]
3937,Cảm ơn Anh Lân nhiều! Giải trí mùa corona,[]
3938,Vn cua rơ hơn tàu nhiều lắm.,[]
3939,Hôm nay nháp. Trả vờ gà cho địch coi thường,[]
3940,Bao giờ có hướng nghiệp nghề này thầy ơi,[]
3941,Con này vừa xấu người vừa xấu nết khẩu nghiệp nó lại nặng nữa chứ,"[0, 1, 2, 12, 13, 14, 26, 27, 28, 34, 35, 36, 37, 38, 39, 40, 41, 42, 43, 44, 46, 47]"
3942,Chi này quá mất day,"[12, 13, 14, 15, 16, 17, 18]"
3943,Con bóng??,"[0, 1, 2, 3, 4, 5, 6, 7]"
3944,Thể hiện sự bực tức để v hiểu c,[]
3945,Mình tưởng yêu xa giúp chúng ta cao hơn 🤔,[]
3946,Dỗi vl . Cay vl :)),"[4, 5, 13, 14]"
3947,T nghi r mà :)). Mâm nào cũng có Ông già bé Sam vào. Rảnh hánh thì chăm con đi chú ơi,"[17, 18, 19, 20, 21, 22, 23, 24, 25, 26, 27, 28, 29, 30, 31, 53, 54, 55, 56, 57, 58, 59, 60, 61]"
3948,Cái thớt IDOl Live này đăng tin toàn để chúng chửi : )),"[40, 41, 42, 43, 44, 46, 47, 48, 49]"
3949,Giải nhất luôn nha 😂,[]
3950,"Tử hình luôn ko nói nhiều , ý thức như củ cải","[0, 1, 2, 3, 4, 5, 6, 28, 29, 30, 31, 32, 33, 34, 35, 36, 37, 38, 39, 40, 41, 42, 43, 44]"
3951,Yêu cô tui kkk,[]
3952,. ❤ em đợi nãy h á...h này cười xĩu,[]
3953,Cứ mỗi mùa đại hội đảng gần kề là lại thi nhau sủa :)))))),"[47, 48, 49]"
3954,Yêu Grab k các bác,[]
3955,"Chia địa bàn là có thật,đất có Thổ công,sông có Hà bá.sợ nhất là những khu đất vàng dân ở bao đời cũng phải nhường cho ""giải toả"".còn lấn biển,phá rừng...thì bạt ngàn nơi nơi","[120, 121, 122, 123, 124, 125, 126, 127]"
3956,Đọc mà lòng cay cay cay,[]
3957,Sao anh ba lại dính trong màn hình🤣🤣🤣,[]
3958,Nghe mang thai nhưng lại đi beach,[]
3959,Chua ai ngu bang dan viet nam,"[8, 9, 10]"
3960,Ok chúc mừng thầy,[]
3961,Mấy thánh boom hàng ơi. Làm việc đi.,[]
3962,"đấy, cái địt mẹ cái bọn thành phố cứ đòi bình đẳng chuyện cộng điểm đi, sao chúng mày không về đây sống thử đi hộ tao cái\","[9, 10, 11, 12, 13, 14, 20, 21, 22, 76, 77, 78, 79, 80, 81, 82, 83, 84, 114, 115, 116]"
3963,"Quá mất dạy . Đồng bọn với con Bò Thái Ngọc Nhiên ở An Giang  . Lũ Cầu Cá Móng Phèn vô học mất dạy lại tham tiền vô đối bất chấp sĩ diện ( vô chổ làm Hộ Chiếu thấy rất nhiều chị em cá gô bỏ trong gổ chuẩn bị xuất ngoại qua ..Sing , Mã làm diệc j chắc ai cũng biết ngoài bọn như con Linh Lờ qua Hàn , Đài chống lầy kiếm lúa","[4, 5, 6, 7, 8, 9, 10, 14, 15, 16, 17, 18, 19, 20, 21, 22, 23, 24, 25, 26, 27, 28, 29, 30, 31, 32, 64, 65, 66, 67, 68, 69, 70, 71, 72, 73, 74, 75, 76, 77, 78, 79, 80, 81, 82, 83, 84, 85, 86, 87, 88, 89, 90, 91, 92, 93, 94, 95, 96, 97, 98, 99, 100, 101, 102, 103, 104, 105, 106, 107, 108, 109, 110, 111, 112, 113, 114, 115, 116, 117, 118, 119, 120, 121, 122, 123, 124, 125, 126, 127, 128, 129, 130, 131, 132, 133, 134, 135, 136, 175, 176, 177, 178, 179, 180, 181, 182, 183, 184, 185, 186, 187, 188, 189, 190, 191, 192, 193, 194, 195, 196, 197, 198, 279, 280, 281, 305, 306, 307, 308, 309, 310, 311, 312, 313, 314, 315, 316, 317, 318, 319, 320, 321, 322]"
3964,"Cắn ko đúng định hướng,ko đủ số lượng là nó đuổi chứ ko phải lấy 3 củ của nó mà dễ đâu mấy ông phản động ơi","[0, 1, 2, 41, 42, 44, 45, 46, 47, 74, 75]"
3965,Nhãn Đoàn nhắm bay đc thì biến mẹ bên đó luôn đừng có về đây bay về để lây bệnh cho ngta hay gì á nuôi mấy đứa này thiệt tiếc tiền gì đâu,"[26, 27, 28, 29, 30, 31, 32, 46, 47, 48, 49, 50, 51, 52, 53, 54, 55, 56, 57, 58, 59, 71, 72, 73, 74, 75, 76, 77, 78, 79, 80, 81, 82, 83, 84, 85, 86, 87, 98, 99, 100, 101, 102, 103, 104, 105, 106, 107, 108, 109, 110, 111, 112, 113, 114, 115, 116, 117, 118, 119, 120, 121, 122, 123, 124, 125, 126, 127, 128, 129]"
3966,Thầy cân hết,[]
3967,theo Trần Dần thì 2022 Việt Nam là 1 tỉnh của TQ rồi sao Trần Dần về được nữa nhỉ?,[]
3968,bắn tym,[]
3969,Lủ chó,"[0, 1, 2, 3, 4, 5]"
3970,"Bậy à, éo phải cơm sườn mà là cháu ngoan Boác Hù","[0, 1, 2, 15, 16, 17, 18, 19, 20, 21, 22, 41, 42, 43, 44, 45, 46, 47]"
3971,"hoc cc gi` nua~, ve san voi ma` kiem an =]]z","[4, 5, 20, 21, 22, 23, 24, 25, 26]"
3972,anh Lân ơi còn ông ngô kỷ thì sao anh,[]
3973,mặt nhìn giống cái âm hộ gái nhật Ge,"[15, 16, 17, 18, 19, 20, 21, 22, 23]"
3974,Chị gặp con linh lóc chi đánh cho nó te tua ra nhé,"[8, 9, 10, 25, 26, 27, 28, 34, 35, 37, 38, 39, 40, 41, 42]"
3975,Làm con người kh thích thích làm con cặt,"[33, 34, 35, 36, 37, 38, 39]"
3976,Quý dị nên nhớ.....amen,[]
3977,Huy Tien dmm,"[9, 10, 11]"
3978,tao còn đang mong kỷ luật bỏ mẹ lên đây,"[0, 1, 2, 29, 30]"
3979,Chào cứng :v,[]
3980,Đm Gội Làm Lồ.n Gì!,"[0, 1, 11, 12, 13, 14]"
3981,"Em đẹp và vui tính, nói chuyện mà chị già rồi cũng phải cười",[]
3982,"Dân biển sao không biết được, ham cái lợi nhỏ nên im luôn thôi",[]
3983,Quá đúng,[]
3984,"Kiểu như 1 nét đẹp văn hoá "" nếu chưa bị mất ví thì k thể nói bạn đã đén vn "" 😂😂😂","[38, 39, 40, 41, 42, 43, 44, 45, 46]"
3985,Bình Thị Thanh Nguyễn sờ tai quần què gì vậy :vv,"[29, 30, 31, 32, 33, 34, 35, 36]"
3986,Có ko chi 3 cho 1ty xài choi,[]
3987,Nhi Faker :v,[]
3988,đụ mẹ ai biểu vn nằm ở hạ nguồn nó thượng nguồn nó chặn cái là lõ luôn.,"[0, 1, 2, 3, 4, 32, 33, 48, 49]"
3989,ba khung,"[3, 4, 5, 6, 7]"
3990,"Từ đầu tới cuối các trang ""Yêu Đảng"" Đều đổ cho thủy triều đỏ cả và xỉ vã thậm tệ những người nói do formosa gây ra !Đến khi sự việc vỡ lỡ vẫn ko 1 lời xin lỗi !","[27, 28, 29, 30, 31, 32, 33, 34, 68, 69, 70, 71, 72]"
3991,Chân lý :-),[]
3992,Đầy ông kinh doanh bây h thờ Quan Công chứ đéo ai xăm và thờ Thánh Gióng =))))),"[43, 44, 45]"
3993,Hết kêu gọi rồi lại nhắn tin :) Dây kinh nghiệm đâu r. Xin mời thủ tướng cứ rút thoải mái,[]
3994,"Giết quách được phát ra từ miệng 1 người đại diện cho pháp luật VN,hỏi đạo đức,trách nhiệm của ông ở đâu?hay ông là loài đv máu lạnh?","[0, 1, 2, 3, 4, 5, 6, 7, 8, 9, 109, 110, 111, 112, 113, 114, 115, 116, 117, 118, 119, 120, 121, 122, 123, 124, 125, 126, 127, 128, 129, 130, 131]"
3995,Dương Hoa Hồng,[]
3996,Thanh Trúc bình luận ik,[]
3997,"Lũ CS đúng là một lũ súc sinh ác độc hơn lũ ngạ quỹ, một lũ người khg có chút nhân tính, quá tàn độc khg biết phải dùng từ gì đễ mô tả cho lũ này! Bất luận thế nào thì cũng có ngày bọn súc vật này cũng phãi đền tội và kết thúc trong đau đớn hơn nhửng gì mà bọn mọi rợ này đả gây ra trong một ngày gần đây....","[0, 1, 18, 19, 20, 21, 22, 23, 24, 25, 26, 27, 28, 30, 31, 32, 33, 34, 35, 36, 37, 38, 39, 40, 41, 42, 43, 44, 45, 46, 47, 48, 49, 50, 57, 58, 93, 94, 95, 96, 97, 98, 99, 139, 140, 181, 182, 183, 184, 185, 186, 187, 188, 189, 190, 191, 257, 258, 259, 260, 261, 262, 263, 264, 265, 266]"
3998,Me.bon tu ban chua duoi di.no ma duoi ve cut k co ma an,"[0, 1, 3, 4, 5, 6, 7, 8, 9, 10, 11, 12, 27, 28, 41, 42, 43]"
3999,Huỳnh Châu chết Thầy tui,[]
4000,Cắt cho trẻ trâu bớt thui mà 😂😂😂,[]
4001,Chết chắt 💀💀💀,"[0, 1, 2, 3, 10, 11, 12]"
4002,Đm chúng mày,"[0, 1, 2, 3, 4, 5, 6, 7, 8, 9, 10, 11]"
4003,Lũ chó. Pít là động chạm nhưng tao thjk chửi đấy..,"[0, 1, 2, 3, 4, 5, 31, 32, 33, 40, 41, 42, 43]"
4004,Nguyễn Yến Nhi đang tính cmt luôn. :)))) Coi xong kiểu WTF?? T đã coi clg thế :)))),"[25, 26, 27, 55, 56, 57, 61, 70, 71, 72]"
4005,Chúc mừg abe căc hơi to nha !,"[13, 14, 15]"
4006,Ohh,[]
4007,Thớt ăn nói mất dạy.. Mà thớt ngu thiệt hay gia ngu ấy nà,"[12, 13, 14, 15, 16, 17, 18, 30, 31, 32, 33, 34, 35, 36, 37, 38, 39, 40, 41, 42, 43, 44, 45, 46, 47, 48, 49, 50]"
4008,phân vẫn giữa chọn trường ĐH ở HN và HCM,[]
4009,Top1 ca sĩ nhưng k biết hát :)),"[5, 6, 7, 8, 9, 10, 11, 12, 13, 14, 15, 16, 17, 18, 19, 20, 21, 22, 23, 24, 25, 26]"
4010,Trung quảng cáo 🤔,[]
4011,cái mặt trông như côn đồ vậy =.=,"[18, 19, 20, 21, 22, 23]"
4012,Em noi chuyen rat co duyen,[]
4013,Tao chỉ mong bóng đá thua mẹ luôn mấy trận đầu cho xong... Đỡ tốn tiền thuế của bố 😠,"[0, 1, 2, 26, 27, 80, 81]"
4014,"nó xạo lồn , thèm chém chết mẹ nó","[0, 1, 2, 3, 4, 5, 6, 7, 8, 9, 18, 19, 20, 21, 22, 23, 24, 25, 26, 27, 28, 29]"
4015,mấy chục năm trước cũng y chang z,[]
4016,Noi. Cho. Nhieu di.  Chu.  Mai. Mot. Gia. Nam ia day. 1 cho.  Luc. Do. Muon. Noi. Cg. K noi. Dc.    Hi,"[46, 47]"
4017,Nguyễn Vũ trend 2020 của m neh,[]
4018,Trịnh Nam Long,[]
4019,Dfs,[]
4020,Chọc và chửi một người bị thần kinh là ác đức lắm đấy hãy ngừng gây tội ác!!!,[]
4021,Dm cái giọng cười Abe nghe khốn nạn vl ạ :)) nhưng mỗi lần em nghe em đều cười theo =)),"[0, 1, 27, 28, 29, 30, 31, 32, 33, 34, 35, 36, 37]"
4022,Sao nó sống tới tận giờ đc nhỉ,"[0, 1, 2, 3, 4, 5, 6, 7, 8, 9, 10, 11, 12, 13, 14, 15, 16, 17, 18, 19, 20, 21, 22, 23, 24, 25, 26, 27, 28, 29]"
4023,Ông thầy số hưởng và...,[]
4024,Anh đó chửi con đỷ này nghe đã tai,"[7, 8, 9, 10, 11, 12, 13, 14, 15, 16, 17]"
4025,Ông tuân ổng hỏi cười xĩu,[]
4026,trường hợp cai éo ji con này.dm nc éo có logic cc ji bị cả cộng đồng nó chửi cho sml cho cm may lun nghiệp,"[15, 16, 21, 22, 23, 29, 30, 35, 36, 47, 48, 69, 70, 72, 73, 74, 75, 81, 82, 83, 89, 90, 91, 92, 93, 94, 100, 101, 102, 103, 104, 105]"
4027,ngày xưa chị nghèo :)))),[]
4028,không khí đạt chất lượng như hôm nay cũng là nhờ sự tài tình của đảng ta ! đó là mang những nhà máy nhiệt điện than cổ lổ sỉ từ người anh em phương Bắc về phục vụ bà con ! bà con cám ơn đảng và nhà nước chưa ?,"[116, 117, 118, 119, 120, 121, 122, 123]"
4029,Cháy ô tô cái bình nhỏ để làm gì vậy,[]
4030,Tấu hài gamming,[]
4031,Bớt tạo nghiệp lạil đi bà ơi,[]
4032,Tuong Vi Nguyen Thach :)),[]
4033,Con bóng già h mới lộ :v :))),"[0, 1, 2, 3, 4, 5, 6, 7, 8, 9, 10, 11]"
4034,Đạo diễn phim,[]
4035,Eo ơi Tùng Sói cắt tóc đi đẹp trai hơn ban nhiu,[]
4036,thế nên cập nhập tình hình Corona của Việt Nam thì tốt hơn. page xàm đế bỏ fl đi mọi người ơi,"[65, 66, 67, 72, 73, 74, 75, 76]"
4037,số nhà thầy cần =)),[]
4038,được a,[]
4039,Củ kỉ xấu xí để mầm chi,"[0, 1, 2, 3, 4, 6, 7, 8, 9, 10, 11]"
4040,An Thái Đào Phú :3,[]
4041,"Các bạn win custom, vui lòng screenshot lịch sử trận đấu và inb về fanpage để thầy phát thẻ cào nhé!",[]
4042,Hưng Huỳnh đừng có đi lung tung nha,[]
4043,THIS IS VIETNAM!!!,[]
4044,Dm . Đlq tao fan mình Hiếu nhé,"[0, 1, 5, 6, 7, 9, 10, 11]"
4045,"Đây là video đầu tiên em xem của a Độ mixi đầy sự ngọt ngào và yêu thương , k có câu nào tục :((( em cảm ơn anh ! From Mixi With love",[]
4046,Bon oc cho .ng gjup caj nay nguoi giup caj kia....thay ng ta dc nhjeu ng men mo thj quay ra can dit noi xau..,"[4, 5, 6, 7, 8, 9, 92, 93, 94, 95, 96, 97, 98]"
4047,Bình Nguyễn tao đéo lấy đc tiền mày ạ . ức điên người,"[12, 13, 14, 16, 17, 18, 32, 33, 34, 43, 44, 45, 46]"
4048,Lam Phuong 1 pha tấu hài 😂,[]
4049,"Ta thì nghĩ thằng này là người của tàu cộng, được cử qua đây để làm dư lợn viên, mục đích là làm ảnh hưởng ngôn luận có lợi cho mẫu quốc. Vì xưa nay t đều biết rằng cộng sản mạnh nhất ở điểm là tạo ngôn luận ảnh hưởng mọi người. Từ đó nó sẽ đủ tư cách đi tạo thế, và nói rằng những thằng có suy nghĩ khác nó tức là khác vs mọi người vì suy nghĩ của nó là của mọi người, tức là đi ngược vs dư luận, tức là phản động","[12, 13, 14, 15, 16, 35, 36, 37, 38, 39, 40, 41, 42, 68, 69, 70, 71, 72, 73, 74, 75, 76, 77, 78, 128, 129, 130, 131, 132, 133, 134, 135, 149, 165, 166, 167, 168, 169, 170, 171, 172, 173, 174, 175, 176, 177, 178, 179, 180, 181, 182, 183, 184, 185, 186, 187, 188, 189, 190, 191, 192, 193, 194, 195, 196, 197, 198, 199, 200, 201, 202, 203, 204, 205, 206, 207, 208, 209, 210, 211, 212, 213, 214, 215, 216, 217, 218, 219, 220, 221, 222, 223, 224, 225, 226, 282, 283, 284, 285, 286, 305, 306, 349, 350, 405, 406, 407, 408, 409, 410, 411, 412, 413]"
4050,Chưa bao giờ thấy MC cười nhiều như vậy,[]
4051,Thanh Tâm kkk,[]
4052,"Ơn dời ông ấy còn sống,ông ấy làm tôi phải buồn mấy hum nay..tưởng ông ấy bỏ diễn hài mà đi theo cô vi 19tuổi rùi chứ",[]
4053,Sếp đã đẹp trai còn nói đúng👏👏👏,[]
4054,"cái cap hơi gây war đó nha!vậy tui nói chương trình mấy người này nọ mấy người chịu không?nói gì thì suy nghĩ vào,xin lỗi chứ chương trình có duyên mà cmt đ có duyên thì dẹp hay im m* mồm cho xong!Thân!!","[155, 178, 179, 180, 181, 182, 183, 184, 185, 186]"
4055,Đình Huân,[]
4056,"Tôi không nhịn được cười, công nhận A Lân hay thiệt .",[]
4057,Ý thức NCC @@,"[0, 1, 2, 3, 4, 5, 6, 7, 8, 9, 10, 11, 12]"
4058,Chưa thấy con đàn bà nào mà xấu như con linh lóc xấu mà còn bị khùng nữa,"[10, 11, 12, 13, 14, 15, 16, 17, 18, 19, 28, 29, 30, 36, 37, 38, 49, 50, 51, 63, 64, 65, 66, 67]"
4059,Thằng này láo,"[0, 1, 2, 3, 4, 10, 11, 12]"
4060,Trần Dần nói về vấn đề tức diên nè ae https://youtu.be/5e57LtjKwpA,[]
4061,Dug la con lih cho do lam tu cach kho ua va,"[7, 8, 9, 15, 16, 17, 34, 35, 36, 37, 38, 39, 40, 41, 42]"
4062,Quốc Cường đang rửa tiền tỷ ở Nga sao á.Tiền tỷ ở đây là tiền của Jack.T nghĩ vậy ai có quan điểm nào khác không?,[]
4063,tập nào vậy,[]
4064,Chuối hong thầy,[]
4065,Tui thề anh Lân nhịn cười kinh thật,[]
4066,Hèn chi bọn công giáo tham gia chính quyền ở Mỹ. Rồi có cả nhà nước vatican ở Rome nữa.amen,"[9, 10, 11, 12]"
4067,"Doanh nghiệp và dân_ phần ưu ái luôn là bên DN,họ chi mạnh,có thế lực,nhiều khi là sân sau của quan chức,dân muốn tìm đồng minh thì cạch chính quyền ra,tránh xa con dao 2 lưỡi. dân luôn là kẻ thấp cổ bé họng,mà chính quyền là luật,luật là chính quyền.bàn tay luôn có 2 mặt","[83, 84, 85, 86, 87, 88, 89, 90, 91, 92, 93, 94, 95, 96, 97, 98, 99, 100, 101, 102, 103, 132, 133, 134, 135, 136, 137, 138, 139, 140, 141, 142, 143, 144, 145, 146, 147, 161, 162, 163, 164, 165, 166, 167, 168, 169, 170, 171, 172, 173, 174, 189, 190, 191, 192, 193, 194, 195, 196, 197, 198, 199, 200, 201, 202, 203, 204, 205, 206]"
4068,Cái gì cứ bay qua bay lại trong video ấy nhờ =)),[]
4069,phồn hoa hay là đồng ruộng?,[]
4070,"Đéo biết nói gì, thôi, chia sẻ","[0, 1, 2]"
4071,"Minh Anh Mai Ơ đm bất công, ông cmt cái là sắp có ny luôn à :((","[15, 16]"
4072,Ở đây toàn chó hùa vs ahbp ko...sao ko giỏi ra đứng trước mặt tụi nó mà chửi đi...núp lùm rồi chửi...éo bik nhục!,"[11, 12, 13, 14, 15, 16, 17, 22, 23, 24, 25, 62, 63, 64, 65, 66, 67, 72, 73, 74, 75, 82, 83, 84, 85, 86, 87, 88, 94, 95, 96, 97, 101, 102, 108, 109, 110, 111]"
4073,fan cứng anh ơi,[]
4074,Dân đồng nai đây,[]
4075,Nói chung là ở XH này tai điếc mắt mù là an toàn nhất. Mất trộm hay cướp thì cứ nghĩ của đi thay người sẽ ko ảnh hưởng đến sức khoẻ và tinh thần của bạn,[]
4076,nghe có vẻ healthy nhưng lại rất balacaynenvang,[]
4077,addf e vs cụ tổ ơi :v,[]
4078,Ninh Trần a ăn cơm vs cá kho chưaaa 🤣,[]
4079,xxx video 🔞,"[0, 1, 2, 10]"
4080,"Chi Đỗ đấy như đã viết ở trên lun,",[]
4081,nói ngu còn nói lớn 😆😆,"[4, 5, 6]"
4082,Nguyễn Hồng Phi cập nhật ttin phải nhanh nhưng cũg chíh xác anh ạ. 😂,[]
4083,Minh Phạm mỗi người có mắt thẩm mĩ diêng mà bạn,[]
4084,Ý thức còn ít hơn kiến thức hoá của tao,"[0, 1, 2, 3, 4, 5, 6, 7, 8, 9, 10, 11, 12, 13, 14, 15, 16, 17, 18, 19, 20, 21, 22, 23, 24, 25, 26, 27, 28, 29, 30, 36, 37, 38]"
4085,đúng rồi 1 có 2 không đợi đợi cc nhé 🤣🤣,"[30, 31]"
4086,Được luôn bố chồng ạ ❤️,[]
4087,Thảo Đào Văn,[]
4088,Cái trend Nghe có vẻ mãi chúng nó vẫn chưa chán nhỉ,[]
4089,gáy mạnh lên a,[]
4090,"Nhìn gần thì như thk đần, Khi thì lại gần Ôi ông Trần Dần!!!","[17, 18, 19, 20, 21, 22, 23]"
4091,"Chúc mừng con quỷ này facebook nó bị hacker việt nam đánh sập rồi,toàn bộ đồ mua để bán online nó để ăn rồi kkk.( thực ra nó là phụ hồ nhé ).","[10, 11, 12, 13, 14, 15, 16, 31, 32, 53, 54, 55, 56, 57, 58, 59, 60, 95, 96, 101, 102, 128, 129, 130, 131, 132, 133]"
4092,Phong Hoài chỉ cần một cái khoác tay tôm tôm... công ty chúng ta đã bị phá sản thanh ăn mài bank,[]
4093,I want tu do hơn,[]
4094,khi bạn buồn thì bạn cứ buồn tiếp đi :>>,[]
4095,Anh Phuong Trinh kệ MẸ NHÀ TÔI hihi,"[20, 21]"
4096,Hồ Hoàng Thảo Nhi Vân Đinh Thảo Trân Khánh Nguyễn Trân nói vậy thì 700k của Ruồi coi như bỏ k r :)))),[]
4097,Cạn lời,[]
4098,CA ở đéo đâu chả thế k đc ăn là nó khác đéo j giang hồ dưới chỗ tôi CA khu vực giờ khác đéo j giang hồ đi đòi tiền bảo kê hàng tháng ra mặt,"[5, 6, 7, 26, 27, 32, 33, 40, 41, 42, 46, 47, 48, 49, 50, 51, 52, 53, 88, 89, 90, 94, 95, 96, 97, 98, 99, 100, 101, 110, 111, 112, 113, 114, 115, 116, 117, 118, 119, 120]"
4099,Bạn nữ nào âm đạo dãn rộng thâm đen,"[11, 12, 13, 14, 15, 16, 17, 18, 19, 20, 21, 22, 23, 24, 25, 26, 27, 28, 29, 30, 31, 32, 33, 34]"
4100,ba bá dơ :)),"[0, 1, 2, 3, 4, 5, 6, 7]"
4101,"Mai á, ổng đi vòng vòng là toang.",[]
4102,Ong xao lon qua di ong oi.,"[4, 5, 6, 7, 8, 9, 10]"
4103,Trần Ngọc Dương dm het fan cung roi nha,"[16, 17]"
4104,"Cô ba chở vàng qua mỹ :)) nghe hư cấu vl,mày vào xem ký sự 30/4 đi nhé","[38, 39, 41, 42, 43]"
4105,"Bởi vậy cái sự bị bịt đủ thứ ở cái đầu của người dân nó làm cho ngu đi như con ngựa bị che bớt mắt để chỉ đi đường thẳng con bò bị tròng cổ để dể dắc đi con trâu bị xỏ mủi để dể điều khiển , cho người dân xôi máu với những pha bóng vô bổ để quên đi chuyện đất nước bị tc xâm chiếm","[53, 54, 64, 65, 66, 75, 76, 77, 78, 79, 80, 81, 82, 83, 84, 85, 86, 87, 88, 89, 90, 91, 92, 93, 94, 95, 96, 97, 98, 99, 100, 101, 102, 103, 104, 105, 106, 107, 108, 109, 110, 111, 112, 113, 114, 115, 116, 117, 118, 119, 121, 122, 123, 124, 125, 126, 127, 128, 129, 130, 131, 132, 133, 134, 135, 136, 137, 138, 139, 140, 141, 142, 143, 144, 145, 146, 147, 148, 149, 150, 151, 153, 154, 155, 156, 157, 158, 159, 160, 161, 162, 163, 164, 165, 166, 167, 168, 169, 170, 171, 172, 173, 174, 175, 176, 177, 178, 179, 180, 181, 182, 183, 184, 185, 186, 187]"
4106,có tiền đi du học. Học gì củng giỏi mỗi học cái ý thức là ngu.,"[58, 59, 60]"
4107,An noi chuyen do van hoa vay ma than tuong,"[14, 15, 16, 17, 18, 19, 20, 21, 22, 23]"
4108,K xem cút mẹ mày đi,"[6, 7, 8, 9, 10, 11, 12, 13, 14, 15]"
4109,Đỗ Thu Trang đi học hộ,[]
4110,Mất tư cách dễ sợ,"[0, 1, 2, 3, 4, 5, 6, 7, 8, 9, 10, 12, 13, 14, 15, 16]"
4111,Cu tùng xe cái này thì nó sẽ ko hôn anh nữa đâu kkk,[]
4112,😅 đụ mẹ mấy thằng cộng sản này nó cứ bắt bọn trung Quốc sản xuất đá không mang đi thiêu hủy mà cứ chia nhau đập lấy gì không ngáo phát biểu linh tinh,"[2, 3, 4, 5, 6, 12, 13, 14, 15, 16, 41, 42, 43, 82, 83, 84, 85, 86, 87, 88, 89, 90, 108, 109, 110, 125, 126, 127, 128, 140, 141, 142, 143, 144, 145, 146, 147, 148]"
4113,+ sản đã làm cho nhân dân bị bệnh kiệt kháng ( sida ) hết rồi.,"[0, 1, 2, 3, 4, 5, 6, 7, 8, 9, 10, 11, 12, 13, 14, 15, 16, 17, 18, 19, 20, 21, 22, 23, 24, 25, 26, 27, 28, 29, 30, 31, 32, 33, 34, 35, 36, 37, 38, 39, 40, 41, 42, 43, 44, 45, 46, 47, 48, 49, 50]"
4114,Chị Minh Hiếu đẹp quá,[]
4115,Chet me may chua con kkk,"[0, 1, 2, 3, 4, 5, 6, 7, 8, 9, 10, 17, 18, 19]"
4116,"ông có tuổi rùi! cố giữ gìn sức khỏe, thỉnh thoảng tấu hài bà con coi là zui rùi! mà giác ngộ vầy là tốt rùi, chứ nhìu ông già 3/// cố chấp lắm","[127, 128, 129, 130]"
4117,"cuốn sách này còn không mọi người, mình muốn mua về đọc :))",[]
4118,"Cái này là nói thiệt..con quỹ này bán hàng dõm 100 %..nhỏ bạn tui có mua 1 lần về xài thử, như là nước lạnh, nt hỏi thì bị chặn, lúc trước mình cũg tưởng uy tín mà nge nói dậy lúc nó live mình vô hỏi bị nó chặn ln...lừa đảo","[22, 23, 24, 25, 26, 27, 28, 43, 44, 45, 216, 217, 218, 219, 220, 221, 222]"
4119,"Xin chào Đệ nhất Quốc Sư Trần Dần , chúc Quốc Sư khoẻeeeeee",[]
4120,Abe chơi dơ,"[4, 5, 6, 7, 8, 9, 10]"
4121,Ngoài những giáo án xịn sò thì đây là những gì anh em ta sẽ tiếp thu được từ thầy. Cám ơn thầy và xin đuỵt mọe thầy =))),"[102, 103, 104, 105, 106, 107, 108, 109]"
4122,Xem hình cũng cần cảnh giác,[]
4123,Đang lúc dầu sôi lửa bỏng bay kiếm clmn hay gì á rồi đem bênh về đây cho nhà nước nuôi tốn cơm tốn gạo,"[35, 36, 37, 38, 53, 54, 55, 56, 57, 58, 59, 60, 61, 62, 63, 64, 65, 66, 67]"
4124,Nguyễn Nhung cân nhắc công việc mới nè,[]
4125,"Lít xăng, cây kẹo, gạo, nước uống ... mày đang đống thế cả đấy thằng trẩu nhi ! Nói chuyện mở mồm đéo, đm, ngứa háng - văn hóa lắm cơ.","[38, 39, 40, 63, 64, 65, 66, 67, 68, 69, 70, 71, 72, 73, 74, 75, 76, 94, 95, 96, 98, 99, 100, 103, 104, 112, 113, 114, 115, 119, 120, 121, 122, 123, 124, 125, 126, 127, 128, 129, 130, 131, 132]"
4126,:))),[]
4127,Tao báo dlv 😂😂😂,"[0, 1, 2]"
4128,"Nói kiểu bình dân cho dễ hiểu thằng ăn cướp mà còn mang huy hiệu Đảng thì phải tin nó chứ , không tin nó thì coi như đứng về phía thế lực thù địch tức là thân địch tức là chống Đảng rồi vì Đảng không có thói quen làm từ thiện chỉ thích nhảy Vào Vớ Vét Về thôi nhé .","[30, 31, 32, 33, 34, 35, 36, 37, 38, 39, 40, 41, 42, 43, 44, 45, 46, 47, 48, 49, 50, 51, 52, 53, 54, 55, 56, 57, 58, 59, 60, 61, 62, 63, 64, 65, 66, 67, 68, 83, 84, 102, 103, 117, 118, 119, 120, 121, 122, 123, 124, 125, 126, 127, 128, 129, 130, 131, 132, 133, 134, 135, 136, 137, 138, 139, 140, 141, 142, 143, 144, 145, 146, 147, 148, 149, 150, 151, 152, 153, 154, 155, 156, 157, 158, 159, 160, 161, 162, 163, 164, 165, 166, 167, 168, 169, 170, 171, 172, 173, 174, 175, 176, 177, 178, 179, 180, 245, 246, 247, 248, 249, 250]"
4129,"Vũ Thanh Huyền chán vl câu mấy câu đầu chửi hay bao nhiêu thì câu cuối thối không kém 🤦 tiền người ta làm gì kệ mẹ người ta , núp gầm giường hay sao biết người ta không từ thiện . Mệt mỏi mấy nhà từ thiện online như này thật sự .","[20, 21, 39, 40, 41, 42, 71, 72, 73, 74, 112, 113, 126, 127, 128, 129, 130, 131, 132, 133, 134, 135, 136, 137, 138, 139, 140, 141, 142, 143, 144, 145, 146, 147, 148, 149, 150, 151, 152, 192, 193, 194, 195, 196, 197, 198, 199, 200, 201, 202, 203, 204, 205, 206, 207, 208, 209, 210]"
4130,Cay vl nhỉ kk,"[4, 5]"
4131,Qc cl à đm con yến nguyễn,"[3, 4, 8, 9, 11, 12, 13]"
4132,Nó cố ý hay vô tình sống tới giờ vậy,"[0, 1, 2, 3, 4, 5, 6, 7, 8, 9, 10, 11, 12, 13, 14, 15, 16, 17, 18, 19, 20, 21, 22, 23, 24, 25, 26, 27, 28, 29, 30, 31]"
4133,Tin tưởng 😂😂😂,[]
4134,Nhìn gớm và tởm vậy,"[5, 6, 7, 12, 13, 14]"
4135,Chu Hoài tay hơi cứng,[]
4136,Đùa nản vl thề,"[4, 5, 6, 7, 8, 9]"
4137,Xạo lồng quá mầy ơi,"[0, 1, 2, 3, 4, 5, 6, 7, 13, 14, 15]"
4138,Đúng là ông bà có câu nhất lé quả không sai 🤔🤔🤔 khẩu nghiệp quá già ăn nói tục tĩu mất dạy quá. Tao là kinh cái thể loại này lắm nè. Nổ và láo .🤥🤥🤥🤥,"[27, 28, 48, 49, 50, 51, 52, 53, 54, 55, 56, 57, 58, 64, 65, 66, 75, 76, 77, 78, 79, 80, 81, 83, 84, 85, 86, 87, 88, 89, 96, 97, 98, 103, 104, 105, 106, 108, 109, 110, 111, 112, 113, 114, 115, 116, 117, 118, 119, 120, 121, 122, 123, 133, 134, 135, 136, 137, 138, 139, 140, 141]"
4139,"coi mà cười muốn  xĩu , dễ thương hết sức",[]
4140,Cái mặt con bò biểu cảm vãi haha.... đhs tự nhiên thèm thịt bò khô,"[24, 25, 26, 37, 38, 39]"
4141,Mệt vl =)),"[4, 5]"
4142,Nghe có vẻ giống 5cm/s khoảng cách địa lý :((,[]
4143,Xl,"[0, 1]"
4144,@Le Dat tr tr khi mình muốn tán mà có đứa thả thính gắt hơn hahah,[]
4145,I <3 Đà Nẵng,[]
4146,Bị ngáo cứt lợn 🐷,"[3, 4, 5, 6, 7, 8, 9, 10, 11, 12, 13, 14]"
4147,Ăn con bờ lu cũng ko xong. Thầy ơi là thầy,[]
4148,Tao nghĩ con Nhung nó ko những lây nhiễm virus mà nó còn lây nhiễm sự khuyết tật về não và ý thức như buồ.i,"[0, 1, 2, 9, 10, 11, 19, 20, 50, 51, 70, 71, 72, 73, 74, 75, 76, 77, 78, 79, 80, 81, 82, 83, 84, 85, 86, 91, 92, 93, 94, 95, 96, 97, 98, 99, 100, 101, 102, 103, 104, 105, 106]"
4149,Bát mì của anh chắc em tích tiền ăn sáng 3 năm mới đủ =]],[]
4150,Nếu các bạn nói chuyện đàng hoàng với Linda em ấy sẽ đàng hoàng lại với bạn thôi.,[]
4151,@Tủn 3K  hàng f1 😂😂 hàng fake loại 1 thì nói đại đi 😂😂,[]
4152,Kon mẹ nó riết tụi công an này nó điên rồi,"[0, 1, 2, 3, 4, 5, 6, 7, 8, 15, 16, 17, 31, 32, 34, 35, 36, 37]"
4153,Chac bj dua mat day nao hach nich dang linh tinh thoi..chu dua nao ma ngu hon ca cho moi sua ra cau nay...,"[12, 13, 14, 15, 16, 17, 18, 70, 71, 72, 73, 74, 75, 76, 77, 78, 79, 80, 81, 82, 83, 89, 90, 91]"
4154,Văn Nguyễn thiệt  mua về 2 chai.h vứt nè,[]
4155,Con ho ly tinh nay o tha thu duoc,"[0, 1, 2, 3, 4, 5, 6, 7, 8, 9, 10, 11, 12, 13]"
4156,Dương Hoàng xin link để đạp vào mõm chúng nó bạn,"[24, 25, 26, 32, 33, 34, 36, 37, 38, 39, 40, 41, 42, 43]"
4157,Nản ba gà thật sự,"[0, 1, 2]"
4158,Yes yes yes =))),[]
4159,Thôi chị ơi em cũng không biết ai trúng ai say,[]
4160,Dạng háng chứ đâu,"[0, 1, 2, 3, 4, 5, 6, 7, 8]"
4161,Chắc RF quất thêm dăm ba cái top 1 bên Thái bên Đức nữa em vẫn chưa có người yêu 😞,[]
4162,"ko tiện ra tay, mướn giang hồ trà trộn zô đàn áp :))",[]
4163,Cạn cmn lời ạ🙂,"[0, 1, 2, 3, 4, 5, 6, 7, 8, 9, 10]"
4164,Đúng như vậy và nên như vậy,[]
4165,Bà này nói có phân k đúng lắm,[]
4166,Hôm bữa có tú probuild nay có aba probuild,[]
4167,Thiếu nốt cái live là anh chăng khác gì bọn cô rê an,"[40, 41, 42, 43, 44, 45, 46, 47, 48, 49, 50, 51]"
4168,Mới nhìn tưởng cs Cẩm Ly kg àh☺️,[]
4169,chết con ỉ ẹ thầy vs em :)),"[0, 1, 2, 3, 4, 5, 6, 7, 8, 9, 10, 11]"
4170,Cứ để Sông Tô Lịch thối như thế thì các nhà lãnh đạo mới có cớ vẽ ra dự án xử lý này nọ rút ruột ngân sách chứ làm sạch đi rồi họ lấy gì ăn ?! Chuyện ồn ào tranh chấp phá hoại các công trình thử nghiệm của người Nhật cũng là điều dễ hiểu mà.,"[19, 20, 21, 22, 63, 64, 65, 66, 67, 68, 69, 70, 71, 72, 73, 88, 89, 90, 91, 92, 93, 94, 95, 150, 151, 152, 153, 154, 155, 156, 157, 158, 159, 160, 161, 162, 163, 164, 165, 167, 168, 169, 170, 171, 172, 173, 174]"
4171,Thương Cô Quá,[]
4172,Emm Hà Hót lắm đấy 😂😂,[]
4173,Vì tổ quốc xã hội chủ nghĩa.,[]
4174,vừa hôm trc nhận bằng khen Teacher of the Year của Bộ GD 💙 Yêu Thầy,[]
4175,Làm chuyện ruồi bu...diễn éo sâu!,"[0, 1, 2, 3, 4, 5, 6, 7, 8, 9, 10, 11, 12, 13, 14, 15, 16, 17, 21, 22, 23, 24, 25, 26, 27, 28, 29, 30, 31]"
4176,Thầy be trình hơn Khan nka mn :3,[]
4177,Cường Nguyễn bọn nó còn lấy cái ngón chỏ xỏ vào làm gì ý.mà xỏ xong cả lũ cười.đéo hiểu,"[79, 80, 81]"
4178,"Mấy anh chị em đẹp trai xinh gái vào like giúp em ạ, em cám ơn nhiều ❤",[]
4179,Anh Thư mấy lần đag bú cho chồng c cũng hay cười dị á 🙂 cái giờ c thèm ổng đ’ cho c bú nữa 😭,"[20, 21, 75, 76, 84, 85]"
4180,Thầy tôi,[]
4181,"Trần Lâm vậy bác sĩ bên đó ngu quá, biết đang dịch vậy mà vẫn cầm ống hút đi lấy máu 😌","[27, 28, 29]"
4182,con chó phải không,"[4, 5, 6]"
4183,Hưng Phạm khi nào nó trao ta,[]
4184,Đang  dịch  mà  chị  iu,[]
4185,Ớ,[]
4186,Trào lưu bà Cô lên giá 🤣🤣,[]
4187,Fan Mềm đâu vào điểm danh rồi tự an ủi nhau đi mấy thằng lol :((,"[47, 48, 49, 50, 51, 52, 53, 54, 55, 56, 57, 58, 59]"
4188,😂😂,[]
4189,Xàm quá,"[0, 1, 2]"
4190,Chau de thuong qua,[]
4191,Cuoiis cùng ko ra cái méo gì vợ táng cho sml,"[12, 13, 14, 15, 16, 17, 18, 19, 20, 21, 22, 23, 24, 25, 26, 27, 32, 33, 34, 35, 41, 42, 43]"
4192,Nhà linh ở Hậu giang.khong phải ở Sài Gòn.,[]
4193,Quận gò vấp tỉnh gia định. 🤣 Có gì đó sai sai,[]
4194,ok các cháu,[]
4195,#HỖ_TRỢ_KINH_DOANH_ONLINE,[]
4196,"Huyền Trang, Thảo Sọt, Phạm Quang Tuyến",[]
4197,Doanh nghiệp thì cũng là dân. Nói chính xác là lấy đất của người này giao cho người khác . Và quan chức được hưởng lợi từ chênh lệch giá đất cực khủng. Đó chính xác là sự cướp bóc.,"[171, 172, 173, 174, 175, 176, 177, 178]"
4198,Trần Sinh Đức suy nghĩ như đầu buồi,"[27, 28, 29, 30, 31, 32, 33, 34]"
4199,"Kể cả thế, bh báo chính thống đưa, thứ bộ trưởng phát biểu mới tin",[]
4200,Xe hơi say cm 😂,"[11, 12]"
4201,Chiếc khăn gió ấm,[]
4202,Đéo hiểu kiểu j 😐,"[0, 1, 2]"
4203,Cái mỏ lồn,"[4, 5, 7, 8, 9]"
4204,Gọi là phản động ba que thì lôi mấy cái ảnh của Vịt Tần ra chối :)) xong bây h lôi mẫy cái hình ra diễu cợt trong khi biển số xanh là xe như thế nào được ưu tiên như thế nào cũng đéo biết :)) ngu vcl,"[7, 8, 9, 10, 11, 12, 13, 14, 15, 17, 18, 19, 20, 21, 22, 48, 49, 50, 51, 52, 53, 54, 99, 100, 101, 102, 103, 104, 105, 106, 179, 180, 181, 192, 193, 194, 195, 196, 197, 198]"
4205,T ghét bây giờ quá. Muốn vỡ ko đc,[]
4206,E mua bay vs bàn xoa rồi sếp ơi. Tổng hết 100k. Chát quá,[]
4207,có nghe tộc trưởng nói không.. đợi cái loz,"[39, 40, 41]"
4208,Long Nguyễn chúng nó mở mồm ra là miền này miền kia nhưng thật ra cũng bẩn bỏ mẹ ra.,"[12, 13, 14, 15, 16, 17, 18, 19, 21, 22, 23, 24, 25, 26, 71, 72, 73, 74, 75, 76, 77, 78, 79]"
4209,Nghe các thánh cmt mà muốn cmt quá,[]
4210,Tôi hết sức quan ngại về chn này..dm..tôi ngày cứ quan ngại,"[34, 35, 38, 39, 40, 41, 42, 43, 44, 45]"
4211,Đó là lí do Việt Nam ko thể phát triển lên đc,[]
4212,Em sẽ chờ súprai kênh mới của thầy... Yêu thầy :(((((((,[]
4213,cô Ba có râu ha ha,[]
4214,Đồ ngon đấy =))),[]
4215,cô tôi hehee,[]
4216,"Ơ, vnexpress cũng tương cho 1 bài à. Ô nhiễm là ô nhiễm thế nào, đồ phản động, đất nước yên bình.môi trường sạch đẹp nhé 😂😜","[68, 69, 70, 71, 72, 73, 74, 75, 76, 79, 80, 81, 82, 83, 84, 85, 86, 87, 88, 89, 90, 91, 92, 93, 94, 95, 96, 97, 98, 99, 100, 101, 102, 103, 104, 105, 106, 107, 108, 109, 110, 111, 112, 113, 114, 115, 116, 117, 118, 119]"
4217,Chống dịch cùng chị gái này,[]
4218,Vậy đó hả :))),[]
4219,Đụ má luôn tụi DLV vào chống chế nha hôn!,"[0, 1, 2, 3, 4, 11, 12, 13, 14, 15, 16, 17, 23, 24, 25, 26, 27, 28, 29, 30, 31]"
4220,Đáng lẽ nhà nước tong chúng nó ra đảo hết mới phải. Mang tiền đi du lịch rồi mang virut báo hại nhà nước,"[17, 18, 19, 20, 21, 22, 23, 24, 25, 26, 27, 28, 29, 30, 31, 32, 33, 34, 35, 36, 88, 89, 90, 91, 92, 93, 94]"
4221,Huyền thoại Runeterra,[]
4222,cút luôn hộ cái:)),"[0, 1, 2]"
4223,Khóc con cak:)),"[5, 6, 7, 8, 9, 10, 11]"
4224,Tuấn Nguyễn chúng tôi đánh giá rất cao trình độ nấu ăn của b,[]
4225,Dell hiểu cười méo j,"[0, 1, 2, 3, 15, 16, 17]"
4226,Chúc mừng bà và chia buồn cùng dân đen,"[31, 32, 33, 34, 35, 36, 37]"
4227,"vẫn biết là cái gì cũng không thể tuyệt đối được , nhưng nói như vậy hoá ra người ta mổ chết là do thiếu may mắn à . địt mịa chúng nó nữa , làm đéo có trách nhiện gì cả , mổ thì chết người , tiêm phòng trẻ em cũng vậy . ... định trốn tránh trách nhiệm đến bao giờ . bảo sao người nhà hành hung bác sĩ . làm ăn tắc trách vậy bố thằng nào chịu được","[88, 89, 90, 91, 117, 118, 119, 120, 121, 122, 123, 124, 125, 126, 127, 128, 129, 130, 131, 132, 144, 145, 146, 178, 179, 180, 181, 284, 285, 286, 287, 288, 289, 290, 291, 292, 310, 311, 312, 313, 314, 315, 316, 317, 318, 324, 325, 326, 327, 328, 329, 330, 331, 332, 333, 334, 335]"
4228,Chị chử là để cứu nhân độ thế nha mấy đứa,[]
4229,lương tâm liệu có còn không khi mọi thứ phải quy định ra bằng tiền,[]
4230,cml,"[0, 1, 2]"
4231,Tác hại của việc hút thuốc lào là đây,[]
4232,ói,"[0, 1]"
4233,Tàu khựa tao thù đục nước,"[0, 1, 2, 3, 4, 5, 6, 7, 9, 10, 11, 13, 14, 15, 17, 18, 19]"
4234,Uã.. tuõng su phu đi rùi ..xin chia buòn,[]
4235,thay im me mom di,"[8, 9, 10, 11, 12, 13]"
4236,"Beng beng :""))",[]
4237,Cứ như mấy ông trại tâm thần nghịch kiến ấy nhỉ,"[3, 4, 5, 6, 7, 8, 9, 10, 11, 12, 13, 14, 15, 16, 17, 18, 19, 20, 21, 22, 23, 24, 25, 26, 27, 28, 29, 30, 31, 32, 33, 34, 35, 36, 37, 38, 39]"
4238,Khổ thân a. Nhìn mặt a e thấy ngột ngạt r á,[]
4239,Trần Trung Tín vãi lồn kkk,"[15, 16, 17, 18, 19, 20, 21]"
4240,"Nếu vậy lên báo chí nhỉ, sao ko ém luôn?? Ở Anh hay Mỹ cũng có mấy ông nội vì lợi ích cá nhân mà ảnh hưởng người dân, sao thằng chó ad này ko bảo COCC?? Hay thằng ad này phản động theo thằng Mỹ","[32, 33, 67, 68, 69, 70, 71, 72, 73, 122, 123, 124, 125, 126, 127, 128, 129, 130, 146, 147, 148, 149, 157, 158, 159, 160, 161, 170, 171, 172, 173, 174, 175, 176, 177, 178, 185, 186, 187, 188, 189]"
4241,Cực kỳ thuyết con mẹ nó phục :)),"[14, 15, 16, 17, 18, 19, 20, 21, 22]"
4242,Cái con Hoàng Lệ làm j dc j cho đồng bào mà lên tiếng! Ng ta làm việc tốt ko ai trả lương! Dù có động cơ j chăng nữa cũng chưa đến lượt mày lên tiếng! Cái loại ngồi Một chỗ phán xét người khác! Ăn hại,"[4, 5, 6, 136, 137, 138, 155, 156, 157, 158, 159, 160, 161, 162, 163, 164, 165, 166, 167, 168, 169, 170, 171, 172, 173, 174, 175, 176, 177, 178, 179, 180, 181, 182, 183, 184, 185, 186, 187, 188, 189, 190, 191, 194, 195, 196, 197, 198, 199]"
4243,Đunh rôi thấyvai miêng no nhu cai L bi sung,"[23, 24, 34]"
4244,Chỗ này đit phải chỗ gạ địt nhé hahhahah.,"[8, 9, 10, 21, 22, 23, 24, 25, 26]"
4245,Khác gì bọn zom đâu,"[8, 9, 10]"
4246,"tuổi tre vn chỉ chờ cơ hội để loã thể , mất phẩm giá con người , tuổi trẻ vn bây giờ chỉ muốn làm thú , thờ ơ tất cả mọi thứ , nước mất nhà tan cho tụi bây tha hồ ở chuồng làm nô lệ cho tàu cộng , uổng công cha mẹ","[30, 31, 32, 33, 34, 35, 36, 98, 99, 100, 127, 128, 129, 130, 131, 132, 133, 134, 135, 136, 137, 138, 139, 140, 141, 142, 148, 149, 150, 151, 152, 153, 154, 163, 164, 165, 166, 167, 168, 169, 170, 176, 177, 178, 179, 180, 186, 187, 188, 189, 190, 191, 192, 193]"
4247,nhism :))),[]
4248,"Biến đi bạn ơi, chảnh chỗ nào vậy? Ghê cái gì?","[0, 1, 2, 3, 4, 5, 6, 16, 17, 18, 19, 20, 35, 36, 37]"
4249,"THP sai thì tẩy chay, còn tml này cũng hay ho đ' gì, nó mà ko bị kiện thì cũng ngậm tiền rồi kệ con mệ tất cả bọn mày uống nước đái ruồi , bênh ngu vlllll","[26, 27, 28, 46, 53, 54, 59, 60, 61, 62, 63, 64, 65, 66, 67, 68, 69, 70, 71, 72, 73, 74, 75, 76, 77, 78, 79, 80, 81, 82, 83, 84, 85, 86, 87, 96, 97, 98, 99, 100, 101, 114, 115, 116, 118, 119, 120, 121, 122, 123, 124, 125, 126, 127, 128, 129, 130, 131, 132, 133, 134, 135, 144, 145, 146, 147, 148, 149, 150, 151, 152, 153]"
4250,Phạm Vũ thật hài hước😓,[]
4251,Video Thú vị Bảy miếng đất,[]
4252,Chuc ong tran dan nhieu suc khoe,[]
4253,Mung qa,[]
4254,Nguyễn Đặng Thủy Tiên đây,[]
4255,Quốc Thắng ơ bắt bạn phải vào tl cmt của tớ à ơ lạlol ghê,"[50, 51, 52]"
4256,Cầu Giấy cách 30km cơ,[]
4257,Bình Minh =))),[]
4258,Năm mới zui zẽ :v,[]
4259,Đấy Ông già xạo l*n của các bạn được tắm bồn Thái Lan đấy=))),"[12, 13, 14, 15, 16, 17, 18]"
4260,Tiền của TAO. Phắc!,"[9, 10, 11, 14, 15, 16, 17]"
4261,ỳe ỳe ỳe :33,[]
4262,Lữ Văn Thánh như 1 con bò 🐂 thuyết phục clmm,"[17, 18, 19, 20, 21, 22, 23, 24, 25, 26, 40, 41, 42, 43]"
4263,Đúng quần què,"[5, 6, 7, 8, 9, 10, 11, 12]"
4264,Minh Tuấn Nguyễn Bạn cứ thản nhiên ấy nhỉ kkk 🙏😑,[]
4265,Lê Quang Trường đi sớm lên,[]
4266,"Khúc ruột ngàn dặm :)), rồi mấy anh chị thành viên trong cái hội ấy đưa con cháu, gia đình dòng họ qua ở chung với cái tụi đu càng thế mới vui :))","[119, 120, 121, 122, 123, 124, 125, 126, 127, 128, 129]"
4267,Tóm lại là chửi nhau phải có văn hoá 😂😂😂👏🏻👏🏻 e thích page rồi đấy 😂😂,[]
4268,"Hết anh Chung,HN lại tự hào thêm vụ y đức của chị Tiến ruồi_Bệnh viện đa khoa Xanh Pôn gian lận kết quả,bớt xén vật tư khi xét nghiệm HIV & viêm gan B cho bệnh nhân","[55, 56, 57, 58, 87, 88, 89, 90, 91, 92, 93, 94, 104, 105, 106, 107, 108, 109, 110]"
4269,Quần hungchim :v,[]
4270,Mat day bg chui toi  bát ký  coi chung may ng do di tim may do song ko yên dau,"[0, 1, 2, 3, 4, 5, 6, 11, 12, 13, 14, 33, 34, 35, 36, 37, 38, 39, 40, 41, 56, 57, 58, 63, 64, 65, 66, 67, 68, 69, 70, 71, 72, 73, 74, 75, 76, 77]"
4271,Thằng đầu bò,"[0, 1, 2, 3, 4, 5, 6, 7, 8, 9, 10, 11]"
4272,Con linh cá lóc xấu người lại xấu nết chưa ai có cái mồm xấu như con đó,"[0, 1, 2, 65, 66, 67]"
4273,Đúng là Nhật cái gì cũng xịn ý thức rách cũng cho xịn hơn VN :)),"[29, 30, 31, 32, 33, 34, 35, 36, 37, 38, 39]"
4274,Nhục chưa? Sở DL HN còn hay giải tán rồi mà dân gọi cả ngày mà ko LH được là sao?,"[0, 1, 2, 3]"
4275,"@Tiktok Official r Minh Hiếu làm gì mà chửi hả con thiểu năng, có não ko bt suy nghĩ ak, chưa chắc gì mấy đứa ghép hình nó vs MH là fan của MH","[39, 40, 41, 42, 47, 48, 49, 50, 51, 52, 53, 54, 55, 56, 57, 58, 59, 60, 63, 64, 65, 66, 67, 68, 69, 70, 71, 72, 73, 74, 75, 76, 77, 78, 79, 80, 81, 82, 83, 106, 107, 108, 120, 121]"
4276,Gửi mấy bé sống nhanh vs sống chậm,[]
4277,"Dịt mẹ đéo báo cong an bắt mẹ đi họp bàn cái lồng,mẹ đi xe buyt mà éo bảo vệ dc khách hàng","[0, 1, 2, 3, 4, 5, 7, 8, 9, 27, 28, 45, 46, 47, 48, 50, 51, 67, 68]"
4278,Chib3 nay chet ko co nham mat,"[10, 11, 12, 13]"
4279,✪ 𝗤𝘂𝗮̉𝗻 𝗹𝗶́ 𝗳𝗮𝗻 𝗰𝘂̛́𝗻𝗴 !❤,[]
4280,Hello vietnam toi yeu! Chi Kim oi ca Nha khoe ha chi,[]
4281,"giờ đi xklđ cũng phải đóng bhxh nha, đảng ta tốt bụng lắm, lo cả cho lao động ở nước ngoài, đkm :v","[92, 93, 94]"
4282,Trời đất dung hoa,[]
4283,Thế này thì chịu rồi abee ơiiiii,[]
4284,Phương Trang dạ chiều nay tớ cũng mới xem thời sự rồi ạ😅.,[]
4285,"chắc sắp tới bóng cười được đại chúng xã hội hoá ! khí vừa sạch, ai ai cũng cầm quả bóng tung tăng vui tươi .... quan trọng là ai cũng cười ngặt ngẹo trông rất là hạnh phúc và lạc quan ! đúng tin thần của đảng và nhà nước !","[13, 14, 15, 16, 17, 18, 19, 20, 21]"
4286,chặt cuu,"[0, 1, 2, 3, 4, 5, 6, 7]"
4287,chị yeu chị rât là xinh 🌹,[]
4288,Ko cần hoa ko cần quà chỉ 1 lời chúc đủ làm ta thấy vui,[]
4289,Bệnh nhân nhận máu be like :,[]
4290,A ơi a đi chơi chỗ nào Hạ Long. Cho e đến xin kiểu ảnh được không a,[]
4291,Nguyễn Đức bạn là chó. Cũng là món ăn,"[18, 19, 20]"
4292,Viêt nam ta cùng chung tay sē chiên thä ng,[]
4293,Ông này khùng huhu 😩😩😩😩😩,"[8, 9, 10, 11, 12]"
4294,nhân kiểu tày,[]
4295,Đức Mạnh Chu ok nha bạn,[]
4296,"Z cho tui xin 20 trieu dj ,de tui dj cho tu thien ,sdt 0989003524",[]
4297,Hẹn gặp ông Trần Dần vào năm 2022. Hi,[]
4298,Nguyễn Minh Thu chếtluondi,"[16, 17, 18, 19, 20, 21, 22, 23, 24, 25]"
4299,Diễn viên suất xuất nhất giải còn gì,[]
4300,Khoá Việt-Tiệp đây ạ .khắc việt khoá mõm khắc tiệp mại dô mại dô 😂😂😂,"[32, 33, 34, 35, 36, 37, 38, 39]"
4301,Cực kỳ thuyết phục !,[]
4302,nghe giọng k hay bằng trước . Đề nghị bác độ để giọng cute khác đi .,[]
4303,"Tại kỉ năng xạo loz của thầy tăng lên , nên học sinh chăm chỉ hơn á thầy 😁","[12, 13, 14, 15, 16, 17, 18]"
4304,"Hi vọng bác không bị ""nhiễm phóng xạ"" như bác Thanh.","[22, 23, 24, 25, 26, 27, 28, 29, 30, 31, 32, 33, 34, 35]"
4305,Kh nghi hau qua ve sao luon ne..chui cho suong mieng di roi hau qua se ap den chi ne..,"[32, 33, 34, 35, 60, 61, 62, 63, 64, 65, 66, 67, 68, 69, 70, 71, 72, 73, 74, 75, 76]"
4306,Bảo My add cái coi😒,[]
4307,Hồ Quốc Tiến xin ảnh gốc,[]
4308,Nghe giọng nứkg quá Abe :)),"[11, 12, 13, 14]"
4309,sao hồi lần chị chị em em bây h tan rã rồi,[]
4310,"Ê chó ad. Nó nói chất độc ko thể ăn được có gì sai à? Chỉ cái lủ chó như...cha mẹ mày chẳng hạn, trộn chất độc vào để tăng lợi nhuận rồi kéo theo việc hại dân thui nhé","[2, 3, 4, 5, 11, 12, 13, 74, 75, 76, 77, 78, 79, 80, 81, 82, 83, 84, 85, 86, 87, 88, 89, 90, 91, 92, 93, 94, 95, 96, 97, 98, 99, 100, 115, 116, 117, 118, 119, 120, 121, 122, 123, 124, 125, 126, 127, 128, 129, 130, 131, 132, 133, 134, 135, 136, 137, 138, 139, 140, 141, 142, 143, 144, 145, 146, 147, 148, 149, 150, 151, 152, 153, 154, 155, 156, 179, 180, 181, 182]"
4311,Cổ động viên quảng ninh nhưng rất thích chất cổ động viên hải phòng💐,[]
4312,Lại sủa,"[4, 5, 6]"
4313,Anh tôi đẹp trai rồi nhé :)),[]
4314,mắt lé mà cứ làm duyên muốn nôn ghê :v :)))))))))))) chốt đơn chốt đơn chốt đơn :))))))),[]
4315,Lan Hoa nói như mày vậy là cả trường đạo nhái tao rồi ai cũng mặc đồ giống tao hết 🙂,"[16, 17, 18, 37, 38, 39, 40, 41, 42, 43, 44, 46, 47, 48, 75, 76, 77]"
4316,Vậy là anh muốn vô quan tài ở hả,"[16, 17, 18, 19, 20, 21, 22, 23, 24, 25, 26, 27, 28]"
4317,mả cha mấy thằng ăn bánh mì,"[0, 1, 2, 3, 4, 5, 11, 12, 13, 14, 15]"
4318,"Khau nghiep khong chi doc Ma con ac ,day la tinh cach cua con nguoi hay Sao ,,  ???","[0, 1, 2, 3, 4, 5, 6, 7, 8, 9, 10, 22, 23, 24, 33, 34]"
4319,Chị vui hóa,[]
4320,Công nhận !,[]
4321,clm =((,"[0, 1, 2]"
4322,"chán ghê hong có pé 2 mới máu được, hâhha",[]
4323,nói làm lồn gì để rồi bị chửi =)),"[8, 9, 10]"
4324,Nhưng cái thứ dóc láo dù đem cả gia tài ( ko bk có hay là sạo ) cũng méo có ai chứng đức cko đâu,"[14, 15, 16, 17, 18, 19, 20, 58, 59, 60, 69, 70, 71]"
4325,Oke anh trung,[]
4326,Dân play Cao Bằng nhộm hair :)),[]
4327,Tuk :)),[]
4328,Mai Ánh Thi có nha em ơi ibx nha,[]
4329,Ko giống con giáp nào,"[0, 1, 2, 3, 4, 5, 6, 7, 8, 9, 10, 11, 12, 13, 14, 15, 16, 17, 18, 19, 20]"
4330,"TranTuan Khoi Tran muốn chụp hông :), rủ bạn gì đó chụp",[]
4331,"Cai lol me tui may nhìn đi , tui mày nhin cho ki anh ba chỉ làm dc một lần nv thôi , dc chưa , cđm tui mày","[0, 1, 2, 3, 4, 5, 6, 7, 8, 9, 10, 11, 12, 13, 14, 15, 16, 17, 29, 30, 31, 32, 33, 34, 35, 95, 96, 97, 98, 99, 100, 101, 102, 103, 104, 105]"
4332,"Mình là dân xem bóng đá đơn thuần, cổ vũ đội tuyển và cực ghét tụi xàm trên khán đài toàn đưa ảnh ng chết lên!",[]
4333,Thật là hp :))),[]
4334,Thối nát quá r!!!!!!!!!!!!,"[0, 1, 2, 3, 4, 5, 6, 7]"
4335,Thấy cưng haha,[]
4336,Chính sách ngu dân ngày càng hiệu quả,"[11, 12, 13, 14, 15, 16, 17]"
4337,Con trai làm trưởng phòng kế toán nữa thì quả là một dân tộc Hạnh Fúck,"[66, 67, 68, 69]"
4338,2 em rat xinh dep qua tuyet voi.,[]
4339,hư cấu quá,[]
4340,Chẳng caption đụng chạm tới lòng tự trọng của thằng trộm vặt thớt ấy mà,"[54, 55, 56, 57, 58, 59, 60, 61, 62, 63, 64, 65, 66, 67, 68, 69, 70]"
4341,macro toàn bản đồ :)),[]
4342,Hai em đẹp quá,[]
4343,Thầy ơi em để ý thấy tiểu tiểu giống vị tướng này <3,[]
4344,🤦🤦🤦,[]
4345,Toàn ngu muội. Đi ra đó mà đánh đi.,"[5, 6, 7, 8, 9, 10, 11, 12]"
4346,"Đấy, người cá đấy :v",[]
4347,Hợp lý :3,[]
4348,Chuẩn thế nhở 🤪,[]
4349,Vũ Hà chiếc pút hư hỏng,[]
4350,Hít hà,[]
4351,"đất nước mình như tảng băng chìm. Loạn lạc quá! ba mẹ đi làm quần quật kiếm tiền , các thuế phí xăng thì tăng vùn vụt mà lương thì không thấy tăng, con cái đi học thì bị bảo vệ/ thầy ..bạo hành, lạm dụng td. Bị phát","[21, 22, 23, 24, 25, 26, 27, 28, 29, 30, 31, 32, 33, 34, 35, 36, 39, 40, 41, 42, 43, 44, 45, 46, 47, 48, 215, 216, 217, 218, 219, 220, 221, 222, 223, 224, 225, 226, 227, 228, 229, 230, 231, 232, 233, 234, 235, 236, 237, 238, 239]"
4352,Hãy tỏ ra là não mình không phẳng đi các bạn.,[]
4353,Vn mjnh qua nhjeu luat an tien dan...😪,"[18, 19, 20, 21, 22, 23, 24, 25, 26, 27, 28, 29, 30, 31, 32, 33]"
4354,Em chào chị.. chị xinh quá .. thương chị quá...,[]
4355,Hoặc do xe vinfast dễ gây tai nạn cho các xe khác khi cùng lưu thông; Hoặc chính quyền dùng quyền lực xoá lợi ích người dân để phục vụ cho lợi ích nhóm?,"[26, 27, 28, 29, 30, 31, 32]"
4356,Cô bảo là cô hiền lắm đó nha~,[]
4357,Xạo lol hk có j vui chúg ta hk nên xạo lol,"[0, 1, 2, 3, 4, 5, 6, 35, 36, 37, 38, 39, 40, 41]"
4358,Thí con chốt,[]
4359,Yeu nhau ko bao giờ được dụ nha anh . Nhưng mà phải Liếm lôn nha a 🤣🤣🤣🤣🤣🤣,"[57, 58, 59]"
4360,"Chị Ba đã lên sóng, hóng chi Ba🥰🥰",[]
4361,Phản cảm quá,[]
4362,Thứ bóng dơ,"[0, 1, 2, 3, 4, 5, 6, 7, 8, 9, 10]"
4363,trán ngắn tóc dài mồm lai trung cuốc.,"[0, 1, 2, 3, 4, 5, 6, 7, 8, 9, 10, 11, 12, 13, 14, 15, 16, 18, 19, 20, 21, 22, 23, 24, 25, 26, 27, 28, 29, 30, 31, 32, 33, 34, 35]"
4364,Quan chức lương thì cũng như ta thôi. Nhưng ng nào ng nấy khi lên làm quan toàn nhà lầu xe hơi. Lạ.,[]
4365,Hai thằng mặt ng dạ thú tụi mày sẻ bị quả báo.,"[4, 5, 6, 7, 8, 10, 11, 12, 13, 14, 15, 16, 17, 18, 19, 20, 21, 22, 38, 39, 40, 41, 42, 43, 44]"
4366,Vaidai,"[0, 1, 2, 3, 4, 5]"
4367,Hà Nguyễn,[]
4368,Con so bên nào vậy,[]
4369,sang năm mới mong anh bớt hí nha,[]
4370,"Hoan hô chú bộ đội đánh mỹ tài ghê , tàu bay mỹ chú bắn cho tan tành 😂😂 sau khi đánh mỹ thì nó thế này đây","[19, 20, 21, 22, 52, 53, 54, 80, 81, 82, 83]"
4371,Bao giờ chết,"[8, 9, 10, 11]"
4372,Huy Engraving xin video bạn đẹp trai ơi,[]
4373,Hồ Nguyễn Quốc Phú sủa ít thôi,"[19, 20, 21]"
4374,Anh Trung tele :)),[]
4375,Chỉ muốn mãi mãi giống như đứa trẻ con k phải lo toan k phải suy nghĩ,[]
4376,Chả hiểu cái mẹ gì luôn,"[13, 14]"
4377,Địt mẹ các bạn ý. Cười rụng con mẹ nó mồm rồi.,"[0, 1, 2, 3, 4, 5, 28, 29, 30, 31, 32, 33, 34, 35, 36, 37, 38, 39, 40]"
4378,chất anh ưi,[]
4379,"Hoàng Công Hiếu lỗi thì chưa chắc nhưng đa số sống như lol, đa số thôi","[55, 56, 57]"
4380,2thag ôn con đến cửa hàng xe hơi đòi mua siêu xe.,"[1, 2, 3, 4, 5, 6, 7, 8, 9, 10, 11]"
4381,Đất nước ta chịu nhiều thiệt thòi vì trả qua nhiều cuộc chiến tranh liên miên,[]
4382,ae cài về cùng mình kiếm tiền mỗi ngày kiếm card 20k ai ko hiểu ib mình chỉ cho,[]
4383,Game j thầy oi,[]
4384,Chắc chăn là cá già nên chết,[]
4385,Và chúng ta lại có biển trong đất liền,[]
4386,cái chính quyền như cái lờ,"[20, 21, 22, 23, 24, 25]"
4387,Má nó đau tim vl các ông ạ,"[0, 1, 2, 3, 4, 14, 15]"
4388,"Trần Huỳnh Như rồi nghe nhiều chuyện buồn quá cũng k tốt nha,đang busss cuuu tự nhiên nghĩ đến chuyện buồn xong là khóc ròng rã😅","[66, 67, 68, 69, 70, 71, 72, 73, 74, 75]"
4389,Em thích nhất đoạn đầu😊,[]
4390,Trời ơi thích cô Minh Hiếu dã mang,[]
4391,Sao bác ko đốn cửa tất cả cửa khẩu còn qua lại thì còn dich bệnh có nhiều người vì đồng tiền nên ko biết mình là người hây súc vật đâu bác ơi,"[123, 124, 125, 126, 127, 128, 129]"
4392,Thanks mixigaminh,[]
4393,"bọn dlv hài thật =)) D*t me thằng ăn thuế của dân mà sống thì giúp dân là chuyện đương nhiên và lẽ đương nhiên chúng ta vẫn kính trọng họ , còn người ko ăn thuế , nộp thuế lại tự bỏ tiền túi ra giúp dân thì chúng nó chửi như chó, chúng nó chỉ làm xấu đi hình ảnh người chiến sĩ của chúng nó mà thôi","[0, 1, 2, 3, 4, 5, 6, 21, 22, 23, 24, 25, 26, 28, 29, 30, 31, 32, 33, 34, 35, 36, 37, 38, 39, 40, 41, 42, 43, 44, 45, 46, 47, 48, 153, 154, 155, 156, 157, 158, 159, 207, 208, 209, 210, 211, 212, 213, 214, 216, 217, 218, 219, 225, 226, 227, 230, 231, 232, 233, 234, 235, 236, 237, 247, 248, 249, 282, 283, 284, 285, 286, 287, 288, 289]"
4394,Đấu khẩu - Chim lợn 👍,"[11, 12, 13, 14, 15, 16, 17, 18]"
4395,Cách tốt nhất để thoát Tàu là dân chủ hóa đất nước nhưng lãnh đạo Việt Nam hiện nay lại xa rời dân chủ.,[]
4396,"Uầy, thế mà có cái hội lúc nào cũng ngông ngóng cái lũ đu càng đó gửi tiền về đó, chậc chậc😞","[52, 53, 54, 55, 56, 57, 58, 59, 60, 61]"
4397,Dờ Uy ha ha free ship rồi mà giảm thì lỗ 🤣,[]
4398,Lũ ngu vô học... viết tiêu đề còn sai chính tả.,"[0, 1, 3, 4, 5, 7, 8, 9, 10, 11, 12]"
4399,"Gọi làm gì ? Nó láo thật , nhưng rõ là chửi đúng , thằng kia đúng là ngu mà !","[13, 14, 39, 40, 41, 42, 51, 52, 53, 54, 55, 69, 70, 71]"
4400,chính phủ nidalee vãi Khoa Nay Đã Lớn,"[10, 11, 12, 13, 14, 15, 16, 17, 18, 19, 20]"
4401,Thằng chủ tịch thị trấn lớn phết nhể!,[]
4402,So sánh với bắc triều tiên là biết ngay bản chất của độc tài rồi.,"[60, 61, 62, 63, 64, 65, 66, 67]"
4403,ở Hàn gọi là chiếc lá còn VN là lá chà bồn.,"[32, 33, 34, 35, 36, 37, 38, 39, 40, 41]"
4404,Đàn bà dễ có mấy tay_dinh thự của nữ đội trưởng đội chống buôn lậu,"[0, 1, 2, 3, 4, 5, 6, 7, 8, 9, 10, 11, 12, 13, 14, 15, 16, 17, 18, 19, 20, 21, 22, 23, 24, 25, 26, 27, 28, 29, 30, 31, 32, 33, 34, 35, 36, 37, 38, 39, 40, 41, 42, 43, 44, 45, 46, 47, 48, 49, 50, 51, 52, 53, 54, 55, 56, 57, 58, 59, 60, 61, 62, 63, 64, 65]"
4405,Dân chơi nhìn phát biết ngay tối nay sẽ nở hoa,[]
4406,"Bọn lừa ưa nặng, quen đưa đít cho nhà nc thông rồi ;))","[4, 5, 6, 26, 27, 28, 41, 42, 43, 44, 45]"
4407,Sao mấy stt này ko thấy con chó DLV vào ẳng nhỉ?,"[24, 25, 26, 27, 28, 29, 30, 31, 32, 33, 34, 40, 41, 42]"
4408,"Ông Dần là 3/// nhưng là 3/// zui, khác vs 3/// lol kia","[11, 12, 13, 14, 25, 26, 27, 28, 43, 44, 45, 46, 48, 49, 50]"
4409,T đang nhìn clgv 🙂,"[0, 12, 13, 14, 15]"
4410,Cách ly tại nhà rồi nhaa m.n,[]
4411,kkkk anh tôi,[]
4412,Học trò ngoan,[]
4413,Đcmm đi chết đi:)),"[0, 1, 2, 3, 4, 5, 6, 7, 8, 9, 10, 11, 12, 13, 14]"
4414,🙆🏻‍♀️,[]
4415,Quá trời cái,[]
4416,Túi xách ông Độ,[]
4417,"Coi cười muốn xỉu, cười mà khan cổ họng luôn rồi. 😂",[]
4418,Ý thức như L..,[11]
4419,Nó thích mình nó đã yêu cmm luôn chứ bắt m đợi làm lồn gì. Đợi chỉ là lí do để nó tìm xem có kèo nào ngon hơn không thôi,"[0, 1, 14, 15, 24, 25, 26, 41, 51, 52, 53, 79, 80]"
4420,Anh em yếu sly ib,"[7, 8, 9, 10, 11, 12, 13]"
4421,bạn ấy đã lỗ lực rất tốt,[]
4422,Lỡ rồi múc luôn đi. Mấy ảnh về lấy tiền của dân mua lại =]],"[31, 32, 33, 34, 35, 36, 37, 38, 39, 40, 41, 42, 43, 44, 45, 46, 47, 48, 49, 50, 51, 52, 53, 54]"
4423,E cũng chúc anh chị vs bé tùng có một tuần mới thật là vui vẻ,[]
4424,Đặc điểm nhận dạng người tăng động,[]
4425,thương thầy quá . Nói thế cho gam có động lực ai ngờ :)),[]
4426,Tập hay nhất từ trước tới giờ luôn,[]
4427,em tú ánh sáng :))),[]
4428,ông  ơi  sao một  số người  ở  hải ngoại  suốt,[]
4429,"Coi cai miêng con nho linh loc ,giong nhu cai L bi sung kia ,co minh hiêu chui cho no chú đi","[14, 15, 16, 46, 74, 75, 76, 77, 83, 84]"
4430,Sống chậm thôi cacban:((,[]
4431,"Phục vụ cho cộng sản, mà ko mang lợi cho chúng, những người này kì vọng gì, mong chúng nhân từ đưa ra miếng xương sao","[76, 77, 78, 79, 80, 81, 82, 83, 84, 85, 86, 87, 88, 89, 90, 91, 92, 93, 94, 95, 96, 97, 98, 99, 100, 101, 102, 103, 104, 105, 106, 107, 108, 109, 110, 111, 112]"
4432,chẳng phải thiên đường người ta di chuyển bằng cách cưỡi mây hay sao ? lẽ ra họ chỉ xây cầu bằng xốp thôi.... nhưng vì lương tâm của người kongsan nên họ cho vào thêm bê tông và ít cốt thép đấy ! bà con ở thiên đường cứ học cái tính càm ràm vớ vẫn của bọn giãy chết !,"[71, 72, 73, 74, 75, 76, 77, 78, 79, 80, 81, 82, 83, 84, 85, 86, 87, 88, 89, 90, 91, 92, 93, 94, 95, 96, 97, 98, 99, 100, 101, 102, 103, 104, 105, 106, 107, 108, 109, 110, 111, 112, 113, 114, 115, 116, 117, 118, 119, 120, 121, 122, 123, 124, 125, 126, 127, 128, 129, 130, 131, 132, 133, 134, 135, 136, 137, 138, 139, 140, 141, 142, 143, 144, 145, 146, 147, 148, 149, 150, 151, 152, 153, 154, 155, 156, 157, 158, 159, 160, 161, 162, 163, 164, 165, 166, 167, 168, 169, 170, 171, 172, 173, 174, 175, 176, 177, 178, 179, 180, 181, 182, 183, 184, 185, 186, 187, 188, 196, 197, 198, 199, 200, 201, 202, 203, 204, 205, 206, 207, 208, 209, 210, 211, 212, 213, 214, 215, 216, 217, 218, 219, 220, 221, 222, 223, 224, 225, 226, 227, 228, 229, 230, 231, 232, 233, 234, 235, 236, 237, 238, 239, 240, 241, 242, 243, 244, 245, 246, 247, 248, 249, 250, 251, 252, 253, 254, 255, 256, 257, 258, 259, 260, 261, 262, 263, 264]"
4433,Kkkk,[]
4434,những con sán dây tuyên giáo,"[6, 7, 8, 9, 10, 11, 12, 13, 14, 15, 16]"
4435,Cô hiếu là đẹp nhất 😍,[]
4436,Clm :))),"[0, 1, 2]"
4437,Co ko ma noi vay e.xao vua thoi.chan e con dinh phen vang khe kia ma bay dac no.e ve que e ma no.cho moi nguoi 1000 usd ha.may ngay nay tiem ban giay tien vang bac ngji het roi e.bot no nha,"[19, 20, 21, 48, 49, 50, 51, 52, 53, 54, 55, 56, 57, 58, 59, 60, 69, 70, 71, 72, 73, 74, 75, 77, 78, 94, 95, 183, 184]"
4438,Con 3 vang ngoc mac ao dam giong quy,"[0, 1, 2, 33, 34, 35]"
4439,Trung Minh đã c.bi dụng cụ trang điểm mùa dịch chua,[]
4440,Phạm Hồng Minh anh chỉ có giấy hộ nghèo thôi có cần phải xuất trình ko,[]
4441,Hat nhu lon 🙂,"[8, 9, 10]"
4442,Út Tuyền :))),[]
4443,"quan cs ở xứ thiên đường thuộc bài kinh luôn ,mở mồm là "" ơn đảng ,ơn chính phủ..."" còn thằng quan tư bổn giãy hoài ko chết cũng thuộc bài luôn nhưng bài của nó là "" tôi xin chịu trách nhiệm ,tôi xin từ chức... ""","[49, 50, 51, 88, 89, 90, 91, 92, 106, 107, 108, 109, 119, 120, 121, 122, 158, 159]"
4444,Nghe vô lý nhưng cực kỳ thuyết phục,[]
4445,Becks Tran e cũng như mấy bác trên,[]
4446,Linh Tyny thị chịu =))),[]
4447,Trung ám ảnh,[]
4448,Đang mùa dịch mà chị iu,[]
4449,Hoàng HuyTiến Đạt,[]
4450,Trung ben10,[]
4451,Hán hoá từ từ,"[0, 1, 2, 3, 4, 5, 6]"
4452,Ad não ngắn vl... Đó chỉ là fb giả lợi dụng trường hợp con bé mỹ linh kia để câu like page thôi. Ngu lắm ad ạ!!,"[3, 4, 5, 6, 7, 8, 9, 10, 12, 13, 77, 78, 79, 80, 81, 82, 83, 84, 97, 98, 99]"
4453,Bh nó làm quả múa quạt của cậu bảnh thì còn vl nữa,"[3, 4, 44, 45]"
4454,Con này nó như con hấp ấy,"[0, 1, 2, 8, 9, 15, 16, 17, 18, 19, 20, 21]"
4455,Con linh cá lóc là loại người không tha thứ dc.,"[0, 1, 2, 19, 20, 21, 22, 23, 24, 25, 26, 27, 28, 29, 30, 31, 32, 33, 34, 35, 36, 37, 38, 39, 40, 41, 42]"
4456,Lại cà khịa r a ưiii,[]
4457,ĐÃ BÊ ĐÊ RỒI CÒN BỊ BỆNH XẠO LỒN,"[3, 4, 5, 6, 7, 25, 26, 27, 28, 29, 30, 31]"
4458,Chàng trai yêu thương bộ tộc là bà phù thủy đây ak anh :3,[]
4459,Lao gia KHUNG tien tri cai con C.,"[0, 1, 2, 3, 4, 5, 6, 8, 9, 10, 11, 12, 31]"
4460,Tấc dziêng là cái qq gì dzạ mn,"[18, 19]"
4461,Anh tôi nói cái j cx đúng,[]
4462,Trái tim sao to bằng anh lê bảo bình được ??,[]
4463,"Thương Xiu hãy trao cho anh 25,8 tr sau 24h ừ thì jack đạt kỉ lục mọi thể loại 🙂",[]
4464,Thay vì ở đây xàm lol,"[14, 15, 16, 17, 18, 19, 20]"
4465,Có tiền đi đường quyền =)),[]
4466,Thiên đường xhcn là đây :v,"[0, 1, 2, 3, 4, 5, 6, 7, 8, 9, 10, 11, 12, 13, 14, 15]"
4467,Lên top chỉ qua được ng ta ủng hộ sau vụ việc thg KICM nhạc dell hay chổ nào,"[46, 47, 48, 60, 61, 62, 63]"
4468,khi dân ta ảo tưởng :3,"[11, 12, 13, 14, 15, 16, 17, 18]"
4469,nha` bao viec,[]
4470,Xin hân hạnh giới thiệu nghệ sĩ hài số 1 trong làng esport việt,[]
4471,Con trai cưng của độ thích cắn kẹo hương cam 😂,[]
4472,Đồng quan điểm.,[]
4473,Dành cho các bạn sống chậm,[]
4474,Nhìn giống váy què của chipu,[]
4475,Thương nhất vợ lúc này vất vả thật và nên đỡ họ những lúc họ cần những ng đàn ông như mình bên cạnh,[]
4476,Độ chúc các bạn coi stream vui vẻ :said,[]
4477,"HL sao không chịu đem tấm bằng khen NSƯT ra khè lại đám Cu Vẹm kia vậy cà, dù sao đi nửa tấm bằng khen cũng do đảng và nhà nước cấp cho mà. Còn nếu dám chịu chơi nữa thì diễn kịch với tựa đề đừng tin những gì Cu Vẹm nói, mong ra khi về mỹ có thể xin welfare như lúc ban đầu khi mới tới mỹ diện H.O","[52, 53, 54, 55, 56, 57, 58, 59, 60, 61, 188, 189, 190, 191, 192, 193, 194, 195, 196, 197, 198, 199, 200, 201, 202, 203, 204, 205, 206, 207, 208, 209, 210, 211, 212, 213, 214, 215, 216, 217, 218]"
4478,Yêu cô chu cà mo,[]
4479,Bởi dừa lờ t lắm cho chừa cái tật chơi dọng cha dọng mẹ rồi bị chặt :)))))),"[4, 5, 6, 7, 8, 9, 11, 21, 22, 23, 24, 25, 26, 27, 28, 29, 30, 31, 32, 63, 64, 65, 66]"
4480,Con yêu cô quá ❤❤,[]
4481,Nguyễn Bích Tb sang thì k tiếp nhá c,[]
4482,Chi ba noi dung cho em cai vietheo 200 nha di ba so 0373393999,[]
4483,Cần lắm tiếng nói của 1 dâm loạn viên,"[24, 25, 26, 27, 28, 29, 30, 31, 32, 33, 34, 35, 36]"
4484,Ko bt cô chuyễn giới lun á h mứ bt.cô cy giới lúc mìh 1tuoi 😂😂,[]
4485,Cho mình hỏi nick fb của chị ba là gì thế ạ?,[]
4486,tan nhang bs co tri ko chj,[]
4487,Biết là Nhật cũng có người này người kia nhưng chú bao nhiêu tuổi rồi mà hành động ấu trĩ như thế 😖😖😖,"[83, 84, 85, 86, 87, 88]"
4488,"Làm cái đéo gì thì làm đừng để ng ta nhắc đến VN là gắn với từ ""ăn cắp"" :))","[8, 9, 10, 64, 65, 66, 67, 68, 69]"
4489,chug nao bon quan chuc cs bj lat do thj vn moi co tuong lai,"[9, 10, 11]"
4490,Thằng nào mạnh chẳng muốn ăn thằng khác. VN lúc có quân đội mạnh tí nữa thì nuốt đc thằng Cam kìa :)),"[0, 1, 2, 3, 4, 29, 30, 31, 32, 33, 76, 77, 78, 79, 84, 85, 86, 87, 88]"
4491,Nghe khá hay😂,[]
4492,Tung Nguyen,[]
4493,kệ tổ nhà chúng nó chứ mắc mớ gì thế,"[3, 4, 5, 6, 7, 8, 9, 10, 11, 12, 13, 14, 15, 16, 17]"
4494,Nhớ mẹ quá êy😶,[]
4495,Idol của tui dễ cưng quá!!!,[]
4496,"Trắng biến thành đen , có biến thành ko , ko biến thành có họ còn làm được chứ trắng biến thành xanh là chuyện nhỏ","[0, 1, 2, 3, 4, 5, 6, 7, 8, 9, 10, 11, 12, 13, 14, 15, 16, 17, 18, 19, 23, 24, 25, 26, 27, 28, 29, 30, 31, 32, 33, 34, 35, 36, 37, 38, 42, 43, 44, 45, 46, 47, 48, 49, 50, 51, 52, 53, 54, 55, 56, 57, 79, 80, 81, 82, 83, 84, 85, 86, 87, 88, 89, 90, 91, 92, 93, 94, 95, 96, 97, 98, 99]"
4497,Như 2 giọt nước,[]
4498,Cộng Thành 3 que thất học muôn đời sủa,"[11, 12, 13, 14, 15, 35, 36, 37]"
4499,Cũng muốn làm lắm :)) nó chúng nó bảo t toàn đi cà khịa nên ko ai xem đâu =#),[]
4500,Bạn bị phạt khi chê lãnh đạo kênh kiệu/ngu/cùi bắp ... không phải vì bạn xúc phạm họ mà vì bạn đã lộ bí mật quốc gia.,"[29, 30, 31, 32, 33, 34, 35, 36, 37, 39, 40, 41, 43, 44, 45, 46, 47, 48, 49, 55, 56, 57, 58, 59, 60, 61, 62, 63, 64, 65, 66, 67, 68, 69, 70, 71, 72, 73, 74, 75, 76, 77, 78, 79, 80, 81, 82, 83, 84, 85, 86, 87, 88, 89, 90, 91, 92, 93, 94, 95, 96, 97, 98, 99, 100, 101, 102, 103, 104, 105, 106, 107, 108, 109, 110, 111, 112, 113, 114, 115]"
4501,I love you chu cà mo . Là cho mò cu đó trời mc minh tuân còn lập lại nữa hahaahha,[]
4502,Quần gì ma nhìn vào thấy mất nết dễ sợ,"[25, 26, 27, 28, 29, 30, 31, 36, 37]"
4503,Thằng già kia đứng cười chứ :(,"[0, 1, 2, 3, 4, 5, 6, 7, 8]"
4504,Vậy thì đừng xem 😒,[]
4505,du học sinh úc đâí 🤣🤣,[]
4506,nứng chưa ae,"[0, 1, 2, 3]"
4507,chúc abe được nhiều sub,[]
4508,Abe và sena ko thể ngang nhau được=)),[]
4509,Mấy ông được truyền máu,[]
4510,Chưa cạo râu kìa con bóng Lông xiên,"[17, 18, 19, 20, 21, 22, 23, 24]"
4511,Câu like câu view,[]
4512,Miện giống lôm trâu,"[11, 12, 13]"
4513,Phong cách lợn viên đây.,[]
4514,Đó là 1 câu chuyện bùn)),[]
4515,Chị ba vàng ngọc (xàm lồng kakaka)đó em,"[21, 22, 23, 24, 25, 26, 27, 28, 29, 30]"
4516,@Pham Cuong đmm,"[12, 13, 14]"
4517,@Phương vo nói cl gì z mẹ. Nói mà để ng ta từ chối hiểu hay gì á,"[15, 16, 23, 24, 43, 44, 45, 46, 47, 48, 49, 50, 51, 52, 53, 54]"
4518,Xin video đc ko bạn yêu,[]
4519,Khung qua linh oi tôi sau ma Khung nua,"[0, 1, 2, 3, 4, 29, 30, 31, 32, 33]"
4520,"Thằng vô danh tiểu tốt này chấp nó làm gì, cho vài tệ nói cái đéo gì nó cũng nói, có khi bảo nó chửi bố nó nó cũng chửi. Kệ nó đi! Bao giờ là quan chức hẵng hay !","[0, 1, 2, 3, 4, 5, 6, 7, 8, 9, 10, 11, 12, 13, 14, 15, 16, 17, 18, 19, 20, 21, 32, 33, 62, 63, 64, 69, 70, 96, 97, 98, 99, 104, 105, 107, 108, 115, 116, 117, 118, 124, 125]"
4521,tưởng các bác thế nào 😂😂,[]
4522,ad càng ngày thấy càng ngu thì fải,"[23, 24, 25]"
4523,và để chế độ,[]
4524,fai nói 1 điều mày khóc thuê à ad . sẽ sớm thôi mày sẽ bị dờ gáy,"[15, 16, 17, 48, 49, 50, 55, 56, 57, 58, 59, 60, 61, 62, 63]"
4525,Nó lại dễ vailon,"[0, 1, 10, 11, 12, 13, 14, 15]"
4526,Một người Nga cũng said :,[]
4527,Diện Trần có con rồi mà như thằng trẩu :)),"[28, 29, 30, 31, 32, 33, 34, 35, 36, 37]"
4528,thôi anh im mẹ mồm đi nói nhiều quá,"[9, 10, 11, 12, 13, 14, 15, 16, 17]"
4529,càng tới dịp lễ Tết hay gì đó là càng muốn về nhà chơi với ba mẹ :((,[]
4530,anh nghệ sĩ đánh đàn của 1 công ti nào đó,[]
4531,Hóng gắn lông mi 🙂,[]
4532,Từ lý thuyết đến thực hành là cả 1 câu chuyện dài =)),[]
4533,- không biết gì sao làm bọ chưởng ?,"[24, 25, 26, 27, 28, 29, 30, 31, 32]"
4534,"Đù dại ghê, bọn đấy ngày nào nó cũng lên Phường xiên cho nó 1 cái, đuợc tiếng luôn, vào khám mấy anh chị cũng thương, xiên hết mọi thằng trên Phường luôn cho nó Sum","[0, 1, 3, 4, 5, 29, 30, 48, 49, 50, 51, 52, 53, 54, 55, 56, 57, 58, 59, 60, 61, 62, 63, 64, 118, 119, 120, 121, 131, 132, 133, 134, 135]"
4535,Công an xã là nơi nhiều cái chết bí ẩn nhất,"[28, 29, 30, 31]"
4536,Như nhau thôi😅,[]
4537,Hot girl?? Đáng ra phải là pónk dơ chứ nhỉ???,"[27, 28, 29, 30, 31, 32, 33]"
4538,Mạnh Thắng Trần Nguyễn Đức Hoàng ko đi tơi ở cầu giấy nha :((,[]
4539,toang rồi,[]
4540,bạn biết facebook của chị ý không ạ,[]
4541,anh mình cũng bắt trend nhé =))),[]
4542,Bạn chả có máu hóa văn loz j cã=]],"[4, 5, 6, 7, 8, 9, 10, 11, 12, 13, 14, 15, 16, 17, 18, 19, 20, 21, 22, 23, 24, 25]"
4543,Thối nát.đkmm,"[0, 1, 2, 3, 4, 5, 6, 7, 8, 9, 10, 11, 12]"
4544,Chưa thấy giáo án 24h ngoài đường mô nha thầy.-.,[]
4545,Xin video với broh,[]
4546,Giờ tao thấy hối hận khi vừa nc với 1 con bò,"[4, 5, 6, 38, 39, 40, 41, 42, 43]"
4547,chi phi cong trinh bj bon no cat xen chia chat voi nhau het roi.tien lam cong trinh rat thap lam sao co chat luong.,"[22, 23, 24, 25, 26, 27]"
4548,Con nay dien nang qua,"[0, 1, 2, 8, 9, 10, 11]"
4549,Đumoe nói leo,"[0, 1, 2, 3, 4, 6, 7, 8, 9, 10, 11, 12]"
4550,Ủa trend gì vại mn?,[]
4551,VN cố lên :>,[]
4552,Tối nay em sẽ đi học chớ ko đi chơi nha ABe,[]
4553,Mong là k lủng như năm qua :v,[]
4554,Ai cho xin mấy video của mixi đầu video này vs,[]
4555,"Phát ngôn ngu vãi, tao đi ị ở bến xe gia lâm còn phải đóng thuế 5k một lượt kia mà nhà vs có gia lol gì âu, bọn nó chịch nhau còn phải đóng thuế vì dùng bao con sâu hay victoria kia...","[10, 11, 12, 13, 14, 15, 16, 26, 108, 109, 110, 111, 112, 113, 115, 116, 117, 118, 119]"
4556,Thanh Trúc Hà Thái Nguyễn Phạm Phương Trâm :)) bóng dáng con dâu chủ tịch đâu đây,[]
4557,Ra đường nhớ cằm theo não,"[13, 14, 15, 16, 17, 18, 19, 20, 21, 22, 23, 24]"
4558,Cái gì đang xảy ra vậy 🤧🤧,[]
4559,anh lân hỏi toàn câu hóc búa và trot tên dần này .lão lại càng lên cơn thần kinh nặng hơn .nước mỹ chưa có thuốc trị bệnh thần kinh cho trần dần thì chữa làm sao virus19 được kkkk,"[50, 51, 52, 71, 72, 73, 74, 75, 76, 77, 78, 79, 122, 123, 124, 125, 126, 127, 128, 129, 130]"
4560,"Đảng viên thì sao?công khai đảng viên còn hơn lũ 3/// nhưng là cộng sản nằm vùng ,đem con mụ Nẫm qua chửi Mỹ như chó -lũ 3/// chống lưng cho mụ chửi ,tao là diện HO mà tao còn ko ưa tụi 3///","[46, 47, 48, 49, 50, 51, 52, 72, 73, 74, 75, 76, 77, 78, 79, 86, 87, 88, 89, 90, 91, 101, 102, 103, 104, 113, 114, 115, 116, 117, 118, 119, 120, 121, 122, 123, 124, 141, 142, 144, 145, 146, 147, 150, 151, 152, 168, 169, 170, 176, 177, 178, 179, 180, 182, 183, 184, 185, 186, 187, 188, 189]"
4561,Năm Lê Nguyễn Thu Hằng dm vcl bar con đeo khéo chưa đc 1p giật tung l :)),"[23, 24, 26, 27, 28, 68]"
4562,Captain cao bằng,[]
4563,2 cái lỗ mũi to zậy mà vẫn thấy ngột ngạt là sao nhỉ🙄🙄,"[0, 1, 2, 3, 4, 5, 6, 7, 8, 9, 10, 11, 12, 13, 14, 15, 16, 17, 18, 19, 20, 21, 22, 23, 24, 25, 26, 27, 28, 29, 30, 31, 32, 33, 34, 35, 36, 37, 38, 39, 40]"
4564,"Tàu hũ in tiền sang VN gom đất, nhà, vàng và mua chuộc chó với đầy tớ","[0, 1, 2, 3, 4, 5, 45, 46, 47, 48, 49, 50, 51, 52, 53, 55, 56, 57, 63, 64, 65, 66, 67, 68]"
4565,😂😂😂,[]
4566,Hoang Trung mấy ổng đc truyền máu đây :)),[]
4567,Huyền Khánh Phùng ơ chị mặt nhiều lớp thế 😂,"[24, 25, 26, 27, 28, 29, 30, 31, 32, 33, 34, 35, 36]"
4568,M pk thầy ba giống con gà điểm nào k Thao Hoang,[0]
4569,"Nho Lâm sợ người việt từ nước dề kìa, chứ bắt đầu ngày mai là miễn thị thực đối vs khách châu âu rồi",[]
4570,"Ghê, chảnh choẹ","[5, 6, 7, 8, 9, 10, 11, 12, 13, 14]"
4571,Cc j zay :)),"[0, 1]"
4572,Con đỉ minh hiếu là con đỉ khùng dơ con súc vật sánh cũng không bằng  nó nghe   con rác rửi  con khùng bẩm sinh con quái vật,"[0, 1, 2, 3, 4, 5, 20, 21, 22, 23, 24, 25, 26, 27, 28, 29, 30, 31, 33, 34, 36, 37, 38, 39, 40, 41, 42, 43, 44, 45, 46, 70, 71, 80, 81, 82, 83, 84, 85, 86, 87, 88, 89, 90, 93, 94, 95, 96, 97, 98, 99, 100, 101, 102, 103, 104, 105, 106, 107, 108, 109, 110, 112, 113, 114, 115, 116, 117, 118, 119, 120, 121, 122, 123]"
4573,Nhớ đến đấng nha 3 gà 😎😎,[]
4574,@Linsa NCT muốn bt tht hay giả mua đi rk bt,[]
4575,Ngu người,"[0, 1, 2]"
4576,Minh Hoàng nó lại top ms ghê vl,"[11, 12, 25, 26, 27, 28, 29, 30]"
4577,Pham My Linh Hom nào qua làm vài ván đi kkk,[]
4578,"chặt chồng đôi heo đỏ, tứ quý :)))) Mulan ấm r :))))",[]
4579,hình ảnh thầy giáo và các e học sinh khi có giáo viên khác dự giờ,[]
4580,Minh Hải =)))),[]
4581,"Lộc đéo cmt là bác đc yên r. Lộc cmt cái bác \""lên\"" nóc nhà bắt con gà... Bãi đéo nào cũng có dấu răng của L :))","[4, 5, 6, 45, 46, 47, 48, 49, 50, 51, 52, 53, 54, 55, 56, 57, 58, 59, 60, 61, 62, 63, 64, 65, 66, 67, 68, 69, 70, 75, 76, 77, 78, 79, 80, 81, 82, 83, 84, 85, 86, 87, 88, 89, 90, 91, 92, 93, 94, 95, 96, 97, 98, 99, 100, 101, 102]"
4582,Suốt ngày đi làm ô xin như con chó bên mỹ mà bị đá dập mu 2 lần rồi nên đi đái cũng khó sợ nó nhức,"[13, 14, 15, 16, 17, 18, 19, 20, 21, 22, 23, 24, 25, 26, 27, 28, 29, 30, 31, 32, 33, 48, 49, 50, 51, 52, 53, 54, 55, 56, 75, 76, 77]"
4583,AE ĐĂNG KÝ KÊNH YOUTUBE CHÍNH THỨC CỦA HẢI NHA,[]
4584,Đào Thị Thu ui thế á. Sang dọn nhà hộ mình bạn ơi. 😀,[]
4585,Trần Uyên đã nghe chưa 🥳,[]
4586,Tham nhũng hèn gì chúng nó giàu thế,"[0, 1, 2, 3, 4, 5, 6, 7, 8, 9, 18, 19, 20, 21, 22, 23, 24, 25]"
4587,Bố m cũng đến chịu cách ăn mac khác người của nó !,"[0, 1, 2, 3, 46, 47]"
4588,Kết quả của việc cải cách của mày đây thằng mặt lờ,"[30, 31, 32, 38, 39, 40, 41, 42, 43, 44, 45, 46, 47, 48, 49]"
4589,Vẫn chưa què bằng nhân cách của anh🙂,"[4, 5, 6, 7, 8, 9, 10, 11, 12, 13, 14, 15, 16, 17, 18, 19, 20, 21, 22, 23, 24, 25, 26]"
4590,Dung sl nữa bà 3 ôi,"[5, 6]"
4591,Thầy em là phải hơn. Nhưng ngu hơn ă🤧,"[27, 28, 29]"
4592,em về tộc anh r nhưng chưa có fc🤣,[]
4593,bên siêu sao bên siêu ngố 😂😂,[]
4594,Anh chính thức thành kẻ thù không đội trời chung của đám dâm lợn viên. Hihi,"[21, 22, 23, 24, 25, 26, 27, 28, 29, 30, 31, 32, 33, 34, 35, 36, 37, 38, 39, 40, 41, 42, 43, 44, 45, 46, 47, 53, 54, 55, 56, 57, 58, 59, 60, 61, 62, 63, 64, 65, 66, 67, 68]"
4595,Khỏi chèn mấy cái tiếng hay hơn á ad,[]
4596,"Tụi mày tuổi lồn, nói thế cho nó vuông","[0, 1, 2, 3, 4, 5, 6, 8, 9, 10, 11, 12, 13, 14, 15, 30, 31]"
4597,Thằng mặt l này đi trên đường tưởng thần kinh đấy,"[0, 1, 2, 3, 4, 5, 6, 7, 8, 9, 10, 36, 37, 38, 39, 40, 41, 42, 43, 44]"
4598,"Cô chân thật, dễ thương quá trời. Thích nhất câu cuối cùng của cô, hi vọng cô sống vui khỏe và hạnh phúc thực hiện được ước mơ của mình. Yêu cô 😘",[]
4599,Một pha óc chó của a . ý thức như ruồi của a,"[8, 9, 10, 11, 12, 13, 23, 24, 25, 26, 27, 28, 29, 30, 31, 32, 33, 34, 35, 36, 37]"
4600,"Ăn hết bao nhiêu tiền của dân để lo cho dân nhưng lũ mọi rợ này lo cho dân vậy đó,qua tàu rước bao công về chém hết lũ mọi rợ đó đi.","[50, 51, 52, 53, 54, 55, 56, 57, 58, 107, 108, 109, 110, 116, 117, 118, 119, 120, 121, 122, 123, 124]"
4601,so vl,"[3, 4]"
4602,"Dẻo vang nhieu qua vay minh hieu, em đẹp qua, khi nào di my vay em. Di khi nào ve vay em",[]
4603,Im mẹ mồm,"[3, 4, 5, 6, 7, 8]"
4604,Thúy Hiền gơ thiệt,[]
4605,"Tối thiểu phải giữ lại 33% thì mới đủ xây dựng hạ tầng cơ bản, hơn 40 năm bóc lột dân SG chưa đủ sao? Những ngày đầu tiên tràn vô chúng đã vơ vét số tài sản khổng lồ để cõng ra ngoài kia và cứ tiếp tục chúng xẻ thịt hàng ngày, cao tốc ở TPhcm k đủ phục","[74, 75, 76, 77, 78, 79, 80, 130, 131, 132, 133, 134, 139, 140, 141, 142, 143, 144, 169, 170, 171, 172, 202, 203, 204, 205, 206, 208, 209, 210, 211, 212, 213, 214]"
4606,Hoàng Thịnh a về rồi đây🤧,[]
4607,Huyền Trang 😆😆😆,[]
4608,"CHỬI Một lần nữa, yêu cầu ad kiểm tra lại cách ""đưa tin"" của mình:","[0, 1, 2, 3]"
4609,Van Nguyen Gia Chiến truoc an ne :)),[]
4610,"Bà nầy nói chuyện ko có văn hoá , ko biết xấu hổ","[18, 19, 20, 21, 22, 23, 24, 25, 26, 27, 28, 29, 30, 34, 35, 36, 37, 38, 39, 40, 41, 42, 43, 44, 45, 46, 47]"
4611,Nguyễn Phan Hoài Ninh ai kêu gáy sớm giờ khỏi có cơm ăn:)),[]
4612,Giang Thanh Đạt Đú Đẫn Quang Trung :)),[]
4613,Chị này chỉ nói sai cái chỗ rằng là người đi xe máy thì không gọi là nỗ lực thôi .Không thể nào cứ nhìn vào con xe người khác đi là đánh giá được xem họ có nỗ lực không được đâu .,[]
4614,Chuẩn,[]
4615,Sống nhanh lên nào,[]
4616,Bích đú...,"[5, 6]"
4617,Ae cần liên hệ mình nha,[]
4618,Nguyễn Trọng Hiệp nước mũi hả chú,[]
4619,Sống chậm thôi anh em,[]
4620,"Chuyện đéo đâu xa về đạo đức mấy thằng chó công an giao thông:sáng nãy e đi tiễn mấy thằng bạn đi lính..bọn giao thông đi dẹp đường nó cầm gậy sắt vừa vụt vừa chửi dân như con ""bố mày đập chết cụ mày giờ,địt cụ mày"" mình đéo ngờ luôn đấy","[7, 8, 9, 33, 34, 35, 36, 37, 38, 39, 40, 41, 104, 105, 106, 132, 133, 159, 160, 161, 162, 163, 164, 165, 166, 167, 168, 169, 170, 171, 172, 173, 174, 177, 178, 179, 180, 181, 182, 183, 184, 185, 186, 187, 188, 189, 190, 191, 192, 193, 194, 195, 196, 197, 198, 204, 205, 206, 207, 208, 209, 210, 211, 212, 213, 221, 222, 223]"
4621,Cho mình hỏi a Độ stream bên Nimo mấy giờ v m.n?,[]
4622,Hẹn mấy đứa tại DO1 - Samsung - SECC GameCon2019 nhé!!!,[]
4623,Hí,[]
4624,Nay hơi chậm :)) cailozcatkhong,"[20, 21, 22]"
4625,Báo chí gì mà nói sạo lộ liễu. Nản,"[18, 19, 20, 31, 32, 33]"
4626,Xin video bác,[]
4627,Con loz heo gầy làn xấu fandom để avt mochi mà khẩu nghiệp,"[0, 1, 2, 3, 4, 5, 6, 7, 8, 9, 10, 11, 12, 13, 14, 47, 48, 49, 50, 51, 52, 53, 54, 55, 56, 57]"
4628,Bùi Thị Thảo Vy,[]
4629,Nói chứ thấy bà này nói chuyện cứ sao sao như con khùng,"[46, 47, 48, 49, 50, 51, 52, 53, 54]"
4630,Nhìn mặt đẹp gái mà cái tính lại xấu xa thế này.,"[5, 6, 7, 8, 9, 10, 11, 12, 13, 14, 15, 16, 17, 18, 19, 20, 21, 22, 23, 24, 25, 26, 27, 28, 29, 30, 31, 32, 33, 34, 35, 36, 37, 38]"
4631,Các ông sống từ từ thôi,[]
4632,Ngủ đất :v,[]
4633,Lên múa võ cho bà con xem đi  ông anh,[]
4634,"con hàng này ngon quá, t sục 5 phút bắn cmm rồi","[0, 1, 2, 3, 4, 5, 6, 7, 25, 26, 27, 36, 37, 38, 40, 41, 42]"
4635,Ghi Ta chúa said : ta tha thứ cho con,[]
4636,..mm,[]
4637,"Nhung ơi là Nhung, sao mày báo đời dữ vậy Nhung...):","[23, 24, 25, 27, 28, 29, 30, 31, 32, 33]"
4638,Khau nghiep,"[0, 1, 2, 3, 4, 5, 6, 7, 8, 9, 10]"
4639,Ok anh êi,[]
4640,Con thần kinh,"[0, 1, 2, 3, 4, 5, 6, 7, 8, 9, 10, 11, 12]"
4641,Nghe rất vô lí nhưng cực kì thuyết phục,[]
4642,"Mn ơi có ai có fb cô bảy miếng đất ko ạ, ko ai fb trên video ạ",[]
4643,Ba Cát Lượng mới phải chứ thầy,[]
4644,Cực kì khuyết tật,"[7, 8, 9, 10, 11, 12, 13, 14, 15, 16]"
4645,bạn đã làm được,[]
4646,Cực kì thuyết,[]
4647,"Bán hàng vậy mà cũng có ng mua , vì đẹp bất chấp nhục .Con này về miền bắc VN được đón tiếp nồng hậu lắm đây .","[49, 50, 51, 52, 55, 56, 57]"
4648,1 contairner nằm hết :)),[]
4649,BaVi :)),[]
4650,Đặng Thiên Nga chị ơi 🤣🤣,[]
4651,Chào các bạn quay trở lại với tòi súng vờ lốc :)),[]
4652,Đúng rồi.Chứ k phải do mấy thằng bụng bầu rước giặc về diệt chủng đồng bào đâu,"[27, 28, 29, 30, 31, 32, 33, 34, 35, 36, 37, 38, 39, 40, 55, 56, 57, 58, 59, 60, 61, 62, 63, 64]"
4653,Mong các bạn ủng hộ MV mới của ông già mk để ổng còn mua sữa cho mk uống chứ vã lắm r:D,[]
4654,Dơ vlll nhưng t thích,"[0, 1, 3, 4, 5, 6, 14]"
4655,Vcl ạ,"[0, 1, 2]"
4656,Có vẻ ngon,[]
4657,Vs idol luôn luôn ❤,[]
4658,Và đây là giải pháp,[]
4659,mọi con đường búa liềm đều dẫn tới tham nhũng,"[35, 36, 37, 38, 39, 40, 41, 42, 43, 44]"
4660,sì tai củ l gì thế này??,"[7, 8, 9, 10]"
4661,Hóng B52 debut cùng J97,[]
4662,Cá chết là do đéo biết bơi có thế thôi cũng họp :))),"[14, 15, 16]"
4663,Cái đám chết chạy đấy thì nó ghét cs đến xương tuỷ còn gửi tiền về? Gửi đc bn khi làm nail culi lo cuộc sống chưa xong dư dả quá ha :)) còn Việt kiều thành đạt kiếm tiền còn gửi về tổ quốc thì chắc chắn ko có time mà lên fb share 3 cái tin rồi chửi ch,"[4, 5, 6, 7, 8, 9, 10, 11, 26, 27, 29, 30, 31, 32, 86, 87, 88, 89, 90, 91, 92, 93, 94, 244, 245, 246, 247]"
4664,Cháu cũng làm con cặc j.,"[14, 15, 16, 17, 18, 19, 20]"
4665,Có lột cả va li ra như thế kia k,[]
4666,Em đéo ra cao bằng gặp anh đc đcm,"[3, 4, 5, 30, 31, 32]"
4667,Nguyễn Minh bo cua Ngọc trinh corona,"[12, 13, 14, 15, 16, 17, 18, 19, 20, 21, 22, 23, 24, 25, 26, 27, 28, 29, 30, 31, 32, 33, 34, 35, 36]"
4668,Team ế và chờ stream a Độ :)))),[]
4669,Ad sao mày bố láo thế,"[7, 8, 9, 11, 12, 13, 14, 15, 16]"
4670,Được em ơiiii =)),[]
4671,Thanh Tuấn Ủa có liên quan,[]
4672,Tuấn Black k hay thật mà,[]
4673,Mình đang thắc mắc là liệu có phải là cột điện không hay cột gì khác ? Khoảng cách giữa 2 cột điện đâu thể ngắn thế này ? .-.,[]
4674,Nyc mình thích thầy Ba lắm. Thấy thầy được nút vàng mà vui thay. Haha,[]
4675,Nguyễn Thuận cmt = não đi bạn,"[13, 14, 15, 16, 17, 18, 19, 20, 21]"
4676,Khoe puồi,"[5, 6, 7, 8]"
4677,"cười xỉu lun má ơi,,, cô có duyên quá, like cho cô",[]
4678,Công nhận. Mình không thích jack. Toàn fan ùa theo là chính,[]
4679,Nguyễn Linh Hương Ngát lương cao làm part time,[]
4680,"Võ Hồng Gấm chị đọc tin tức mà cứ thấy lo sợ, chỉ 1 người bị mà luyên lụy nhiều người.",[]
4681,Vãi cả cái còi ôm vòng theo cái ngực đô con 😂😂,"[0, 1, 2]"
4682,Nhìn cứ như 2 pha!,[]
4683,@Trà My 10 năm trc ytb cũng ko có livestream đâu nha bạn :)),[]
4684,Phan Thị Mỹ Dung rambo nhấm 💩,[]
4685,Đôi môi này chỉ ăn cơm với cá,[]
4686,Hơizzzz=))),[]
4687,"thì đã nói rồi. thế giới người ta có mỏ bạc, mỏ vàng mỏ kim cương. còn việt nam có mỏ lồn là hay :3","[83, 84, 85, 86, 87, 88]"
4688,Coi lúc đầu vui lúc  sao ngge cô kể chuyện buồn quá thw cô quá,[]
4689,Chị yêu đẹp gái quá đi.. 😘,[]
4690,Nguoi mien trung nhu e chi ngoi xem cac bac chui nhau thoi :)),[]
4691,Chán ông già vl,"[0, 1, 2, 3, 9, 10, 11, 12, 13, 14]"
4692,Vitamin Nhung cđ m chứ ai nữa 😁😁,"[14, 15, 16, 17]"
4693,nổ quá bà ơi... bà nổ quá con cháu bà...ra đường ăn xin đó,"[0, 1, 19, 20, 49, 50, 51, 52, 53, 54]"
4694,Ai lớp du chu cà mo :))),[]
4695,oke anh hẹn anh 10g tối nhá,[]
4696,"Có một người đàn ông nọ đứng ở giữa quảng trường và hét to: ""Lãnh đạo đất nước là những thằng ngu"".","[88, 89, 90, 91, 92, 93, 94, 95, 96]"
4697,Tụi con đều đồng lòng xin nghỉ mà lại cho đi học :(,[]
4698,"Tôi xin rút kinh nguyệt nhé... mợ, mỗi tháng rút 1 lần nhể","[12, 13, 14, 15, 16, 17, 18, 19, 20, 21, 22, 31, 32]"
4699,Em có hộp rượu Táo Mèo Muốn gửi abe sài năm học mới ạ !,[]
4700,mọi chuyện có abe lo hết,[]
4701,:))) chào nha,[]
4702,Khó vẽ nụ cười,[]
4703,Nhảm nhí. Mày kiếm đâu ra cái tờ giấy này rồi vu khốg thế,"[0, 1, 2, 3, 4, 5, 6, 7, 8, 9, 12, 13, 14, 15, 55, 56, 57, 58, 59, 60, 61, 62]"
4704,"chửi nhau sao kg gọi Phone chửi cho dã cái miệng,mà lên dây khoe vàng hả cha,ỉa déo ra cũng dưa lên,bó tay,","[0, 1, 2, 3, 27, 28, 29, 30, 77, 78, 80, 81, 82]"
4705,"I pray to Jesus, Sakya Muni, Allah! Please! Please protect him!",[]
4706,mời abe đến quầy số 15 để thanh toán,[]
4707,Cực kỳ thuyết phục này!,[]
4708,Iphone lấy cảm hứng từ Tộc Trưởng,[]
4709,Trên bờ: tao chửi đấy mày làm đéo gì được tao :v,"[9, 10, 11, 13, 14, 15, 16, 22, 23, 24, 30, 31, 32, 42, 43, 44]"
4710,Đụ con đĩ mẹ chúng m đừng có nhai đi nhai lại đc k? Con người chứ có phải con trâu con bò đâu mà có cái câu nhai mãi mà chả có cái ý nghĩa con cặc gì cả,"[0, 1, 2, 3, 4, 5, 6, 7, 8, 9, 10, 11, 13, 14, 15, 16, 17, 18, 19, 29, 30, 31, 32, 33, 34, 35, 36, 37, 38, 39, 40, 41, 42, 43, 44, 52, 53, 54, 55, 56, 57, 58, 59, 60, 61, 62, 63, 64, 65, 66, 67, 68, 69, 70, 71, 72, 73, 74, 75, 76, 77, 78, 79, 80, 81, 82, 83, 84, 85, 86, 87, 88, 108, 109, 110, 111, 143, 144, 145]"
4711,"Jack hát nhạc vàng thì hợp,luyến láy như c",[41]
4712,Dương vật của team :)) à em nhầm linh vật ớ lại nhầm linh hồn :)),"[0, 1, 2, 3, 4, 5, 6, 7, 8]"
4713,Chị hiếu dể thương,[]
4714,Ngọc Thảo em có lý do riếng của em nhaaaaa =)))),[]
4715,"Thần đồng toán học ,",[]
4716,Nguyễn Đức Thắng may có khánh nó mới nổi mấy bài hot,[]
4717,Đéo còn tý niềm tin cái đất nc này,"[0, 1, 2, 3, 4, 5, 6, 7, 8, 9, 10, 11, 12, 13, 14, 15, 16, 17, 18, 19, 20, 21, 22, 23, 24, 25, 26, 27, 28, 29, 30, 31, 32, 33]"
4718,Nguyễn Tuấn Văn thắng thì k tia đâu mà thua là phải soi kk,[]
4719,Hôm qua mới xây bằng giấy. :),[]
4720,Thanh Trẻ Trâu đm :)),"[6, 7, 8, 9, 10, 11, 12, 13, 15, 16]"
4721,Ong noi nay khung khung ngao da ma,"[12, 13, 14, 15, 16, 17, 18, 19, 20, 21, 22, 24, 25, 26, 27, 28, 29, 30]"
4722,xám xí,"[0, 1, 2, 3, 4, 5]"
4723,Theo tui làm ban giám khảo vài năm nay thì bài đc trung bình ..😀😀😀😀 nghe hôk hiểu gì hết,[]
4724,Nó khóc là vì lũ xủ nó( đồng bon) vẫn còn ngồi trên kia phán xét sinh mang nó,"[0, 1, 14, 15, 20, 21, 75, 76]"
4725,Văn Thủy đây xem cái này đi nghe ổn đấy đổi cảm giác lạ😂😂,[]
4726,"Chúng mày làm nên cái mịa gì nên mới bảo k có vô dụngncar lũ, hiếp đáp dân lành là zõi","[0, 1, 2, 3, 4, 5, 6, 7, 8, 22, 23, 24, 46, 47, 48, 49, 50, 51, 52, 58, 59, 62, 63, 64, 65]"
4727,"Mồ tổ cha mày. Đăng mà cũng lược bỏ đi chi tiết: Cty hổ trợ 1thùng number one, bình đựng nước đá. Nhưng anh này...tham thêm 1chút là đòi 10 thùng number one. Đừg ngu mà tỏ nguy hiểm nha ad","[0, 1, 2, 3, 4, 5, 6, 7, 8, 9, 10, 11, 12, 114, 115, 116, 117, 162, 163, 164, 165, 166, 167, 168, 169, 170, 171, 172, 173, 174, 175, 176, 177, 178, 179, 180]"
4728,Singend nữa,[]
4729,Thầy ơi làm giáo án susan đi thầy 🥴,[]
4730,đập ngu như thầy thì mãi mãi cx dell lên đc +7 e thề,"[4, 5, 6, 32, 33, 34, 35]"
4731,Thăng đit lao nên lam quan chăng thê.cho va cho,"[0, 1, 2, 3, 4, 6, 7, 8, 9, 10, 11, 12]"
4732,Thà một phút huy hoàng còn hơn le lói suất trăm năm,[]
4733,Idol. Viết vậy là chết con đĩ mẹ người ta rồi,"[18, 19, 20, 21, 23, 24, 25, 26, 27, 28, 29, 30, 31]"
4734,Trend này về VN ra đường dơ lên cái lại thâm mắt 🐒 các idol bậy quá.,[]
4735,Về vn ăn mau lol à.,"[9, 10, 11, 12, 13, 14, 15]"
4736,Dcm nhìn thằng thẩm phán nó cười đểu kìa,"[0, 1, 2, 9, 10, 11, 12, 13, 25, 26, 28, 29, 30, 31, 32, 33, 34, 35]"
4737,Nguyễn Trọng Thái :(( nhân giống,[]
4738,"KimThy Lê dáng quần sang trọng , lich lãm, làm tăng sự chú ý của cô ý vào con cu của bạn","[74, 75, 76, 77, 78, 79]"
4739,Cũg chưa biết tin ai đc m ơi =)) đồn như lời,"[24, 33, 34, 35, 36, 37, 38, 39, 40, 41, 42, 43]"
4740,Chị ba vàng là chị chó phèn ak haha,"[19, 20, 21, 22, 23, 24, 25, 26]"
4741,Quà tặng cuộc sống 😂,[]
4742,Noway mặc áo Friday chắc Abe mặc áo Tuesday rồi :)))),[]
4743,"Bố cái thằng ad, có cơ hội lại chả đầu cơ luôn ấy.","[0, 1, 2, 3, 4, 5, 6, 7, 8, 9, 10, 11, 31, 32, 33, 35, 36, 37, 38, 39, 40]"
4744,phò cũng là 1 nghề chân chính đấy đm thằng ad,"[0, 1, 2, 34, 35, 37, 38, 39, 40, 41]"
4745,Đm chậm thôi :)),"[0, 1]"
4746,thử con nhung lây cho m thử .m k chử nó đi .đạo đức giả,"[4, 5, 6, 22, 29, 33, 34, 35, 44, 45, 46, 47, 48, 49, 50, 51, 52, 53, 54]"
4747,Đời là thế thôi😅,[]
4748,Được vl luôn abe ạ,"[5, 6]"
4749,okay thả tim cho 2 bạn :)),[]
4750,đeo cái loa vào mồm con gà a ưiiiiii,[]
4751,Đúng tính cách a ấy luôn bây ơi. Loài hợp quần,"[33, 34, 35, 36, 37, 38, 39, 40, 41, 42, 43, 44, 45]"
4752,hmmm anh giàu rồi anh nói gì chả đúng :v,[]
4753,Nghe như đấm vào tai,"[9, 10, 11]"
4754,Con này nó chửi cho đã rồi lên khóc lóc xin lỗi sao như bánh tráng mặt lật dữ vậy ta,"[0, 1, 2, 8, 9, 11, 12, 13, 14, 31, 32, 33, 34, 35, 36, 37, 38, 56, 57, 58, 59, 60, 61, 62, 63, 64, 65, 66, 67, 68, 69, 70, 71, 72, 73]"
4755,Đào phát nữa.,[]
4756,Ông này có họ với chị Nhung à,[]
4757,đây là aba sao khi già,[]
4758,Mỹ Nguyễn cẩn thận tuyệt đối đó,[]
4759,Anh ba nay chuyển giáo án fifa à :)),[]
4760,ầy ướt quần :<,[]
4761,Hay dong hanh cung Grab,[]
4762,tây nó tưởng điên trốn trại,"[4, 5, 13, 14, 15, 16, 17, 18, 19, 20, 21, 22, 23, 24, 25, 26]"
4763,Nứng nứng nứng à,"[0, 1, 2, 3, 4, 5, 6, 7, 8, 9, 10, 11, 12, 13]"
4764,Đhs nói ngu vl :))),"[0, 1, 2, 8, 9, 10, 12, 13]"
4765,Phạm Tùng Giang không phải nuôi mỗi tóc mà còn học hát giống giọng nữa chứ haha,[]
4766,"Thay vì đi làm tóc , tốn tgian , có khi còn đ ra gì ,t mua mẹ bộ tóc giả về cho nhanh =)))",[]
4767,3 beautiful black cunt suckers🙏🙏👌👌👌,"[18, 19, 20, 21, 22, 23, 24, 25, 26, 27, 28, 29]"
4768,Vâng Rất Việt Nam... việt nam là thế,[]
4769,Qá dễ thương,[]
4770,Kinh đấy,[]
4771,Chống tham nhũng ở ViêtNam như kiểu con Mèo ăn miếng mỡ thì bắt được còn Còn cọp ăn con hươu thì đeoa bắt đc,"[40, 41, 42, 43, 44, 45, 46, 47, 48, 49, 50, 51, 52, 53, 54, 73, 74, 75, 76, 77, 78, 79, 80, 81, 82, 83, 84, 85, 86, 87, 88, 89, 90, 91, 92, 93, 94, 95, 96, 97, 98, 99, 100, 101, 102, 103, 104, 105, 106, 107]"
4772,Tâm huyết cả đời thì cũng phải xin phép chứ. Biệt thự trăm tỉ còn phải phá kìa. Hay ở mỹ xây nhà tổ nghiệp là ko cần phép,[]
4773,giáng sinh an lành mn,[]
4774,Đảng đã cho ta một mùa xuân đầy thất vọng!,[]
4775,Các bạn có đang hài lòng với cuộc sống mình đang có? Câu hỏi của anh khó thực sự...,[]
4776,Tập Cận Bình qua Mĩ cũng bị dân TQ bên đó treo băng rôn biểu tình chửi như chó =)),"[75, 76, 77, 78, 79, 85, 86, 87, 88]"
4777,Trịnh Nam Long Mái ấm tình thương :))),[]
4778,fan cứng?? thầy lồn cho tao fan cứng chúng mày ạ .. yêu thầy dấu bé ba = )),"[16, 17, 18, 24, 25, 26, 37, 38, 39, 40, 41, 42, 43, 44, 45]"
4779,Nguyễn Thanh Cẩm chị ở đâu ạ,[]
4780,"Đĩ mẹ nhung, lựa đi em","[0, 1, 2, 3, 4]"
4781,Ck4mk4m là gì á mn,[]
4782,"Biết là 19/10, nhưng kênh nào?",[]
4783,😥😢,[]
4784,MixiGaminh ghe,[]
4785,Cố lên Thầy ơi,[]
4786,Chụt Chụt =))) ghi nhanh quá thông cảm tí bro,[]
4787,Mãnh thú thì cũng phải trông em thôi :))),[]
4788,MCdn48 Na kute làm cái talkshow chắc cháy vé luôn quá,[]
4789,Lại sống như rau dền :)))),"[13, 14, 15, 16, 17, 18, 19]"
4790,cay lắm luôn,[]
4791,mấy đứa sinh viên này chắc bị biến đổi gien của HULK rồi mạnh thật,[]
4792,"I love you chu cà mo
E iu a cho gờ....tay  😛",[]
4793,Ngồi xem trailer 🤣,[]
4794,"Khấu Mỹ Ngọc, Er Chen, Ngoc Suong! 🤣🤣🤣",[]
4795,Mong chị Nhung sớm khoẻ để đoàn tụ với tổ tiên 🙂,"[27, 28, 29, 30, 31, 32, 33, 34, 35, 36, 37, 38, 39, 40, 41, 42, 43, 44, 45]"
4796,Tú said : cái lol j vậy abe,"[14, 15, 16]"
4797,Ảo thuật,[]
4798,A để em :)),[]
4799,Lâu lâu đói lại phải vẽ để đút mồm chứ,"[21, 22, 23, 24, 25, 26, 27, 28, 29, 30, 31, 32, 33]"
4800,Con này hết thuốt chửa chữa rồi xin lỗi . Thua cạn lợi,"[0, 1, 2, 8, 9, 10, 11, 12, 13, 14, 15, 16, 17, 18, 19, 20, 21, 47, 48, 49, 50, 51, 52, 53]"
4801,Cô Trần Thị Nga bị nhà cầm tiền Việt Nam bắt tù đày chỉ có một tội duy nhất đó là....!,"[45, 46, 47, 48, 49, 50]"
4802,Huỳnh Văn Tặng,[]
4803,"Phải lên giành công trạng chứ, lãnh đạo mà. Nói chứ Bầu Đức là người có công lớn nhất đưa Park Hang Seo về dẫn dắt đội tuyển Việt Nam thế nhưng khi thành công chẳng ai một lời hỏi han quan tâm ông ta cả, lúc bầu cử còn gạch tên ông ta ra.",[]
4804,Ngọc Anh cười xỉu khúc đó,[]
4805,Đem lại tiếng cười... ???? Toàn post bài hãm lồn mới đáng cười :))))))))),"[41, 42, 43, 44, 45, 46, 47]"
4806,Ong cung gan dat xa troi roi chu yeu vui thoi ban oi,[]
4807,"Bài viết quá hay,quá đúng,càng đọc càng thấm thía,con người sống ko cần jì nhiều, sống với những nhu cầu bình thường nêu trên sao cũng thấy khó khăn rồi,nhưng ko thất vọng vì con người lúc nào cũng luôn tiến hóa đến một xã hội hoàn chỉnh nhất, chỉ chờ đợi thời gian thôi,mình chết rồi thì đời con,đời cháu....",[]
4808,"Hiệp Đinh m muốn đi hiến máu giúp họ, nhưg khi hiến rồi mới biết bị nhiễm thì sao hả thằng bàn phím , đầu to mà óc cứ như củ cứt 🤗🤗🤗","[10, 85, 86, 87, 88, 89, 90, 91, 92, 93, 94, 95, 96, 97, 98, 102, 103, 104, 105, 106, 107, 108, 109, 110, 111, 112, 113, 114, 115, 116, 117, 118, 119, 120, 121, 122, 123, 124, 125, 126, 127]"
4809,Minh Tuấn tổ sư màiiii,"[10, 11, 12, 13, 14, 15, 16, 17, 18, 19, 20, 21]"
4810,Dân Việt mình chịu chơi lắm!nợ trả góp có sao đâu...!nợ vay nóng còn chơi ok mà!nợ công cũng ko ngoại lẹ nhá!,"[80, 81, 82, 83, 84, 85, 86]"
4811,d4ng' y3u^ gk3^ :))),[]
4812,"Đu me giau con tham lam bi găt la đung rôi , đu me mây luc đâu nghe lơi no chưi hêt ngưoi nay đên ngưoi kia, ham tiên bi lưa gat rôi chưi con ba vang ngoc","[0, 1, 2, 3, 4, 15, 16, 17, 18, 19, 20, 21, 22, 45, 46, 47, 48, 49, 72, 73, 75, 76, 77, 78, 109, 110, 111, 112, 113, 114, 115, 116, 121, 122, 123, 124, 125, 126, 127, 133, 134, 135, 136]"
4813,Mọi người buồn thì qua page em nha page hợp tâm trạng :v,[]
4814,Quỳnh Như chưa có hình lấy đâu ra up liền 😂,[]
4815,Clm :))))) Trí Xuân,"[0, 1, 2]"
4816,Ngủ trên li quăng mà lăn qua lăn lại =)),[]
4817,Du học úc giờ thua du học sinh Cao Bằng,[]
4818,Cực kì thuyết phục😎,[]
4819,Andrew Kern She is has offended the LGBT community,[]
4820,Cho xin zalo b dc k,[]
4821,Du học sinh Úc cơ ấy =)),[]
4822,chỉ 1 người đứng ra thì làm được gì khi mà tất cả những kẻ khác chỉ biết đứng đó nhìn xem gió thổi chiều nào ta bay theo chiều đó,"[64, 65, 66, 67, 68, 69, 70, 71, 72, 73, 74, 75, 76, 77, 78, 79, 80, 81, 82, 83, 84, 85, 86, 87, 88, 89, 90, 91, 92, 93, 94, 95, 96, 97, 98, 99, 100, 101, 102, 103, 104, 105, 106, 107, 108, 109, 110, 111, 112, 113, 114, 115, 116, 117, 118, 119, 120, 121, 122, 123, 124, 125, 126, 127, 128]"
4823,Hằngg Ann đu ma may,"[10, 11, 12, 13, 14, 15, 16, 17, 18]"
4824,Giang Nguyen :)),[]
4825,Dân InDo thì m nge làm lol gì??? K thích thì câm họng lại ok chưa lên đây sủa làm cc gì.,"[25, 26, 27, 50, 51, 52, 53, 54, 55, 56, 57, 58, 81, 82, 83, 84, 91, 92]"
4826,Người thiệt hại là chủ xe . thì để chủ xe tự ý thức .,[]
4827,Tưởng được quẩy như bên nước họ chứ :'(,[]
4828,Mui ba nay sua nhin ghe qua ma oi. Haizz,"[4, 5, 20, 21, 22, 28, 29, 35, 36, 37, 38, 39]"
4829,Đây là chàng trai ấy vài năm sau khi xem lại được video này :))),[]
4830,Chả bù cho K-ATM tí nào😩,[23]
4831,Ok như 2 giọt nước,[]
4832,Ko biết có ai nghèo ở VN nhận đc số tiền tỷ tỷ tỷ của nó chưa.kể tài sản của ng khác rồi xạo lozzz của mk.Bóng này là bóng dơ bóng dũa nail chứ có cl gì.,"[54, 55, 62, 63, 64, 65, 66, 67, 68, 69, 70, 71, 72, 73, 74, 75, 76, 77, 78, 79, 80, 81, 82, 83, 84, 85, 86, 87, 88, 89, 90, 91, 92, 93, 94, 95, 96, 97, 98, 99, 100, 101, 102, 103, 104, 106, 107, 108, 109, 118, 119, 120, 121, 122, 123, 124, 125, 126, 127, 128, 129, 130, 131, 132, 133, 134, 135, 136, 137, 138, 147, 148]"
4833,chất a ơi,[]
4834,Lữ Văn Thánh,[]
4835,ko vào thì lấy đâu ra vốn vay FDI cho các anh đút túi ?,[]
4836,sao nhập ko đc ta,[]
4837,Đeo hieu kieu gi,"[0, 1, 2]"
4838,Cụ nói Mỹ xóa ván cờ. Vnch chỉ là con cờ trong tay mỹ thôi. Cụ điên khùng là bước chuyển giao trước khi đầu hàng cộng sản.,"[63, 64, 65, 66, 67, 68, 69, 70, 71, 72]"
4839,:)) dân Việt xây lên chứ đéo ai mà sủa :)) khéo khi có cả bố mẹ m làm ở đấy =)) đhs có cả cái page chửi =)) mấy thằng mày lo đi mà học đi,"[25, 26, 27, 35, 36, 37, 64, 80, 81, 82, 99, 100, 101, 102, 112, 113, 114, 115, 116]"
4840,"Mo mom ra biet ngu.nghi sao dung tu nhin,","[3, 4, 5, 15, 16, 17]"
4841,có cái nút unlike mà bấm rồi phắn cmmd,"[29, 30, 31, 32, 33, 34, 35, 36, 37]"
4842,trung sonic :)₫,[]
4843,dhs =)),[]
4844,Xã hội bồng bềnh.,"[7, 8, 9, 10, 11, 12, 13, 14, 15]"
4845,dou ma thầy,"[0, 1, 2, 3, 4, 5]"
4846,Chửi xong rồi khóc như chó năn nỉ công đồng,"[23, 24, 25]"
4847,Im mồm đi micky. Sủa nữa t dính lỗ đít m lại bgio,"[0, 1, 2, 3, 4, 5, 25, 32, 33, 34, 35, 36, 37, 39]"
4848,Trên tream nhìn nhỏ hơn,[]
4849,"Các bạn đọc thông cảm bme của tg ad đi gặm xương rồi, k mang nó theo nên nó xàm lồn, ngồi liếm cứt của bọn Bốc Bãi Cứt ra ăn đấy","[22, 23, 24, 30, 31, 39, 40, 41, 42, 43, 44, 45, 46, 47, 61, 62, 73, 74, 75, 76, 77, 78, 79, 80, 81, 82, 90, 91, 92, 93, 94, 95, 96, 97, 103, 104, 105, 106, 107, 108, 109, 110, 111, 112, 113, 114, 115, 116, 117]"
4850,Sống nhanh lên các bạn ơiiii😌,[]
4851,Châu Mỹ Đây là cánh hoa🙂,[]
4852,Bớt nghiệp nhé mn người ta làm ra tiền trên sức lao động người ta mà..nhân quả sẽ có thật nhé mn ...,[]
4853,Đây chính là lí do :)),[]
4854,Tui thấy mấy ông chống cộng chẳng ông nào còn tỉnh táo. Hâm hết ko giống con giáp nào hết,"[65, 66, 67, 68, 69, 70, 71, 72, 74, 75, 76, 77, 78, 79, 80, 81, 82, 83, 84, 85, 86, 87, 88, 89, 90, 91, 92, 93, 94, 95, 96, 97]"
4855,tết rồi thầy ơi,[]
4856,Người j đâu mà chưởi người Việt NAM MÌNH trưởi người ta quá trời ĐÚNG LÀ BÃ CHƯA THẤY QUAN TÀI CHƯA ĐỔ LỆ,"[15, 16, 17, 18, 19, 41, 42, 43, 44, 45, 76, 77, 78, 79, 80, 81, 82, 83, 84, 85, 86, 87, 88, 89, 90, 91, 92, 93, 94, 95, 96, 97, 98, 99, 100, 101, 102, 103, 104]"
4857,Cuối cùng thầy cũng chịu mua áo mới,[]
4858,Thu Trang,[]
4859,Con này bị thần kinh năng rồi moi người ơi.,"[0, 1, 2, 11, 12, 13, 14, 15, 16, 17, 18, 19, 20, 21, 22, 23, 24]"
4860,Nhìn mặt con chó này biết ngu rồi,"[9, 10, 11, 12, 13, 14, 15, 26, 27, 28]"
4861,Loằng ngoằng thì được cái *éo gì mà ông thích loằng ngoằng thế. :/ lạ vl,"[26, 27, 28, 70, 71]"
4862,Cà khịa đi xíu thầy vô chửi cm🤦,"[23, 24, 25, 26, 27, 28, 29]"
4863,Chào nhà báo vũ hoàng Lân. Chào danh hài vũ trụ trần tiger:-),[]
4864,Đôi khi quảng cáo với cái đầu ngắn nên bị tổ trác. Thay vì hòa đồng thì cứ thích tỏ vẻ bố thiên hạ. Chán ông vin fet,"[26, 27, 28, 29, 30, 31, 32, 33, 42, 43, 44, 45, 46, 47, 48, 81, 82, 83, 84, 85, 86, 87, 88, 89, 90, 91, 92, 93, 94, 95, 96, 97]"
4865,Cho nó ngáp cho nó chừa Cho mày tin cs nhe con,"[4, 5, 6, 7, 8, 9, 10, 16, 17, 18, 19, 20, 21, 22, 28, 29, 30, 43, 44, 45]"
4866,Loai ngu dốt ko bt. Huc la zi ! Lam mất hết an tuong người phụ nữ việt nam ! Ko tha thứ được!,"[0, 1, 2, 3, 4, 5, 6, 7, 8, 9, 10, 11, 20, 21, 22]"
4867,vãi...,"[0, 1, 2]"
4868,"Của dân, do dân, vì dân!!!",[]
4869,Lợi clmn chứ lợi,"[4, 5, 6, 7]"
4870,Huỳnh Lục trend chụp hình mới nàk cục cưng. Haha...,[]
4871,Nguyễn Thị Duyên idol,[]
4872,"chắc đéo đến mức ntn, nhưng chuyện ngoáy đồ là có thật.","[5, 6, 7, 35, 36, 37, 38, 39, 40, 41, 42]"
4873,Mệt mỏi ...,[]
4874,Nên bắt dân Việt Nam! Cắt 1 kiểu đầu của chủ tịch thôi,[]
4875,Ngoc Chu đme đang ăn sáng 🙂,"[9, 10, 11]"
4876,"Chị nói quên một câu,,con ruột của diêm vương,,mai mốt ổng gọi về hầu ổng,,,",[]
4877,:( hợp lý,[]
4878,Binh thuong thi o dau,[]
4879,Nói chug la oam cách gi nó củg tìm cách ăn cho bằng đc . Trừ khi là dẹp mẹ cái bọn chó ức hiếp dân lành đi mới mong ko còn cảnh này .,"[24, 25, 40, 41, 72, 73, 79, 80, 81, 82, 83, 84, 85]"
4880,"Chính quyền Hoá Châu ngu như redbull, về đây kiếm anh Chung con , cứ có tiernf là có đất vàng hehehe","[21, 22, 23, 24, 25, 26, 27, 28, 29, 30, 31, 32, 33, 34, 35]"
4881,Clm thầy,"[0, 1, 2]"
4882,Về còn Linh Cậu Diệt dành Cho dien,[]
4883,Giang hồ hải phòng sau khi xem giang hồ bắc ninh dạy dỗ đàn em và cái kết...,[]
4884,"Đã là người có tiền thì đi du lịch cái lúc k có dịch thì đi đi, đến lúc có dịch thì lại đéo hiểu luôn","[88, 89, 90]"
4885,Trần Thị Ngọc Anh nếu ngược lại thì sao con mặt lòn.nếu nó biết bị bệnh rồi đi hiến thì sao.😊,"[40, 41, 42, 43, 44, 45, 46, 47, 48, 49, 50, 56, 57]"
4886,Trần Hoàng Long ph..?,[]
4887,K phải khen chứ phim dỡ vkl,"[24, 25, 26]"
4888,"Mới làm từ thiện, hôm nay đại gia cái miệng giống cái hầm cầu vậy, mã cha mầy chạy xe có ngày đâm cột điện nè","[34, 35, 36, 37, 38, 39, 40, 41, 42, 43, 44, 45, 46, 47, 48, 49, 50, 51, 52, 53, 54, 55, 56, 57, 58, 59, 60, 67, 68, 69, 70, 71, 72, 73, 74, 75, 76, 78, 79, 80, 81, 82, 83, 84, 85, 86, 87, 88, 89, 90, 91, 92, 93, 94, 95, 96, 97, 98, 99, 100, 101, 102, 103, 104, 105]"
4889,thầy ba đẹp trai thật mọi người ạ <3 ashe quán quân,[]
4890,Có tiền rồi nói gì cũng chuẩn chị ạ :)),"[0, 1, 2, 3, 4, 5, 6, 7, 8, 9, 10, 11, 12, 13, 14, 15, 16, 17, 18, 19, 20, 21, 22, 23, 24, 25, 26, 27, 28]"
4891,"Dạng như giờ tao báo tao đéo trả cho có thôi...đó, dân đen tụi bây làmcc gì được tụi tao :v","[13, 14, 15, 21, 22, 23, 25, 26, 27, 51, 52, 53, 54, 55, 56, 57, 59, 60, 61, 62, 63, 64, 65, 70, 71, 81, 82, 83, 84, 85, 86, 87]"
4892,Mừng quá idol chưa đứt con chuột kk,[]
4893,Thằng chó này :3,"[0, 1, 2, 3, 4, 5, 6, 7, 8]"
4894,29:40 con kì thị lgbt,[]
4895,Hanh Viet tôi thấy 1 bông hoa giữa 1 vùng cứt,"[42, 43, 44]"
4896,ảnh này ở video Superheroo nghe buồn não ruột -__-,[]
4897,Hoang Trung,[]
4898,"30:03 ""Con Đ.Ĩ L.OZ Thúi""🦋😂😂","[7, 8, 9, 10, 11, 12, 13, 14, 15, 16, 17, 18, 19, 20, 21, 22, 23]"
4899,Nguyễn Minh Hiếu nghe nói anh zai ở cầu giấy :)),[]
4900,"Buồn quá,k biết mấy cái tượng nghìn tỷ có bị ngập nc k nữa.",[]
4901,Luc óc chó này ăn lắm cứt quá,"[4, 5, 6, 7, 8, 9, 22, 23, 24]"
4902,"Hải Yến kệ cm m luôn, tụi t thích là đx :))","[11, 12, 13, 14, 22, 23, 24, 25, 26]"
4903,Tạ Tường xin link ảnh,[]
4904,"vừa share song thấy đồng nghiệp có tin nhắn nhận lương hết r,’mà mk chưa thấy đâu🥴",[]
4905,"T thề là nếu như dịch bệnh mà hết và con Nhung này ra viện thì chắc là ai nhìn thấy nó thì cũng muốn lao vào xé xác nó ra ấy, thế có mà nó sợ tụt lờ k dám đi đâu đâu =)))))","[0, 37, 38, 39, 84, 85, 109, 110, 111, 112, 113, 114, 115, 116, 117, 136, 137, 139, 140, 141, 142, 143, 144, 145, 146, 147]"
4906,Chỉ là lại từ bỏ tiền ra cho cày view thôi chứ hay cc j đâu,"[51, 52]"
4907,Nguyễn Bá Quang cày cuốc ăn lẩu phan mà :))),[]
4908,Yeu thay,[]
4909,Tham nhũng kỳ diệu :3,"[0, 1, 2, 3, 4, 5, 6, 7, 8, 9]"
4910,Xạo lồn quá cj ơi,"[0, 1, 2, 3, 4, 5, 6]"
4911,Cái mieng con linh loc  ik nhu cái lon trau,"[10, 11, 12, 35, 36, 37, 38, 39, 40, 41, 42]"
4912,Về đây bên Abe nha mấy đứa,[]
4913,"Hay là cái tụi du côn, cô hồn các đảng đó là tay sai của chúng mày !?","[11, 12, 13, 14, 15, 16, 17, 18, 19, 20, 23, 24, 25, 26, 27, 28, 29, 30, 31, 32, 33, 34, 35, 36, 37, 57, 58, 59, 60, 61, 62, 63, 64, 65]"
4914,Hoàng Xuân Tâm mày muốn đợi Tùng ra mv thì mày phải ráng chờ anh GD tung sản phẩm đã khi đó Tùng mới có ý tưởng ra mv cho mày xem,"[15, 16, 17, 43, 44, 45, 57, 58, 59, 60, 61, 62, 63, 64, 65, 66, 67, 68, 69, 70, 71, 72, 73, 74, 75, 76, 77, 78, 79, 80, 81, 82, 83, 84, 85, 86, 87, 88, 89, 90, 91, 92, 93, 94, 95, 96, 97, 98, 99, 100, 101, 102, 103, 104, 105, 106, 107, 108, 109, 110, 111, 112, 113, 114, 115, 116, 122, 123, 124]"
4915,Rất chi là có sức hút :)),[]
4916,From Bến Tre with love ❤❤,[]
4917,Tươi à,[]
4918,Còn anh có công với ghpg đâu rồi.chắc lên cỏi niết bàn rồi thì phải???,"[42, 43, 44, 45, 46, 47, 48, 49, 50, 51, 52, 53]"
4919,Cave mãi là Cave thôi,"[0, 1, 2, 3, 12, 13, 14, 15]"
4920,"Phương Dung Nguyễn chị chơi vậy, ai đ* chị","[36, 37]"
4921,😄😄😄💐,[]
4922,Rất healthy và balance anh ạ😑,[]
4923,Con này xấu  giữ  vay trời,"[0, 1, 2, 3, 4, 5, 6, 7, 8, 9, 10]"
4924,anh Độ độ quả đâu ` cho hai bố con đuok quá,[]
4925,Nguyễn Văn Tý đỉ mất dạiii ghê,"[14, 15, 16, 17, 18, 19, 20, 21, 22, 23, 24, 25]"
4926,"coi như xong các cầu thủ không nên vui mừng quá sớm không khéo lại xôi hỏng bỏng không (lũ chúng nó tiền của nạn nhân chất độc da cam,trẻ em tàn tật,đồng bào lũ lụt,tiền trợ cấp xh","[88, 89, 90, 91, 92, 93, 94, 95, 96, 97, 98]"
4927,ăn bom trên nhà thằng adm trốc tôm thôi,"[0, 1, 2, 3, 4, 5, 16, 17, 18, 19, 20, 26, 27, 28, 29]"
4928,Ngèo quá phải ăn bánh mì :<,[]
4929,Sủa hay lắm ad,"[0, 1, 2, 3]"
4930,Đoạn đầu gay vl🙆🏻,"[9, 10, 11, 12, 13, 14]"
4931,........,[]
4932,"Cái lỗ mũi như lỗ trâu mà còn ngột ngạt,hít hết cả khí trời của ngta rồi còn j.","[4, 5, 6, 7, 8, 9, 10, 11, 12, 13, 14, 15, 16, 17, 18, 19, 20, 21]"
4933,Duck Anh mày sv đó,"[9, 10, 11, 12, 13, 14]"
4934,chị nói chuyện vui quá chị ơi em thích chị lắm chị ạ,[]
4935,"Ở Italy còn ko lo , ở việt nam lo gì hãy tin vào nhà nước , quân y , bệnh viện dịch tễ họ thật sự đẳng cấp trong chuyện này đã chữa cho 16 ng , chị nhung vài bữa nữa khỏe giờ đó , nếu ko khỏe thì mình ship cho chị nhung 1 lạng đinh","[227, 228, 229, 230]"
4936,"Chuyên gia kinh tế, bà Phạm Chi Lan nói nè , cho nên chúng ta hiểu rằng Vingroup và các tỷ phú bất động sản khác giàu lên chỉ nhờ mối quan hệ và bắt tay với quan chức nhà nước mà thôi","[113, 114, 115, 116, 117, 118, 119, 120, 121, 122, 123, 124, 125, 126, 127, 128, 129, 130, 131, 132, 133, 134, 135, 136, 137, 138, 139, 140, 145, 146, 147, 148, 149, 150, 151, 152, 153, 154, 155, 156, 157, 158, 159, 160, 161, 162, 163, 164, 165, 166, 167, 168, 169, 170, 171, 172, 173, 174]"
4937,Trang Chủ Tịch Đã Thích Hình Ảnh Của Độ :)),[]
4938,Ad page này có quan tâm gì đâu. Chỉ quan tâm nói đểu nói xoáy thôi mà. Đm ad,"[49, 50, 51, 71, 72]"
4939,"Ad chửi hết bọn khựa làm chó gì?! Dân nó cũng y như dân mình thôi. Chế hính cho đỡ tức hả, không tác dụng gì, để sức mà xem nước ta ""thắt chặt tình hữu nghị"" ra sao nhé. Vụ Formosa chìm xuồng rồi nhé :v Đm, ai bầu thằng cẩu nô tài lên làm lãnh đạo thế?!","[3, 4, 5, 6, 12, 13, 14, 15, 16, 17, 18, 19, 25, 26, 27, 38, 39, 203, 204, 214, 215, 216, 217, 218, 219, 220, 221, 222, 223, 224, 225, 226, 227, 228, 229]"
4940,giọng cười phu thuê 😂,[]
4941,"3/// tới Vn dạy vc về lại bưng , dùng 3/// xỏ lá để dành chùi rửa lần","[0, 1, 2, 3, 38, 39, 40, 41, 42, 43, 44, 45, 46, 47]"
4942,"Đây nữa nek, toàn lũ giáo sư tiến sĩ đầu óc cức","[20, 21, 22, 48, 49, 50, 51, 52, 53, 54, 55]"
4943,Bọn bò đỏ ngu hết thuốc chữa! GDP của vc phải 15 năm nữa mới bằng Thái lan !,"[0, 1, 2, 3, 4, 5, 6, 7, 8, 9, 10, 11, 12, 13, 14, 15, 16, 17, 18, 19, 20, 21, 22, 23, 24, 25, 26, 27]"
4944,Mắc đ*t quá,"[0, 1, 2, 3, 4, 5, 6]"
4945,Phạm AnhQuân cái nài live thật à mn,[]
4946,"kẻ nào giỏi phá , ăn chơi , mất dạy , lưu manh , đều là bằng cấp lảnh đạo Việt Nam!","[0, 1, 2, 3, 4, 5, 6, 7, 8, 9, 10, 11, 12, 13, 14, 15, 16, 17, 18, 19, 20, 21, 22, 23, 24, 25, 26, 27, 28, 29, 30, 31, 32, 33, 34, 35, 36, 37, 38, 39, 40, 41, 42, 43, 44, 45, 46, 47, 48, 49, 50, 51, 52, 53, 54, 55, 56, 57, 58, 59, 60, 61, 62, 63, 64, 65, 66, 67, 68, 69, 70, 71, 72, 73, 74, 75, 76, 77, 78, 79, 80, 81]"
4947,thien duong cs ngo that.biet tq mun hai vn ma van tiep tay cho tq,"[0, 1, 2, 3, 4, 5, 6, 7, 8, 9, 10, 11, 12, 13]"
4948,Sale 99% thì mua,[]
4949,đm may thay gê qá,"[0, 1, 12, 13]"
4950,Ok thay,[]
4951,"Hiệp Đinh v m k biết đọc à, hãy viết trước khi đọc kĩ nha thằng óc cứt, mắt chưa rà hết chữ mà tay nhanh hơn não, mối nguy hiểm của xã hội","[12, 14, 15, 16, 17, 18, 19, 20, 21, 22, 23, 58, 59, 60, 61, 62, 63, 64, 65, 66, 67, 68, 69, 95, 96, 97, 98, 99, 100, 101, 102, 103, 104, 105, 106, 107, 108, 109, 110, 111, 114, 115, 116, 117, 118, 119, 120, 121, 122, 123, 124, 125, 126, 127, 128, 129, 130, 131, 132, 133, 134, 135, 136, 137]"
4952,Nguyễn Trọng Hiệp Đm óc cức à bạn trẻ...,"[18, 19, 21, 22, 23, 24, 25, 26]"
4953,Stop chem' gio' di chu Tran Dan oi ?,"[5, 6, 7, 8, 9, 10, 11, 12, 13]"
4954,Trời ơi trời ngạc nhiên chưa ông mười nầy ổng quánh người chết bằng tiếng nói của ổng đó Ui trời ngạc nhiên chưa ông mười nầy quảng cáo rất rất là nhanh trời trời tám bà chửi kg lại ông ta đó nhé,"[52, 53, 54, 55, 56, 57, 66, 67, 68, 69, 70, 198, 199, 200, 201, 202]"
4955,Huỳnh Châu a ơi a có ng iu chưa? À nhầm a có bạn ụ chưa 😁,[]
4956,Anh 3 ngu vải ra hahaha,"[6, 7, 8, 9, 10, 11, 12, 13, 14, 15]"
4957,"Miss cái thời eat burn real , burn beef, with homie ở fansixlong quá go Ai Ai Lam",[]
4958,Ai đó hãy ghép thay cái chai sting bằng cái khác đi :3,[]
4959,Cẩm Nhung ủa bắt trend đi chứ,[]
4960,Khánh Con ôi đang khen hay mà nhỉ 🙄,[]
4961,Chu Gia Bảo ơ không trả lời được à,[]
4962,Vũ Đức Cường nổ lực của thầy hát dc đền bù rồi,[]
4963,Mấy thằng chó sủa bậy sướng được anh độ cho đi đóng phim =)),"[0, 1, 2, 3, 4, 5, 6, 7, 8, 9, 10, 11, 12, 14, 15, 16, 17, 18, 19, 20]"
4964,Hương Nguyễn ok my sis,[]
4965,Thế clg đây :v,"[4, 5, 6]"
4966,"Hỡi những con bò hãy cày và nuôi lũ này, mọi chuyện cứ để nhà nước lo 😂","[10, 11, 12, 13, 14, 15, 33, 34]"
4967,"Ý thức người Văn Minh có khác , cao chót vót đéo với nổi .","[45, 46, 47]"
4968,✪Fan Tấn Trung,[]
4969,"học dối - học giả...kiến thức nông cạn, phát biểu nông nỗi!...Japan Technology thương hiệu toàn cầu mà đi chê bai !!!... làm ảnh hưởng đến quan hệ hữu nghị hợp tác với đối tác Nhật Bản...Ai làm được việc- người ấy có lý!!!...đằng nầy công nghệ xử lý nước thối made in Hà nội của nhóm lợi ích chưa làm được gì trong khi $ tiền thuế của dân đã đổ hàng bao nhiêu tỷ bạc vào mà nước thối vẫn thối!!!...","[4, 5, 6, 14, 15, 16, 30, 31, 32, 33, 34, 35, 36, 37, 50, 51, 52, 53, 54, 55, 56, 57, 106, 107, 108, 109, 110, 111, 112, 279, 280, 281, 282, 283, 284, 285, 286, 287, 288, 289, 290]"
4970,tks thầy nha ♥,[]
4971,Mày ngu vừa thôi ad :)),"[0, 1, 2, 3, 4, 5, 6]"
4972,Bui Hoang thầy lồn,"[15, 16, 17]"
4973,Em iu Tùng iu luôn cả em Tùng,[]
4974,"Mấy a 3/ bên đó mà dính bệnh xác định chết cmnl vì méo thể dc ưu tiên ,dân chả nó còn chết huống hồ gì dân ăn bám","[6, 7, 38, 39, 40, 41, 42, 43, 44, 45, 46, 51, 52, 53, 75, 76, 77, 79, 80, 86, 87, 88, 89, 107, 108, 109, 110, 111, 112]"
4975,Bộ trưởng quốc phòng hèn nhất LS VN,"[21, 22, 23]"
4976,Dạo này thịt mèo đang đắt giá đó anh :)),[]
4977,Học sinh úc mà chơi vậy đấy,[]
4978,con cháu tay rửa chén đi chê bai người dũa móng tay !,"[0, 1, 2, 3, 4, 5, 6, 7, 8, 9, 10, 11, 12, 13, 14, 15, 16, 17, 18, 19, 20, 25, 26, 27, 28, 29, 30, 31]"
4979,Ý thức của nó thấp hơn điểm hóa của em.....😌😌😌,"[0, 1, 2, 3, 4, 5, 6, 7, 8, 9, 10, 11, 12, 13, 14, 15, 16, 17, 18, 19, 20, 21, 22, 23, 24, 25, 26, 27, 28, 29, 30, 31, 32, 33, 34, 35, 36, 37]"
4980,Đúng là ở Kingdom đẳng cấp khác hẳn 😎,[]
4981,Chân dung Chủ tịch hội đồng quản trị MixiGroup,[]
4982,Congrats,[]
4983,Lương Kiều Trúc Uyên pha này mấy nghìn tỷ cũng ko đủ đâu:((,[]
4984,đéo phải tiền bọn nó nên nó mới kinh doanh ngu như chó thế. Tiền của nó thì nó đã khác,"[0, 1, 2, 14, 15, 16, 17, 18, 19, 25, 26, 43, 44, 45, 51, 52, 53, 69, 70, 76, 77]"
4985,"M thằng dốt nó ko pik đăng tào lao e ak, chứ móng trụ ko đạt dựng trụ nó sập oy, đâu dựng lên thành hình rồi kéo dây, đổ thừa con bò kéo sập trụ. Đúng là mấy thằng ngu như bò","[0, 2, 3, 4, 5, 6, 7, 8, 9, 10, 12, 13, 70, 71, 158, 159, 160, 161, 162, 164, 165, 166, 172, 173]"
4986,Xờ lờ quá,"[0, 1, 2, 3, 4]"
4987,"Ai là người miền Bắc nhào vô rửa lỗ tai, chứ em miền Nam nghe xót ruột quá, cầu xin cho linh cá lóc nhanh chóng bị nghiệp quật.","[29, 30, 31, 32, 33, 34, 35, 36, 37, 38, 115, 116, 117, 118, 119, 120, 121, 122, 123, 124, 125]"
4988,Thèm bình tĩnh thôi anh em 😢,[]
4989,Bắt kịp trend chưa Mai Thùy,[]
4990,Diệp Đình Huy phục cái địt mẹ mày,"[23, 24, 25, 26, 27, 28, 29, 30, 31, 32]"
4991,chào anh gil xô,[]
4992,và mê chim mê dzú đặc biệt ít quan tâm chính trị vận mệnh quốc gia,"[3, 4, 5, 6, 7, 8, 9, 10, 11, 12, 13, 14, 15, 16]"
4993,Nghe giau qua cho xin vai Tram dông đi,[]
4994,Toàn là những con người thiếu ý thức mà ra cầu mong dừng lại ở con số này thôi chứ lo lắng quá đi cầu cho máy cha máy mẹ đừng đi tùm lum nữa làm khổ nhiều người lắm muốn chết về nhà đóng cửa chết mình mẹ đi,"[24, 25, 26, 27, 28, 29, 30, 31, 32, 33, 34, 35, 106, 107, 108, 109, 110, 111, 112, 113, 114, 115, 116, 117, 118, 119, 170, 171, 172, 173, 191, 192, 193, 194, 201, 202]"
4995,DM...assmin...mặt thộn...sao mài thích bới cứt tìm giun thế thằng mặt thộn...hơ hơ hơ...,"[0, 1, 5, 6, 7, 14, 15, 16, 17, 18, 19, 20, 21, 29, 30, 31, 39, 40, 41, 42, 43, 44, 45, 46, 47, 48, 49, 50, 51, 52, 53, 54, 60, 61, 62, 63, 64, 65, 66, 67, 68, 69, 70, 71, 72, 73]"
4996,ko lai trym à anh,[]
4997,"m lảm nhảm cái đéo gì thế, sai lè còn cãi, ở Việt Nam! cái hay nhất nhà chối tội đổ lỗi thanh minh, từ thằng quan tới thằng dân, sai lè thế kia mà còn lái đi đâu đâu để cãi, chúng mày vác cái đth sương chúng m, còn dân Việt Nam! bên đó với nhưng ng sau này sẽ qua thì sao?","[0, 2, 3, 4, 5, 6, 7, 8, 9, 15, 16, 17, 27, 28, 29, 30, 31, 32, 33, 34, 35, 36, 37, 38, 39, 40, 72, 73, 74, 75, 76, 77, 78, 79, 80, 81, 82, 83, 84, 85, 86, 87, 88, 89, 90, 91, 92, 93, 94, 95, 96, 97, 103, 104, 105, 106, 107, 118, 119, 120, 121, 122, 129, 130, 131, 132, 133, 134, 151, 152, 153, 154, 155, 156, 157, 158, 159, 160, 161, 162, 163, 164, 165, 166, 167, 168, 169, 170, 171, 174, 175, 176, 177, 178, 179, 180, 181, 182, 202, 203, 204, 205, 206, 207, 208]"
4998,ở nhà mong thủ đô khỏi bệnh đi học mà buồn quá trời,[]
4999,Nay e cúp :))),[]
5000,mịe con chó nàyyyy,"[0, 1, 2, 3, 4, 5, 6, 7, 8, 9, 10]"
5001,Nghe thế thôii làm theo mấtt hếttt =))),[]
5002,má fong rộng z ma la ngột ngạt me nó,"[0, 1, 31, 32, 33, 34, 35]"
5003,Cảm ơn chị vui vẻ,[]
5004,Chao chi ba,[]
5005,Tuân Nguyễn no lai cay vl ra,"[12, 13, 23, 24]"
5006,Cố vấn cấp cao cho đàn c hó,"[19, 20, 21, 22, 23, 24, 25, 26]"
5007,Nghe rất kiều phong nhưng lại mộ Dung phục,[]
5008,Võ Thị Quỳnh kk. Kệ lun. Chẵng lẽ cả đời k dài ra tóc đen 😂😂,[]
5009,Cháu của diêm vương,[]
5010,Miền Tây thật thà nên cô có gì nói nấy ha,[]
5011,Chị ba vàng ngọc có cây đinh mọc giữa dái :)),"[20, 21, 22, 23, 24, 25, 26, 27, 28, 29, 30, 31, 32, 33, 34, 35, 36, 37, 38, 39, 40]"
5012,Cũng nhờ có quan chúng bây mới ko là 1tỉnh của Tàu khựa or làm chó ngoan của Mỹ,"[17, 18, 19, 20, 21, 22, 23, 24, 25, 47, 48, 49, 50, 51, 52, 53, 54, 63, 64, 65, 66, 67, 68, 69, 70, 71]"
5013,Nhìn phản cảm vl :(,"[5, 6, 7, 8, 9, 10, 11, 12, 13, 14, 15]"
5014,@vu thuan tiết nhiên bạn ơi Cuốc sư ko nói tất nhiên đâu,[]
5015,Tâm Dương unknown Brain - Matafaka nha,[]
5016,"Ngụy...là khi chúng mày đói rét, không nơi nương tựa. Chúng mày núp dưới đáy quần của bà Cát Hanh Long, hả miệng chó ra nhận từng chén cơm của bà ta. Khi chúng mày nắm được quyền lực thì đem người ta ra bắn. Chúng mày thua loài súc sinh!","[0, 1, 2, 3, 14, 15, 16, 17, 18, 19, 20, 21, 22, 54, 55, 56, 57, 58, 59, 60, 61, 62, 64, 65, 66, 67, 68, 69, 70, 71, 72, 73, 74, 75, 76, 77, 78, 79, 80, 104, 105, 106, 107, 108, 109, 110, 111, 112, 113, 114, 115, 143, 144, 145, 146, 147, 154, 155, 156, 157, 158, 159, 160, 161, 162, 203, 204, 205, 208, 209, 210, 211, 212, 213, 214, 215, 216, 218, 219, 220, 221, 222, 223, 224, 225, 226, 227, 228, 229, 230, 231, 232, 233, 234, 235]"
5017,Thầy lol chúc chỉ có rớt,"[5, 6, 7]"
5018,Sao cho thầy đội cái nón vàng 1 thế kia =)),[]
5019,Hi ! Chào cậu,[]
5020,"nhân phẩm , danh dự cũng có hoá đơn sao =)) . của toà là bao nhiu ?! =))","[0, 1, 2, 3, 4, 5, 6, 7, 8, 9, 10, 11, 12, 13, 14, 15, 16, 17, 18, 19, 20, 21, 22, 23, 24, 25, 26, 27, 28, 29, 30, 31, 32, 33, 34]"
5021,"@Bình Nguyễntôi biết mà bạn , chửi sỏ nó đó , chứ nó sao đẻ được bạn.","[30, 31, 32, 33, 38, 39, 50, 51, 53, 54, 55, 56, 57, 58, 59, 60, 61, 62, 63, 64, 65, 66, 67]"
5022,😓😓😓😓,[]
5023,Trốn thì im sửa cũng chả ai nghe,[]
5024,"Đang vi phạm thì im re, xong xuôi rồi thì mới rà soát, sau đó thay đổi pháp lý để chính thức công nhận vi phạm, hỏi sao ko xử lý kịp thời thì nhân đc câu trl là ko hay biết, lực lượng mỏng, cần thời gian kiểm tra...@@","[62, 63, 64, 65, 66, 67, 68, 69, 70, 71, 72, 73, 74, 75, 76, 77]"
5025,Thuong quá,[]
5026,Đm chứ biết làm gì,"[0, 1]"
5027,"Thằng add chắc đầu mày toàn cứt ko á.! Đúng là ""Ngu có gia phả"" mà.!","[0, 1, 2, 3, 4, 5, 22, 23, 24, 25, 33, 34, 35, 36, 57, 58, 59, 60, 61, 62, 63, 64, 65, 66, 67, 68, 69, 70, 71, 72]"
5028,Fan cô minh hiếu có ở đây không ta,[]
5029,Pha xử lí hay nhất từng xem,[]
5030,Cần lắm một cạ đi xem cùng :)),[]
5031,Lê Quang Trường đi ko,[]
5032,Vu Thuy Bich Vy cai nết ia md ne =))),"[24, 25, 26, 27, 28]"
5033,Chúc bản thân thi tốt và chúc các b bằng tuổi thi tốt,[]
5034,"NO RECORDING, FILMING, PHOTO TAKING mà nó ghi là TALKING. Cấm nói luôn à.","[39, 40]"
5035,Mọe cái loại trai đéo phải nữ cũng không. Xàm lol quen,"[0, 1, 2, 8, 9, 10, 11, 12, 13, 14, 15, 16, 17, 18, 19, 20, 21, 22, 23, 24, 25, 26, 27, 28, 29, 30, 31, 32, 33, 34, 35, 36, 37, 38, 39, 42, 43, 44, 45, 46, 47, 48]"
5036,Thiên Thanh đó đó laii nghiệp,[]
5037,Vẫn còn nhiều người ý thức kém hơn cả điểm English của toi=))),"[20, 21, 22, 23, 24, 25, 26, 27, 28, 29, 30, 31, 32, 33, 34, 35, 36, 37, 38, 39, 40, 41, 42, 43, 44, 45, 46, 47, 48, 49]"
5038,chúc mừng thầy nha,[]
5039,Nguyễn Thịnh như con đĩ quái thai. Bổ xug thêm con cu nưa nhé. Trứng hơi to 😁😁😁,"[17, 18, 19, 20, 21, 22, 23, 24, 25, 26, 27, 28, 29, 30, 31, 32, 47, 48, 49, 50, 51, 52]"
5040,Mình học theo dị nha Hai Sấy An Diamond Hien Ma Cu POn,[]
5041,Nhỏ này ranh con trong nhóm Dư Luận Viên của nhà nước ấy mà.cứ ai đưa tin Ji thì nó bay vào nói bất chấp đúng hay sai.ăn lương phải vậy bất chấp dân đói khổ.nó đâu đứng về phía công lí.nhóm tụi nó cả vào trăm đứa ăn lương vài triệu là để vậy.làm nhẹ dư luận khi ai đó đụng đến người chi lương nó...,"[0, 1, 2, 8, 9, 10, 11, 12, 13, 14, 15, 81, 82, 96, 97, 98, 99, 100, 101, 102, 103, 136, 137, 138, 139, 140, 141, 142, 143, 149, 150, 151, 152, 153, 154, 155, 157, 158, 160, 161, 162, 163, 164, 165, 166, 167, 168, 169, 170, 171, 172, 173, 174, 175, 176, 177, 178, 179, 180, 181, 182, 183, 190, 191, 192, 193, 194, 195, 293, 294]"
5042,Đây là quảng cáo thoi,[]
5043,"Mỗi lít xăng, mỗi gói xôi bao nhiu tiền thuế !?",[]
5044,abe cứu cậu vàng với abe ơi..Cậu vàng đi thật rùi ông giáo ơi,[]
5045,♥♥♥♥♥♥♥,[]
5046,PhẠm mạng của bạn thế nào ấy chư :v,[]
5047,Bò viên và panda ko thích điều này,[]
5048,14:48,[]
5049,Đủ Thứ Thích Ad đăng bài này cũng là Bồn Kỳ Lắc nè nè nè 🙂,"[37, 38, 39, 40, 41, 42, 43, 44, 45, 46]"
5050,Thu Boo xuất sắc ...nhưng em lại làm mấy bạn kia buồn thêm 🤣🤣🤣,[]
5051,bản chất thật của bọn Cơm Sườn ngày càng được công khai lộ liễu không còn dấu diếm như thời gian trước.,"[18, 19, 20]"
5052,Bà này xạo khổ mà cú nói giàu,"[7, 8, 9, 10, 11, 12, 13]"
5053,Cánh hoa mà,[]
5054,Cái này con quỷ chứ con trai gì 🤣,[]
5055,Cẩm Hà chắc ko,[]
5056,Dần dần thấy jack mất hay,[]
5057,😆😆😆😆😆😆,[]
5058,nhìn chán đời v ~,[]
5059,Để hình con chó con heo bình tùm bậy tùm bạ.:))) Chửi anti thốn vl,"[49, 50, 51, 52, 64, 65]"
5060,😁😁😁😁😁,[]
5061,Thay vì bình luận * Cực kì thuyết phục* thì chúng ta có thể bình luận những lời yêu thương gửi tới nhau cơ mà. hãy sống đẹp như những con thiên nga của Tchaikovsky bu em àh,[]
5062,"Đm nứng lòn ghê dị hà, ngta đánh đôi 3 đi đánh đôi heo, dừa lòn 🤣","[0, 1, 3, 4, 5, 6, 7, 8, 9, 10, 56, 57, 58, 59, 60, 61, 62]"
5063,Ghê á,[]
5064,Phá sản r làm đĩ đực thôi abr,"[0, 1, 2, 3, 4, 5, 6, 14, 15, 16, 17, 18, 19]"
5065,Hưng Thấy sao nhờ,[]
5066,Lóc cóc ken chè đậu đen.🤣,[]
5067,Cường quyền ác bá !,"[0, 1, 2, 3, 4, 5, 6, 7, 8, 9, 10, 11, 12, 13, 14, 15, 16]"
5068,"Công cha như núi thái sơn, nghĩa mẹ như nước trong nguồn chảy ra, rảnh về phụ mẹ giúp cha, cực kì thuyết phục mả cha chúng mày =)))))","[110, 111, 117, 118, 119, 120, 121, 122, 123, 124, 125]"
5069,Nguyễn Hừng Haha. Cm con Nhung rồi.,"[18, 19, 21, 22, 23, 24, 25, 26, 27, 28, 29]"
5070,rick kid :v,[]
5071,mài có óc để suy nghĩ ko add? cái đồng băng đó mài tính đào hồ bnhiu cho đủ hả thằng ngu?,"[0, 1, 2, 4, 5, 6, 7, 8, 9, 10, 11, 12, 13, 14, 15, 16, 17, 18, 19, 20, 21, 22, 23, 47, 48, 49, 79, 80, 81, 82, 83, 84, 85, 86, 87]"
5072,"Lê Trọng Nghĩa Phục làm gì bạn? Phục xong về hít bụi mịn, ăn đồ trộn hoá chất, hộ chiếu chỉ đi được Châu Phi với Đông Nam Á như bạn hả?","[45, 46, 47, 48, 49, 50, 51, 58, 59, 60, 61, 62, 63, 64, 65, 66, 67, 68, 69, 70, 71, 72, 73, 74, 75, 76, 88, 89, 90, 91, 92, 93, 94, 95, 96, 97, 98]"
5073,Nước đii hayy đấy,[]
5074,CÔN ĐỒ CỤC SÚC VÔ NHÂN TÍNH ĐỀ NGHI VN. NHÀ NƯỚC VN BAN THƯỞNG.,"[0, 1, 2, 3, 4, 5, 7, 8, 9, 10, 11, 12, 13, 14, 15, 16, 17, 18, 19, 20, 21, 22, 23, 24, 25, 26]"
5075,Khanh Huyen Vuu ok ảnh này thì công nhận =))),[]
5076,Cái cân của nghệ sỹ hài Công lý,[]
5077,Qua đây biết rõ hơn 5 tr ng k cùng gu âm nhạc :))),[]
5078,Nó chuẩn bị dizz thầy thật r thầy Ba ơiiii =))),"[0, 1, 12, 13, 14, 15]"
5079,Được ko ae 😂,[]
5080,"Ôi dòi ad não phẳng muốn phản động nhưng k ai bênh mà, chỉ dùng vài bức ảnh, sử dụng PTS chèn chữ vào thôi, thật là lạc hậu quá, ad là tg nhà quê.","[10, 11, 12, 13, 14, 15, 16, 17, 18, 25, 26, 27, 28, 29, 30, 31, 32, 33, 116, 117, 118, 119, 120, 121, 122, 135, 136, 137, 138, 139, 140, 141, 142, 143, 144]"
5081,Mày nghỉ luôn cũng được. Phát ngôn tào lao fan nó unfollow hết bây giờ,"[0, 1, 2, 35, 36, 37, 38, 39, 40, 41, 47, 48]"
5082,Sớm hay muộn gì cũng có bạo lực cm. Quan trọng có còn sống tới thời đất nước đổi thay hay ko thôi.,[]
5083,được của ló,[]
5084,Xin hỏi nhà tiên tri.sau đợt dịch này bọn 3/// liệu có bị tiệt chủng không,"[38, 39, 40, 41, 42, 43, 44, 45, 58, 59, 60, 61, 62, 63, 64, 65, 66, 67]"
5085,"Thằng AD này, mày điên à","[0, 1, 2, 3, 4, 14, 15, 16, 18, 19, 20, 21]"
5086,mấy con cá đấy gọi chung là quân đội và cớm :v,[]
5087,"Thầy lồn được cái sủa dơ, yêu thầy <3","[5, 6, 7, 18, 19, 20, 21, 22, 23]"
5088,Lũ chó lãnh đạo Đcs,"[0, 1, 2, 3, 4, 5]"
5089,Đặng Hải Long t sạch mà,[]
5090,Nếu không chiếm MN thì CS bake sẽ chết đói ở ngoài vĩ tuyến 17 như là Bắc Hàn hiện tại bây giờ. Nên khi chiếm được MN rồi thì CS sẽ thu tiền thuế nhiều như là chiến phí giải phòng MN!,"[10, 11, 12, 13, 14, 26, 27, 28, 29, 34, 35, 36, 37, 38, 39, 40, 41, 104, 105, 106, 107, 108]"
5091,đừng vì còn trẻ không có tiền mà ủ rũ,[]
5092,😊,[]
5093,VN cố lên,[]
5094,Thương cô ba,[]
5095,Trần Vân Anh b cho tôi xin con số đi,[]
5096,Èo =)),[]
5097,Giàu mà sao não để ở đâu vậy Đức Ngọc,"[12, 13, 14, 15, 16, 17, 18, 19, 20, 21, 22, 23]"
5098,Toàn bọn vô công rồi nghề ngồi sủa ăn lương tháng chứ vinh quang gì? Bản thân hiểu rõ hơn ai hết nhưng vì đồng tiền bát gạo nên vẫn cứ đi cắn sủa vậy đó. Tôi chỉ quan tâm sự thật chứ mấy loại này riết chán chẳng thèm phản biện 😩,"[5, 6, 7, 31, 32, 33, 138, 139, 140, 141, 142, 143, 144]"
5099,Chị em mua cũng bị cô này lừa nek,[]
5100,Hà Lan đã chịu chọn Ngạn =))),[]
5101,"Hung Nguyen không, chỉ có cờ vàng cứt choá thôi 😌","[34, 35, 36, 37, 38, 39, 40, 41]"
5102,A nên sắm một chiếc ik tộc trưởng😂,[]
5103,Vội vàng làm gì :)),[]
5104,Xuân Thái Xuân Bảo Ben Đăng Mạnh Nguyễn Phan Huy Nam 02,[]
5105,Quang Minh diễn hơi sâu rồi đấy 🙃,[]
5106,Sao bn chuyến bay từ lúc có dịch ở anh đến h k có chuyến nào bị có mỗi chuyến này bị dính dịch,[]
5107,Cực Kì Thuyết Phục .!,[]
5108,Ý thức như đb,"[0, 1, 2, 3, 4, 5, 6, 7, 8, 9, 10, 11, 12]"
5109,con cat bu chan,"[0, 1, 2, 3, 4, 5, 6, 7, 8, 9, 10, 11, 12, 13, 14]"
5110,Pham My Linh hahahaha tết làm 1 phát,[]
5111,Ngô Kỷ về VN lánh nạn Covid19 rồi!,[]
5112,Từ Mixi với Tình yêu,[]
5113,97 mà già như trái cà vậy trời?,[]
5114,Hải Yến tổ sư con dở ng nghĩ mình hài hước hay lòn gì cmt để ngta ỉa vào mặt à Hải Yến ơi,"[8, 9, 10, 11, 12, 13, 14, 15, 16, 17, 18, 19, 20, 21, 22, 23, 24, 25, 26, 27, 28, 29, 30, 31, 32, 33, 34, 35, 36, 37, 38, 39, 40, 41, 42, 43, 44, 45, 46, 47, 48, 49, 50, 51, 52, 66, 67]"
5115,Trần Thảo nhiều chút đấy:))),[]
5116,Kính hiệu cao bằng,[]
5117,full:,[]
5118,"Chó là bạn, đéo phải tôi 😂😂","[0, 1, 2, 12, 13, 14]"
5119,Uầy. chị hằng đang nướng con thỏ ăn kìa Đỗ Giang 🤣,[]
5120,điểm 10 cho nụ cười thật tươi,[]
5121,Ngọc Trân An Hạ :)))),[]
5122,"Ý kiến cá nhân của mình là nghe không hay bằng những bài trước ,lưu ý , đây là "" ý kiến cá nhân """,[]
5123,Ngu xuẩn nhất nhì là TT Mỹ (thơ trần đăng khoa),"[0, 1, 2, 3, 4, 5, 6, 7]"
5124,Yêu xa 😓😓,[]
5125,Có phải người săn hết bcs là ck nữ chính phỏng?????,[]
5126,Thấy nhà tiên tri khỏe mà rớt nước mắt,[]
5127,Cố lên nha anh anh Tùng MTP say oh yeah,[]
5128,UwU,[]
5129,Chuẩn . Chuyện riêng tư người ta mà soi quá,[]
5130,Đitme ngần ấy tuổi r mà k biết đóng cái khóa quần vào thằng đĩ vượn này,"[0, 1, 2, 3, 4, 54, 55, 56, 57, 58, 59, 60, 61, 62, 63, 64, 65, 66]"
5131,Toang thật ròi,[]
5132,Trư Bát Giới đã viết ae cho sập cmn đi,"[32, 33, 34]"
5133,Đ.m thằng ad lại dùng IE rồi =))),"[0, 1, 2, 4, 5, 6, 7, 8]"
5134,Hương Thảo mai có xí quách em ăn hông?,[]
5135,mình đú trend nhanh ghê 😛,[]
5136,Có chỗ nào bán tóc giả k anh em,[]
5137,Thu Thảoo #Binsaid cô là mẹ tôi hơi bị lâu r đấy :)))),[]
5138,Người ko ra người.ngợm ko ra ngợm.ý thức thì như đống rác.nhà nước nên bỏ tù những thằng coi thường pháp luật và tính mạng người khác như nó.phạt thật nặng xem nó có im mỏm nó ko.,"[0, 1, 2, 3, 4, 5, 6, 7, 8, 9, 10, 11, 12, 13, 14, 15, 16, 18, 19, 20, 21, 22, 23, 24, 25, 26, 27, 28, 29, 30, 31, 32, 34, 35, 36, 37, 38, 39, 40, 41, 42, 43, 44, 45, 46, 47, 48, 49, 50, 51, 52, 53, 54, 55, 56, 83, 84, 85, 86, 87, 138, 139, 160, 161, 169, 170, 171, 173, 174]"
5139,Bọn đảng cộng sản thì đéo chết đâu. Người vì cộng đồng thì chết. Vl,"[0, 1, 2, 22, 23, 24, 25, 26, 27, 28, 29, 59, 60, 61, 62, 65, 66]"
5140,Chị có chim không .... sao nhìn gớm gớm....,"[0, 1, 2, 3, 4, 5, 6, 7, 8, 9, 10, 11, 12, 13, 14, 15, 16, 17, 18, 19, 20, 21, 22, 23, 24, 25, 26, 27, 28, 29, 30, 31, 32, 33, 34, 35, 36, 37, 38]"
5141,k thể tin nổi.thế giới trẻ vn đã đi trước thời đại hẳn hơi lâu à,[]
5142,Lê Thị Trang có màu khác k b,[]
5143,Các bạn từ từ. Mới có 7p mà lên 23k r,[]
5144,Đáng yêuuuu chết:(,[]
5145,Ai muốn làm cv bán thời gian ib mik nhé,[]
5146,Mều Siu Nhơn why :))?,[]
5147,Cởi thì cởi mẹ ra không thì mặc mẹ vào 🙃,"[12, 13, 32, 33]"
5148,Vụ gì thì kệ mẹ đi cứ lôi ra mà bới móc ???,"[13, 14, 32, 33, 34, 35, 36, 37, 38]"
5149,Minh Hoàng ghê ghê. Top r ông êi,[]
5150,Các cô chú phải cho tụi con nghỉ thêm 1-2 tuần nữa mới an tâm đến lớp học. :3,[]
5151,Nam mô Bồ tát địa tạng vương,[]
5152,Bản tin rau muống cho hay tham nhũng đã được chặn ko cho dân phát hiện nữa 😌😌😌,"[26, 27, 28, 29, 30, 31, 32, 33, 34, 35, 36, 37, 38, 39, 40, 41, 42, 43, 44, 45, 46, 47, 48, 49, 50, 51, 52, 53, 54, 55, 56, 57, 58, 59, 60, 61, 62, 63, 64, 65, 66, 67, 68, 69, 70, 71, 72, 73]"
5153,Yến Linh Anh Truc Thuỳ Trâm Thu NguyễnPhạm Nhung .... chời ơi vừa xem vừa tức phòng mình :)))),[]
5154,"Bậy rồi.. ad đăng bài v nhiều cháu bò lại sồn lên.. phải có ""liềm"" tin tuyệt đối vào đường nối chính sách của Đoảng Trung Khựa.. cứ đăng bài kiểu này là mấy cháu bò hoang mang lắm :))","[30, 31, 32, 33, 34, 35, 36, 52, 53, 54, 55, 56, 57, 58, 59, 60, 61, 62, 63, 64, 65, 66, 67, 68, 69, 70, 71, 72, 73, 74, 75, 76, 77, 78, 79, 80, 81, 82, 83, 84, 85, 86, 87, 88, 89, 90, 91, 92, 93, 94, 95, 96, 97, 98, 99, 100, 101, 102, 103, 104, 105, 106, 107, 108, 109, 110, 111, 112, 113, 114, 115, 116, 117, 118, 119, 120, 121, 122, 123, 124, 125, 157, 158, 159, 160, 161, 162, 163]"
5155,"Hiến máu phải chờ xét nghiệm có kqua rồi mới đưa máu vào sử dụng. Đất nước văn minh, giống loài thượng đẳng đấy các bạn ạ 😢😢","[85, 86, 87, 88, 89, 90, 91, 92, 93, 94, 95, 96, 97, 98, 99, 100, 101, 102, 103, 104, 105, 106]"
5156,Xin ở cùng bé Nhung 1 ngày,[]
5157,Nhận phong bì thôi,[]
5158,Thầy ba dơ lắm cô ơi,"[8, 9]"
5159,"Thằng áp dê ngon thì nói cho thiên hạ biết đi, hay đi làm Thông ngôn cmn đi","[0, 1, 2, 3, 4, 70, 71, 72]"
5160,Chỗ này ở đâu ấy ae nhỉ :v,[]
5161,thiết nghĩ anh Phúc hợp Punchline hơn là kiểu này :),[]
5162,Chị trang ơi tối nay chị có thể cho anh độ ngủ ngoài ban công cũng được :3,[]
5163,dm bữa ni đường 3m cũng có CA đứng @@,"[0, 1]"
5164,xem,[]
5165,"Cường Nguyễn chắc là do nghe quen dòng nhạc của K-ATM quen rồi nên giờ nó vậy đấy ạ, nhạc của jack nghe càng nhiều lần càng hay",[]
5166,Tự nhiên đến 1 độ tuổi như bây giờ xem mấy video như thế này lại cảm thấy hạnh phúc.,[]
5167,Duy Trần xin video luôn ông ơi,[]
5168,Chủ quán bánh mì tấu hài cực mạnh,[]
5169,Huynh Hoang nỗ lực cho bthan và gdinh thôi chứ đâu cần ai nữa lí do là vì gdinh mình ai nói j kệ họ chỉ cần mình đã nỗ lực hết mình là dc r mà,[]
5170,Ok abe:-),[]
5171,Phương Trinh ok =)),[]
5172,Mẹ mày. Đang họp đấy bọn ngu,"[0, 1, 2, 3, 4, 5, 6, 7, 25, 26, 27, 28, 29, 30, 31, 32]"
5173,Nó tới đây để giết ng chứ có phải kinh doanh mẹ j. Mấy thằng bù nhìn nhận tiền ngập bản họng cỏng rắn cắn gà nhà. Cả lũ cũng ko có kết cục j tốt dc,"[0, 1, 14, 15, 16, 17, 45, 46, 55, 56, 57, 58, 59, 60, 61, 62, 63, 64, 65, 66, 67, 69, 70, 71, 72, 73, 74, 75, 76, 77, 78, 79, 80, 81, 82, 83, 84, 85, 86, 87, 88, 89, 90, 91, 93, 94, 95, 96, 97, 98, 99, 100, 101, 102, 103, 104, 105, 106, 107, 108, 109, 110, 111, 117, 118]"
5174,trưởng thành về chiều cao =)),[]
5175,"Sao tụi bây toàn chửi nhau mà ko thấy làm gì hết,cao lông nó chưa hay nói cho vui","[4, 5, 6, 7, 8, 9, 10, 17, 18, 19, 20, 49, 50, 51, 52, 53, 54, 55, 56, 70, 71, 72, 73, 74, 75, 76, 77, 78, 79, 80]"
5176,thầy giáo ba và cánh tay đắc lực,[]
5177,Mấy thằg óc chó,"[4, 5, 6, 7, 8, 9, 10, 11, 12, 13, 14]"
5178,Troi oi toi thay cai người nay người cha ra người dan ông ko ra dan ông dan ba cha giong dan ba nhìn người nay giong quy that,"[31, 32, 33, 34, 35, 36, 37, 38, 39, 40, 41, 42, 43, 44, 45, 46, 47, 48, 50, 51, 52, 53, 54, 55, 56, 57, 58, 59, 60, 61, 62, 63, 64, 65, 66, 67, 68, 69, 70, 72, 73, 74, 75, 76, 77, 78, 79, 80, 81, 82, 83, 84, 85, 86, 87, 88, 89, 90, 91, 92, 93, 94, 111, 112, 113, 114, 115, 116, 117, 118, 119]"
5179,"đc nha a , bh vikings đc đi Thái nữa thì đẹp",[]
5180,quá hay chế ơi,[]
5181,Yêu thầy,[]
5182,"Vao dip sap NoeL nguoi Ta thuong chuc nhau Merry Christmas,hay Ta thuong nghe Cau hat : Vinh danh Thien Chua tren troi ,Binh an duoi the cho nguoi THIEN TAM ,nhung nhin bon nay ,thi Ai cung co cam giac nhu mot bon luu manh dung duong ,nguoi tot thi net","[169, 170, 171, 172, 173, 174, 175, 210, 211, 212, 213, 214, 215, 216, 217, 218, 219, 220, 221, 222, 223, 224, 225, 226, 227, 228, 229, 230, 231, 232]"
5183,bậy zòi :v nhìn bên trái đi :D đừng nhìn bên phải :v,[]
5184,Chịu,[]
5185,Cà khịa pew,[]
5186,"Ko so với mấy nước trong khu vực đi thằng cha mày, cái cc j cx nói đc, nghĩ mình thông minh thâm thuý à:))","[36, 37, 38, 39, 40, 41, 42, 43, 44, 45, 46, 47, 48, 55, 56]"
5187,Chi ba la vang ngoc,[]
5188,"Husband love, em want to eat noodle duck tiềm á. Minh Tran",[]
5189,sao ko lấy tên là Linh Láo Lồn nhỉ ae ??,"[23, 24, 25, 26, 27, 28, 29]"
5190,Bamtp chạy ngay ddi:)),[]
5191,"Nói tóm lại là thời gian này A chung đang bị ngáo đá nên toàn nói lung tung, hầu như phát biểu không có chuẩn mực ))) Thương cho Dân thủ đô có người đứng đầu vô liêm sỉ ......... Tốt nhất cho A í vào trại cai tiền thôi kkkkkkkk","[45, 46, 47, 48, 49, 50, 51, 66, 67, 68, 69, 70, 71, 72, 73, 74, 95, 96, 97, 98, 99, 100, 101, 102, 103, 104, 105, 106, 107, 108, 109, 110, 111, 112, 158, 159, 160, 161, 162, 163, 164, 165, 166, 167, 200, 201, 202, 203, 204, 205, 206, 207, 208, 209, 210, 211, 212]"
5192,ngu thì nhận đi abe,"[0, 1, 2]"
5193,Khẩu nghiệp quá. Con cháu nghe xấu hổ chết.,"[0, 1, 2, 3, 4, 5, 6, 7, 8, 9, 10, 38, 39, 40, 41]"
5194,E thấy tư duy anh Ba không thi Siêu Trí Tuệ bộ môn Marco thì hơi phí,[]
5195,Ghê tởm con bóng già 😡😡,"[0, 1, 2, 3, 4, 5, 6, 8, 9, 10, 11, 12, 13, 14, 15, 16, 17, 18, 19]"
5196,Đập chết cmn luôn,"[0, 1, 2, 3, 4, 5, 6, 7, 8, 9, 10, 11]"
5197,"Biết anh làm streamer mệt và khổ rất nhiều. Nhưng em thấy phục anh vì anh vẫn có thể vừa là vitamin cho bộ lạc vẫn hoàn thành tốt nghĩa vụ của 1 người cha, 1 người chồng, 1 cái trụ cột cho gia đình. Hãy cố gắng giữ gìn những hạnh phúc này nha anh Độ",[]
5198,nhạc jack nghe nhiều mới nghiền,[]
5199,Tùng giỏi thực sự,[]
5200,Trời ơi ! Ngày xưa a tôi khác quá =)))),[]
5201,Huyền Võ thầy của bạng nè bạng iu,[]
5202,Cố lên bác,[]
5203,Mày chửi đi ad . Đúng nghề chửi đấy,"[0, 1, 2, 4, 5, 6, 7, 27, 28, 29, 30]"
5204,không chú nào quỳ bố nó xuống nước cho ổng dẫm lên lưng bước qua...như vậy có thể mau lên chức hay sớm được chiếu cố hơn! quan nhà sản có khác...bị khuyết tật!,"[14, 15, 16, 18, 19, 20, 21, 22, 43, 44, 45, 46, 47, 48, 49, 50, 51, 52, 53, 54, 122, 123, 124, 125, 126, 127, 128, 129, 130, 131, 132, 133, 134, 135, 136, 137, 138, 139, 140, 141, 142, 143, 144, 145, 146, 147, 148, 149, 150, 151, 152, 153, 154, 155, 156, 157]"
5205,me may du,"[0, 1, 2, 3, 4, 5, 6, 7, 8]"
5206,Má ba thật quá,[]
5207,Chuyển a sang phòng tạm giam cho đỡ ngột ngạt =)),"[20, 21, 22, 23, 24, 25, 26, 27]"
5208,A vẫn chăm chỉ nayd a vẫn cố găng cho đến khi lỗ đít của a bị mọc đinh 🤧🤧 kiểu vừa đấm vừa xoa .. Rap fofun vc 🤣🤣🤣,"[46, 47, 48, 49, 50, 51, 66, 67, 68, 69, 108, 109]"
5209,Nấu nổi canh chua như cái bả lồn vậy ai dám ăn. Tao nói hả cái mặt của mày nhìn như trái hủ qua,"[26, 27, 28, 29, 30, 31, 48, 49, 50, 59, 60, 61, 62, 63, 64, 65, 66, 67, 68, 69, 70, 71, 72, 73, 74, 75, 76, 77, 78, 79, 80, 81, 82, 83, 84, 85, 86, 87, 88, 89, 90, 91, 92, 93, 94]"
5210,Minh Khánh đr b bài này t nghe hơi ngứa xíu,"[24, 35, 36, 37, 38]"
5211,Xã hội cong vòng,"[0, 1, 2, 3, 4, 5, 6, 7, 8, 9, 10, 11, 12, 13, 14, 15]"
5212,"đền cái cc nhá, vào nước ng ta phá hoại, dân đéo đồng ý nhá, chỉ có tay sai cho tàu đồng ý cho vào thôi. Cút hết về nước","[8, 9, 45, 46, 47, 68, 69, 70, 71, 72, 73, 74, 105, 106, 107, 108, 109, 110, 111]"
5213,Dạo này nhìn chú em đẹp troai hơn đó...  😁,[]
5214,Cố lên nhé🥰,[]
5215,6.103.847 view rồi các đóm ơi🐝🐝🐝,[]
5216,ok chi noi hay qua,[]
5217,Vẫn cứ là ok anh ơiii❤️,[]
5218,Trần Lê Minh Hùng :))))),[]
5219,Định mệnh rùi nay là mùng BA,[]
5220,Má,"[0, 1]"
5221,Vàng ngọc cl đừng có xạo l nha condi mất dạy,"[10, 11, 21, 22, 23, 24, 25, 31, 32, 33, 34, 35, 37, 38, 39, 40, 41, 42, 43]"
5222,Quang Nam ô nghe thấy ko hay đâu có nghĩa là bài đấy ko hay vs mọi ng,[]
5223,Haizzzzzz. ..😕,[13]
5224,Nói gì thì nói,[]
5225,Hoàng Văn Thuận nên xử bắn hed,"[20, 21, 22, 23, 24, 25]"
5226,Ngu + phong bì + cấp quyền = loạn ngôn..,"[0, 1, 2, 3, 4, 5, 6, 7, 8, 9, 10, 11, 12, 13, 14, 15, 16, 17, 18, 19, 20, 21, 22, 23, 24, 25, 26, 27, 28, 29, 30, 31, 32, 33, 34, 35, 36, 37, 38, 39, 40, 41]"
5227,"Lũ hại dân rồi sẽ chẳng có gì xẩy ra với chúng còn dân thì vẫn mãi bị đàn áp, đm lũ tham quan","[0, 1, 2, 3, 4, 5, 6, 7, 8, 9, 41, 42, 43, 44, 45, 70, 71, 72, 73, 74, 75, 78, 79, 81, 82, 83, 84, 85, 86, 87, 88, 89, 90, 91, 92]"
5228,Con cho,"[4, 5, 6]"
5229,Hóng J97 vs B52 hợp tác,[]
5230,Dương Kỳ hắt xì vẫn toang =)),[]
5231,Quân Anh dơ nhưng kích thích,[]
5232,Nói đúng còn nói to,[]
5233,Đang táo xem trần dần / vấn đề đã được giải quyết /,[]
5234,Bán ba cái nước hoa xạo,"[20, 21, 22]"
5235,lãnh đạo v+ toàn bọn ăn tàn phá hoại đúng quy trình.,"[17, 18, 19, 20, 21, 22, 23, 24, 25, 26, 27, 28, 29, 30, 31, 32, 33, 34, 35]"
5236,xin lỗi tụi bay chết kệ bà tụi bây tụi tao kiểm tra có cái cục cức gì đâu ( tao biết đó là thứ gì ),"[8, 9, 10, 11, 12, 13, 14, 16, 17, 18, 19, 24, 25, 26, 27, 28, 29, 30, 31, 32, 33, 35, 36, 37, 38, 39, 40, 41, 59, 60, 61, 62, 63, 64, 65, 76, 77, 78]"
5237,A loooo,[]
5238,Cởi bố ra cho rồi ngứa mắt á🤦‍♀️,"[4, 5]"
5239,Do thiếu lozz ngọc trinh nên hôm qua tiệp hơi nông nỗi,"[9, 10, 11, 12, 46, 47, 48, 49, 50, 51, 52, 53]"
5240,loạn cực,"[0, 1, 2, 3]"
5241,Văn Trần ahihi .,[]
5242,Đi coppy ảnh của page khác không ghi nguồn. :))) kém chuyên nghiệp,"[49, 50, 51]"
5243,Đúng rồi chị iu. Dạy. Họ nó bài học đi chị con linh lóc này nó bị khùng  (nhũn não ) C tự nhiên hi kkkkkk e mến chị rồi đó hen,"[25, 26, 43, 44, 45, 60, 61, 66, 67, 68, 69, 70, 74, 75, 76, 77, 78, 79, 80, 81]"
5244,Mong cụ về việt nam sớm bằng đôi chân khoẻ mạnh chứ 2022 cụ về bằng hòm là cả triệu người khóc,[]
5245,Huỷ lễ tang mẹ m à,"[4, 5, 6, 7, 8, 9, 10, 11, 12, 13, 14, 15]"
5246,Việt Nam sẽ là nước đứng tóp đầu về nước đáng khinh nhất thế giới,"[0, 1, 2, 3, 4, 5, 6, 7, 8, 9, 10, 11, 12, 13, 14, 15, 16, 17, 18, 19, 20, 21, 22, 23, 24, 25, 26, 27, 28, 29, 30, 31, 32, 33, 34, 35, 36, 37, 38, 39, 40, 41, 42, 43, 44, 45, 46, 47, 48, 49, 50, 51, 52, 53, 54, 55, 56, 57, 58, 59, 60, 61, 62, 63, 64]"
5247,đó là sự tinh tế kèm theo một chút vãi loz.,"[35, 36, 37, 38, 39, 40, 41]"
5248,Mong anh Khánh sẽ đầu tư trả lương cho team refund để team được chơi tiếp trên con đường pubg chuyên nghiệp,[]
5249,Em hok cmt gì hết mà tự nhiên lên fan cứng nehhhh,[]
5250,"đéo biết thì im, thằng cục trưởng cục phân kia bảo dư lượng chất độc trong nông sản vượt mức cho phép nhưng ăn vào ko sao, độc giả tức quá nên mới bảo ""Kính thưa thằng cục cứt: chất độc ko thể ăn được"", hiểu chửa???","[0, 1, 2, 13, 14, 17, 18, 19, 20, 21, 34, 35, 36, 37, 38, 39, 40, 41, 60, 61, 62, 63, 64, 65, 66, 67, 162, 163, 164, 165, 166, 167, 168, 169, 170, 171, 172, 173, 174]"
5251,Thầy Sonic giật dữ quá =))),[]
5252,Tân Hiệp Phát ah ^^,[]
5253,"Ông này có chơi xk ko, thấy bị điên... cũng tội","[31, 32, 33, 34]"
5254,Công nhận,[]
5255,"Đa số bố mẹ lao vào kiếm tiền bất chấp cả gian dối , tham nhũng thì con nó cũng bất chấp vì tiền. Thay bằng kiếm tiền xứng đáng và giành thời gian tình cảm cho con thì con nó cũng vì bố mẹ.... cha nào con lấy. Công bằng thôi chỉ là khôn dại đồng tiền loá mắt","[42, 43, 44, 45, 46, 47, 48, 49, 53, 54, 55, 56, 57, 58, 59, 60, 61, 62, 72, 73, 172, 173, 232, 233, 234, 235, 236, 237, 238, 239]"
5256,:))) đôi khi sang quá cũng tạo nên cái đẹp rất riêng,[]
5257,Đm mặc sịp vào chim to vcl ạ =)))),"[0, 1, 15, 16, 17, 18, 23, 24, 25]"
5258,"Xin cụ bảo trọng, nếu cụ chưa muốn về tái sinh để làm Vua trẻ ở một thế giới nào đấy !",[]
5259,Hết nói nổi 😥😥,[]
5260,bệnh dịch corona cuvid 19 lai tạo.con giặc  corona cuvid 20 lai tạo. 2 loại này Thuột dạng báo đời,"[34, 35, 36, 37, 38, 39, 40, 41, 71, 72, 73, 74, 91, 92, 93, 94, 95, 96, 97]"
5261,Bùi Văn Lực,[]
5262,No mung vi no su sai nhung van co nguoi bi ngoi tu vi ngu,"[0, 1, 11, 12, 48, 49, 54, 55, 56]"
5263,Đcm yêu nhau thế cơ à?,"[0, 1, 2]"
5264,( ꈍᴗꈍ),[]
5265,"xin lỗi, nếu tôi là 1 thanh niên trai tráng đứng trước 1 ông lão 60 tuổi đi không vững thì tôi cũng làm thế :)",[]
5266,Huyềnn Khánh z hả kk,[]
5267,Trân Dân.mày vê VN tao sē Công Đâu Mày....Nhơ lơi tao nói...Thương bé lăm,"[9, 10, 11, 19, 20, 21, 26, 27, 28, 29, 50, 51, 52]"
5268,"Mày làm như lên cái là hết trộm cướp ấy, với cái xã hội này chỉ có thể hạn chế thôi là đã mừng rồi nhé","[0, 1, 2, 27, 28, 29, 30, 31, 32, 33, 34, 35, 45, 46, 47, 71, 72, 73, 74, 75, 76, 77]"
5269,Nhớ nghỉ hẳn luôn nhé ☺️,[]
5270,Hợp lí anh ưiii,[]
5271,Chơi game với Levi là chả cần lo nghĩ nhiều gì :))),[]
5272,Liên quan gì mỹ bảo vệ vn?????? câu chuyện đó phải nói là mỹ bảo vệ 3que nhen hông,"[68, 69, 70, 71]"
5273,"Tạm đình chỉ, chờ cấp phép rồi xey dựng lủ ngu ạ. Với lại có 1 số hạng mục xây dựng ngoài thiết kế. Thằng chó nào mạnh miệng bảo dừng xây dựng luôn ko??","[40, 41, 42, 43, 44, 45, 100, 101, 102, 103, 104, 105, 106, 107, 108]"
5274,Nghe ns chuyến này thầy đánh cko skt,[]
5275,Ý thức của chị còn thấp hơn cả điểm hoá của em 🙂,"[0, 1, 2, 3, 4, 5, 6, 7, 8, 9, 10, 11, 12, 13, 14, 15, 16, 17, 18, 19, 20, 21, 22, 23, 24, 25, 26, 27, 28, 29, 30, 31, 32, 33, 34, 35, 36, 37, 38, 39, 40, 41, 42, 43, 44, 45]"
5276,Noi Tum lai hai thang đều ngu,"[16, 17, 18, 19, 20, 27, 28, 29]"
5277,thầy gê thiệt,[]
5278,Hơi rộng,[]
5279,Bã mướng con bóng già nào chửi chị á Minh Hiếu,"[0, 1, 9, 10, 11, 12, 13, 14, 15, 16, 17, 18, 19, 20, 26, 27, 28, 29]"
5280,Lmcs,"[0, 1, 2, 3]"
5281,Abe hiểu ý học sinh quá!,[]
5282,Cộng sản toàn lũ tư tưởng độc đảng,"[14, 15]"
5283,"Anh Quyền tốt hơn 👍 vì vậy , Chú 3 hãy cho petland về Phú Yên đi !",[]
5284,Mỗi người dân ta phải đoàn kết và đại đoàn kết. Thì sẽ thắng được covic19,[]
5285,trốn kĩ vô anh ơiii =))))),[]
5286,"Duyên Phạm nghỉ cũng đc í, mà nghỉ ko lương nha :))))))",[]
5287,Nguyễn Bá Quang giống mấy con bò :)) cứ tưởng thế là hay là hài hước.,"[26, 27, 28, 29, 30, 31, 40, 41, 42, 43, 44, 45, 46, 47, 48, 49, 50, 51, 52, 53, 54, 55, 56, 57, 58, 59, 60, 61, 62, 63, 64, 65, 66, 67]"
5288,Tất cả đều đúng,[]
5289,Đầu nè @.@,[]
5290,Cô chuyển giới đúng năm con ra đời luôn á cô 😅😅😅,[]
5291,vì thái lan hiểu quá rõ mọi con đường búa liềm đều dẫn tới tham nhũng,"[38, 39, 40, 41, 42, 43, 44, 45, 59, 60, 61, 62, 63, 64, 65, 66, 67, 68]"
5292,Thôi ông im mẹ cái mồm đi,"[9, 10, 11, 12, 13, 14, 15, 16, 17, 18, 19, 20, 21]"
5293,kay vờ lờ.,"[4, 5, 6, 7, 8]"
5294,Ơn trời. Idol vẫn khỏe,[]
5295,"RIết thằng ad chửi nhảm quá, cp1 gì thì chửi bệnh viện. Lôi cả cái đất nước vào làm gì :))","[5, 6, 7, 8, 9, 14, 15, 16, 17, 18, 19, 20, 21, 22, 40, 41, 42, 43]"
5296,Nói đéo ngoa thì cái xh này nát vcl rồi ế 😕😕😕,"[4, 5, 6, 28, 29, 30, 32, 33, 34]"
5297,Bùi Huyền nghe đồn năm nay chán,[]
5298,"Thang cc nao ma chang the dc,","[0, 1, 2, 3, 4, 5, 6, 7]"
5299,Phú Không Tên 🤣 đôn lên sf+ rep+ cho dễ bán hả haha,[]
5300,Bé Ba vailone:))),"[6, 7, 8, 9, 10, 11, 12]"
5301,Bóng già,"[0, 1, 2, 3, 4, 5, 6, 7]"
5302,Quản lý hay thu thập thông tin check hàng mới :v,[]
5303,Page này còn có tâm hơn NKYN.,[]
5304,Nó đéo biết ngại à,"[0, 1, 3, 4, 5]"
5305,Combo bất hạnh,[]
5306,Lan Hoa ăn nói như bộ phận sinh dục vậy bạn êii,"[8, 9, 10, 11, 12, 13, 14, 15, 16, 17, 18, 19, 20, 21, 22, 23, 24, 25, 26, 27, 28, 29, 30, 31, 32, 33, 34]"
5307,Troi oi cuoi muon xiu,[]
5308,h̦̟̉̑ͨ̓̚͟i̺̞̼͍̥̰ͧ̂̈́́̀n̼̺̩̟̞̺̣̈ͩ́ͣ̒͗͆͒h̦̟̉̑ͨ̓̚͟,[]
5309,Xuan Anh,[]
5310,"Phong cách ""chịch dở"" 🙈🙈🙈","[11, 12, 13, 14, 15, 16, 17, 18, 19, 20]"
5311,Đhs cứ mặc định nghĩ là nội bài là tđn nào nhỉ? Qatar thì nó cũng có sân bay mà từ qatar về hà nội phải transit qua bangkok nhé :))). Sân bay nào cũng có trộm cả thôi :))),"[0, 1, 2, 35, 36, 37]"
5312,Nhanh tay lên mn,[]
5313,về 572 gia định mà đòi đất ....kkkkkk..già mà ngu vl,"[39, 40, 41, 42, 43, 44, 45, 46, 47, 48, 50, 51]"
5314,"cmt,xem trước các thứ đầy đủ vẫn mất fan cứng thì chịuuuuu",[]
5315,Em tìm con Linh  chửi  cho nó 1 trận đánh cho nó bể mặt đi nó hách lối lắm ai nấy đều nhiều người nghét con Linh nầy,"[7, 8, 9, 17, 18, 19, 20, 27, 28, 37, 38, 39, 40, 46, 47, 49, 50, 51, 52, 53, 54, 62, 63, 64, 65, 66, 67, 68, 69, 98, 99, 100, 101, 102, 104, 105, 106]"
5316,Trịnh Hà Vy hiu r,[]
5317,Abe up kênh mới để e sub nào :)) Phạm Khánh,[]
5318,Ko lẽ a tạo trend Trình Thoại,[]
5319,"quá tội ,oan quá",[]
5320,Đc ván hay ông giáo gáy khét vc=)) 🥰,"[20, 21, 22, 23, 24, 25, 26, 27, 28, 29, 30]"
5321,Dễ thương quá bé ba ơi 😌😌😌,[]
5322,Nó lại hợp lý vl :),"[14, 15]"
5323,Chậm cái đầu buồi. Nhai như gia súc ko biết nhục à ? Hả thành phần cặn bã xã hội,"[9, 10, 11, 12, 13, 14, 15, 16, 19, 20, 21, 22, 23, 24, 25, 26, 27, 28, 29, 30, 31, 32, 33, 34, 44, 45, 46, 47, 67, 68, 69, 70, 71, 72]"
5324,"Ko đếm đk ông ấy nói bao nhiêu từ ""tất nhiên"" 😂😂",[]
5325,Mấy bài trước hợp tác với kicm còn hay chứ vô nghe bài mới như hạch vậy,"[63, 64, 65, 66]"
5326,-.-,[]
5327,Bố cáu thằng ăn bám váy đàn bà,"[0, 1, 2, 3, 4, 5, 6, 7, 8, 9, 10, 11, 12, 13, 14, 15, 16, 17, 18, 19, 20, 21, 22, 23, 24, 25, 26, 27, 28, 29]"
5328,Quỳnh Bé Quỳnhh Như Ánh Cass Sếp nhà người ta..,[]
5329,Thầy solo vs faker đỉnh quá,[]
5330,"Cái gian hàng trong tổ hợp nhà ga chứ đéo phải cả nhà ga nhá :v ngu vừa thôi,ngu hết cả phần thiên hạ","[38, 39, 40, 64, 65, 66, 77, 78, 79]"
5331,Mai Thu Hoàng huhu mạnh mé lên nào:))))),[]
5332,Ông Vũ Hoàng Lân troll ông Trần Dần hoài hehe,[]
5333,Chị hiếu nc mắc Cuoi thiet,[]
5334,Tụt mẹ m ra cho nhanh đỡ phải mặc,"[4, 5, 7]"
5335,3/ k thích điều này,"[0, 1]"
5336,đc cái xl là hay😆,"[7, 8]"
5337,Kim Phượng thế con ngu ở hà nội p nó cũng nhảy bông nhông khắp nơi đó p,"[15, 16, 17, 18, 19, 20, 21, 34, 35, 42, 43, 44, 45, 46, 47, 48, 49, 50, 51, 52, 53, 54, 55, 56]"
5338,tị tào lao,"[3, 4, 5, 6, 7, 8, 9]"
5339,Ngu vl... tầm nhìn bọn trẻ trâu việt plus chỉ được 1 năm thôi đéo được 100 năm đâu. phá đi phá cho tan cái đất nước này đi. dân ngu hậu quả 1 quan ngu hậu quả 10,"[0, 1, 2, 3, 4, 5, 19, 20, 21, 22, 23, 24, 25, 26, 27, 28, 29, 30, 32, 33, 34, 35, 36, 37, 38, 39, 40, 62, 63, 64, 84, 85, 86, 91, 92, 93, 94, 95, 96, 97, 98, 99, 100, 101, 102, 103, 104, 105, 106, 107, 108, 109, 110, 111, 112, 113, 114, 128, 129, 130, 147, 148, 149]"
5340,Đinh Huyền Trang ido của tôi.hahaa,[]
5341,"Nguyễn Tuấn Hiệp , nhưng thực sự nhạc nhẽo đéo nghe nổi hết 1phút =))))","[33, 34, 35, 36, 37, 38, 39, 40, 41, 43, 44, 45]"
5342,mong cho nó trút moẹ tro vào quần !,"[9, 10, 12, 13, 14, 15, 16, 17, 18, 19]"
5343,Chí Bảo nhung chứ chung cc à,"[24, 25]"
5344,Cô quá trời đẹp rồi 💗💗💗💗,[]
5345,Bốc sư tất nhiên là xạo quá ròi tất nhiên là súng bắn không tói ông nhưng tất nhiên rằng corona tất nhiên là sẽ tới thăm viếng bốc sư tất nhiên,"[20, 21, 22, 89, 90, 91, 92, 93, 94, 95, 96, 97, 98, 99, 100, 101, 102, 103, 104, 105, 106, 107, 108, 109, 110, 111, 112, 113, 114, 115, 116, 117, 118, 119, 120, 121, 122, 123, 124, 125]"
5346,@Đạt Henry chắc bà í phi giới tính 😆,[]
5347,Nguyễn Thị Hương cùng suy nghĩ,[]
5348,Đm dlv bơi hết vào đây,"[0, 1, 2, 3, 4, 5]"
5349,Lâm Đình Khoa,[]
5350,Trinh ở ngoài đéo ai thèm ngó đâu anh cứ an tâm ở đấy,"[14, 15, 16]"
5351,"Cá chết vẫn chưa rõ nguyên nhân, biển thì vẫn đầy chất độc, chính quyền vẫn hô hào những chuyện tào lao và im lặng những chuyện cấp bách. Cứ thế này bà con ta sẽ sống như thế nào đây?","[50, 51, 52, 53, 54, 55, 56, 57, 76, 77, 78, 79, 80, 81, 82, 83, 84, 85, 86, 87, 88, 89, 90, 91, 92, 93, 94, 95, 96, 97, 98, 99, 100, 101, 102, 107, 108, 109, 110, 111, 112, 113, 114, 115, 116, 117, 118, 119, 120, 121, 122, 123, 124, 125, 126, 127, 128, 129, 130, 131, 132, 133, 134, 135]"
5352,:)) cay vl,"[8, 9]"
5353,Nguyễn Văn Nam vẽ 1 bức bao nhiêu vậy bạn,[]
5354,Cô nói chuyện thiệt thà dễ thương quá à,[]
5355,"Tu cái miệng lại đi,cái miệng mở ra thúi như cái ống cống vậy","[24, 25, 26, 27, 28, 29, 30, 31, 32, 33, 34, 35, 36, 37, 38, 39, 40, 41, 42, 43, 44, 45, 46, 47, 48, 49, 50, 51, 52, 53, 54, 55, 56]"
5356,Hong Son Tran nếu không thích bác có thể bấm nút unlike mà chứ bác nói vậy éo ai cảm thông đâu :))),"[75, 76]"
5357,Việt nam mình gọi là Hoa cánh Bướm,[]
5358,Phú Nguyễn kế hoạch 20 năm😂😂😂,[]
5359,Ở một diễn biến khác của các bạn nam triều tiên :),[]
5360,cô ấy đang xem gì đó,[]
5361,Nay rủ Nhung đi uống trà đá Nhung không đi :)),[]
5362,Mù mắt em r thầy ơi,[]
5363,Phúc bao nhiêu cái show thì có 1 lỗi thế bạn? Chứ mv vẫn hit mà😀,[]
5364,Tùngg Ngố cl,"[6, 7, 8, 10, 11]"
5365,Có con gái thật tuyệt,[]
5366,Thiên cơ bất khả lộ,[]
5367,não chó thì câm đi,"[0, 1, 2, 3, 4, 5, 6, 12, 13, 14]"
5368,Dạy bơi cho cá. Bơi thì đương nhiên nó bơi được vì nó là cá. Làm sao cho nó sống được mới là điều người dân đang quan tâm.,"[73, 74]"
5369,"Cô ấy chạy sát lề phía tay phải rồi mà, sao lại trách người ta như vậy",[]
5370,QuânAnh dogy chứ,"[8, 9, 10, 11]"
5371,"mình thờ ơ với nó, đến một ngày, nó sẽ đến tìm mình",[]
5372,Cực kì thuyết phục !,[]
5373,bốc bốc hửi hửi :)),[]
5374,chán cái địt cụ mày,"[9, 10, 11, 12, 13, 14, 15, 16, 17, 18]"
5375,"Cái mỏ giống cá tai tượng quá ,,bởi vậy nó sạo ke cai thứ chửi Việt nam la kg ưa roi","[4, 5, 40, 41, 43, 44, 45, 46, 47, 48, 50, 51, 52, 53, 54, 55, 56, 58, 59, 60, 61, 75, 76, 77, 78, 79]"
5376,được a oi,[]
5377,Đo cho tui bey lam gio ban xa hoi,"[7, 8, 9, 10, 11, 12, 13, 19, 20, 21, 22, 23, 24, 25]"
5378,👍👍👍👍👍👍,[]
5379,Chị ba là mẹ của cẩm sục kẹc,"[21, 22, 23, 24, 25, 26, 27]"
5380,Giờ ghê răng lắm rồi,[]
5381,bản kia hay hơn,[]
5382,Khỏi ăn 2 con,[]
5383,"Meta mới, susan đi bot =)))",[]
5384,Tôi cho là Vượng Vin đang làm chủ đất Việt chứ không phải bộ chính trị. ! Nếu không kiểm soát được quan chức cán bộ thì sẽ bị vặt lông như TVB,"[11, 12, 13, 14, 15, 16, 17, 18, 19, 20, 21, 22, 23, 24, 25, 26, 27, 28, 29, 30, 31, 32, 33, 34, 35, 36, 37, 38, 39, 40, 41, 42, 43, 44, 45, 46, 47, 48, 49, 50, 51, 52, 53, 54, 55, 56, 57, 58, 59, 60, 61, 62, 63, 64, 65, 66, 67, 68, 69, 126, 127, 128, 129, 130, 131, 132, 133]"
5385,truyền thống văn hóa tốt đẹp từ thời hòn dái viễn đông nhé :v,"[37, 38, 39, 40, 41, 42, 43, 44, 45, 46, 47, 48, 49, 50, 51, 52, 53]"
5386,Huy Vũ ;)),[]
5387,Không biết vui hay buồn. Lần đầu tiên trong đời ngắn như này luôn,[]
5388,Cập nhật,[]
5389,nhà ai có người làm trong sân bay thì nhục phụ cái,"[38, 39, 40, 41]"
5390,KDA đẹp nhất❤❤,[]
5391,Tuy rằng anh nói rất Thuyết phục nhưng em vẫn phải mua ✌,[]
5392,ko có vần mà,[]
5393,"Nó khóc, nó xin lỗi  rồi nó lại chửi tiếp . Con này nó coi trời bằng vung nhỉ? Sao nói mấy tay giang hồ gì đó hỏi thăm nó rồi mà nó có sợ gì đâu ta???","[0, 1, 9, 10, 25, 26, 32, 33, 34, 35, 44, 45, 46, 52, 53, 55, 56, 57, 58, 59, 60, 61, 62, 63, 64, 65, 66, 67, 68, 69, 70, 71, 72, 119, 120, 129, 130]"
5394,tag em này 🤷🤷,[]
5395,Chi ba vang that kg so lua.chi ba giup e. Khoa cai mieng con ho xuan huong o viet nam kg biet no dc bao nhieu tien ma si nhuc con nguoi ta 1 cach kinh tom,"[57, 58, 59, 94, 95, 118, 119, 120, 121, 122, 123, 124, 146, 147, 148, 149, 150, 151, 152, 153]"
5396,Ủa chứ bữa xin lỗi khóc tế om xòm mà giờ chửi nữa rồi bó tay con này hỗn quá,"[41, 42, 43, 44, 61, 62, 63, 69, 70, 71]"
5397,Nhà mình mà muốn đi vào chăm sóc cho con cái phải xin phép thằg hàng xóm . Nó cho mới vào đc . Nhục nhục đm nó nhục.....,"[59, 60, 61, 62, 75, 76, 95, 96, 97, 98, 99, 100, 101, 102, 103, 105, 106, 107, 108, 109, 110, 111, 112, 113, 114]"
5398,Tư Nha và Hùng là câu chuyện hư cấu à kkk,[]
5399,trẻ trâu à,"[0, 1, 2, 3, 4, 5, 6, 7]"
5400,"Bún ốc riêu cua 50k/ bát , ngõ chợ đồng xuân ngày 3 tết @@",[]
5401,Tùng h chỉ làm tóc giả hc dùng Max Hair thôi,[]
5402,lại nữa àh.... tụi thân cộng nó như sói đói... luôn luôn rình rập,"[15, 16, 17, 18, 19, 20, 21, 22, 23, 24, 25, 26, 27, 28, 29, 30, 31, 32, 33, 34, 35, 36, 37, 38, 39, 40, 41, 42]"
5403,Cắt bớt đất bán cho trung để trả =)),[]
5404,Vu Quynh Huong xin link bài viết ạ 😂,[]
5405,Nguyễn Bá Quang vào xem cmt ko vui như trk đkm cno óc chó vl,"[43, 44, 45, 47, 48, 49, 51, 52, 53, 54, 55, 56, 57, 58, 59]"
5406,Cái thần này.gió chieu nao .che chiei đo.khau ngiep.chet ko đau thai,"[0, 1, 2, 3, 4, 5, 6, 7, 13, 14, 15, 16, 17, 18, 19, 20, 21, 22, 23, 24, 25, 26, 27, 28, 29, 30, 31, 32, 33, 34, 35, 36, 37, 38, 39, 41, 42, 43, 44, 45, 46, 47, 48, 49, 50, 52, 53, 54, 55, 56, 57, 58, 59, 60, 61, 62, 63, 64, 65, 66, 67]"
5407,Ông im mẹ mồm đi :))))))),"[7, 8, 9, 10, 11, 12]"
5408,Mến em đã lâu hôm nay mới biết em người chuyện giới 👍👍👍,[]
5409,"Mình tính mua iphone 11 pro max hoặc iPhone xs max mà đang phân vân quá, ae cho hỏi giữa bên FPT shop và TGDD bên nào váy ngắn hơn v?",[]
5410,Đume lấy tiền đô đi đường quyền nó cô 💵💵💵,"[0, 1, 2, 3, 32, 33]"
5411,ThanhHuy Nguyen dơ vcl=))),"[16, 17, 18, 19, 20, 21]"
5412,Corona tuổi lon vs cơ bắp a tôi,"[7, 8, 9, 10, 11, 12, 13, 14]"
5413,Cưng bã dễ sợ,[]
5414,My Tran gg,[]
5415,đéo đc tham gia ấy chứ,"[0, 1, 2]"
5416,"Làm như ở dưới gầm giường người ta mà nói, ad nói chuyện ngu vđ","[0, 1, 2, 3, 4, 5, 6, 7, 8, 9, 10, 11, 12, 13, 14, 15, 16, 17, 18, 19, 20, 21, 22, 23, 24, 25, 26, 27, 28, 29, 30, 31, 32, 33, 57, 58, 59, 60, 61, 62]"
5417,Trước khi làm gì cũng nên lắp não vào rồi làm gì thì làm chứ. Để não thành hoá thạch à,"[0, 1, 2, 3, 4, 5, 6, 7, 8, 9, 10, 11, 12, 13, 14, 15, 16, 17, 18, 19, 20, 21, 22, 23, 24, 25, 26, 27, 28, 29, 30, 31, 32, 33, 34, 35, 36, 62, 63, 64, 65, 66, 67, 68, 69, 70, 71, 72, 73, 74, 75, 76, 77, 78, 79, 80, 81, 82, 83]"
5418,Cực kì thuyết phục!!!!!!!,[]
5419,Sắp tự kỉ vì quá mệt mỏi thì gặp ngay quả ảnh đéo đỡ nổi 🙂,"[4, 5, 6, 7, 8, 46, 47, 48]"
5420,"thuốc mê thì gây mê , thầy thì gây nứng 😀","[35, 36, 37, 38]"
5421,"mịa, bao nhiều đời đéo dẹp được, ông Thăng lên được mấy tháng thì dẹp thế đéo nào ngay được, nói ngu vl","[0, 1, 2, 19, 20, 21, 74, 75, 76, 97, 98, 99, 100, 101, 102]"
5422,trời ơi là trời chủ thớt ơi i live you....,[]
5423,Lê Vân b này giống mình đẻ xong tóc mọc lung tung toé,[]
5424,"Một câu chuyện cổ tích rất hay được sáng tác bởi công an Việt Nam. Giỏi lắm các chiến sĩ vì nước quên dân, vì thân phục vụ.","[89, 90, 91, 92, 93, 94, 95, 96, 97, 98, 99, 100, 101, 102, 103, 104, 107, 108, 109, 110, 111, 112, 113, 114, 115, 116, 117, 118, 119, 120, 121]"
5425,Dụ má,"[0, 1, 2, 3, 4]"
5426,Đm,"[0, 1]"
5427,Thì rõ ràng VN vô đích nên tuy sống với ô nhiễm ở mức nguy hại nhưng dân ta vẫn vui vẻ đi bão và tướng niểng bảo dân ta vẫn vô cùng thông minh đấy thôi !,"[31, 32, 33, 34, 35, 36, 37, 38, 39, 40, 41, 42, 43, 44, 45, 46, 47, 48, 49, 50, 51, 52, 53, 54, 55, 56, 57, 58, 59, 60, 61, 97, 98, 99, 100, 101, 102, 103, 104, 105, 106, 107]"
5428,"Nó học cách của thằng anh nó đó , hèn , khốn nạn","[0, 1, 16, 17, 18, 19, 20, 26, 27, 34, 35, 36, 40, 41, 42, 43, 44, 45, 46, 47]"
5429,Game cu lon nay=))),"[5, 6, 7, 8, 9, 10]"
5430,Đồng Nhựt Huy thiết nghĩ cho vào quan tài là hợp lý 🤣,[]
5431,Còn ko làm mà đòi ăn thì ăn...,[]
5432,Vài bữa nữa thở cũng phải đóng thuế,[]
5433,"Phố bolsa là nơi bịa đặt  đồn tin thất thiệt lại có những người phét lác như trần dần thế mà vẫn có những người tin đúng là "" ngưu tầm mưu mã tầm mã""","[64, 65, 66, 67, 68, 69, 70, 71, 126, 127, 128, 129, 130, 131, 132, 133, 134, 135, 136, 137, 138, 139, 140, 141, 142, 143, 144, 145, 146, 147]"
5434,Ừ OKE,[]
5435,Dân bầu sai lãnh đạo thì chẳng lẽ là lãnh đạo sai ?,"[0, 1, 2, 3, 4, 5, 6, 7, 8, 9, 10, 11, 12, 13, 14, 15, 16, 17, 18, 19, 20, 21, 22, 23, 24, 25, 26, 27, 28, 29, 30, 31, 32, 33, 34, 35, 36, 37, 38, 39, 40, 41, 42, 43, 44, 45, 46, 47, 48]"
5436,Không đeo khẩu trang là dân play nha :(((,[]
5437,cháu còn nhỏ đừng xạo loz theo bố cháu nhé tùng,"[18, 19, 20, 21, 22, 23, 24]"
5438,cút . Cho nó nhanh,[]
5439,Anh Trung weeboo =))),"[10, 11, 12, 13, 14, 15]"
5440,Thử ko cho giải xem . Chống phá nhà nước à,[]
5441,Ng Tuấn Châu uầy gắt vđ,"[17, 18, 19, 20, 21, 22]"
5442,Con nay het thuoc chua roi,"[0, 1, 2, 8, 9, 10, 11, 12, 13, 14, 15, 16, 17, 18, 19, 20, 21]"
5443,Maruko Linh gấu mèo bắc mỹ,[]
5444,Đợi cl thêm câu địt chị m độ said :v,"[4, 5, 16, 17, 18, 24]"
5445,"Lạy chúa, con đạo phật",[]
5446,Xin vd,[]
5447,Mỗi lần train là ổng petland đi ăn ngập mồm mới về😂,[]
5448,Lại đéo cayy đi,"[4, 5, 6, 7, 8, 9, 10, 11]"
5449,mua về dùng dần đê,[]
5450,Minh Hồng Nguyễn có vẻ mình ngược lại thì phải á c 😄😄,[]
5451,Abe thì ghê ồi,[]
5452,Luật pháp nhug cug phai co tinh nguoi chư,[]
5453,ừ,[]
5454,Cờ kia là đại diện cho hội nào vay ?,[]
5455,Ok Abe :3,[]
5456,"Coi chung té sập mặt , ông dan oi,",[]
5457,reaction đi thầy ơi,[]
5458,xịt lốp oto khác vs xịt lốp xe máy. tiền phạt oto khác vs xe máy,[]
5459,Ăn cực chờ không,"[3, 4, 5, 6, 7, 8, 9, 10, 11]"
5460,ad của page này chửi như muốn đổ cả rổ lồn vào mồm người khác ý :),"[16, 17, 18, 19, 39, 40, 41, 47, 48, 49]"
5461,Đóng cửa biên giới đi.,[]
5462,"Óc nó được nhồi đậu phụ thối mà, so sánh như thế là ad sai rồi","[0, 1, 2, 3, 4, 5, 6, 7, 8, 9, 10, 11, 12, 13, 14, 15, 16, 17, 18, 19, 20, 21, 22, 23, 24, 25, 26, 27]"
5463,Mom cho ko moc dc nga Voi,"[0, 1, 2, 3, 4, 5, 6]"
5464,y dị lun a ơi,[]
5465,Việt Tiến nghèo là rõ 🤦,[]
5466,"Đang họp nhưng kín, éo cho phóng viên vào. ĐM.","[20, 21, 43, 44]"
5467,Đa số ngừơi dân coi thường ônh Phát,[]
5468,"Lớn vậy đi fan cu tùng sói, vãi thật, thương yêu nó đc rồi , già đâu fan đứa cháu vãi lờ","[28, 29, 30, 61, 62, 63, 64, 65, 66, 67, 82, 83, 84, 85, 86, 87]"
5469,Trong Nguyen Nồn còn đẹp hơn bài này 😂😂😂,"[13, 14, 15]"
5470,"Có ai tự nhiên lên phường , rồi đi tự tử trên ấy không ? Giờ thằng nào con nào , muốn tự tự thì cứ việc lên phường cho nó gọn . Đỡ bị mất tài sản , với lại người nhà cũng dễ tìm nhá . chứ đừng có ra cầu rồi nhảy nghe hôn .","[35, 36, 37, 38, 39, 61, 62, 63, 64, 65, 71, 72, 73, 86, 87, 88, 89, 90]"
5471,chào mừng các b đến với Thiên Đường <3 <3,[]
5472,Bê đê mà,"[0, 1, 2, 3, 4, 5, 6, 7]"
5473,tuấn kiệt 10 vợ cháu nhe,[]
5474,năm mới nghèo theo cách anh Ba,[]
5475,"Ô có tiên tri khi nào hết dịch Corona,và khi nào ông chết không?hay chỉ  nói xàm và xạo","[53, 54, 55, 56, 77, 78, 79, 84, 85, 86]"
5476,Cực kì thuyết phục 🤣,[]
5477,Hậu Minơ Ok 🤣,[]
5478,hì,[]
5479,杰张 liên quan đéo gì đến con nó mà trù con nó kcos lỗ đít,"[13, 14, 15, 28, 29, 42, 43, 45, 46, 47, 48, 49, 50, 51, 52, 53, 54, 55]"
5480,Mày ko thay đổi thì ko những bị khóa mõm và khóa luôn cả tay mày luôn,"[0, 1, 2, 32, 33, 34, 35, 36, 37, 38, 39, 44, 45, 46, 47, 48, 49, 50, 51, 52, 53, 54, 55, 56, 57, 58, 59]"
5481,Deo vang bong khg vay me bong bu cat cho,"[0, 1, 2, 9, 10, 11, 12, 13, 14, 15, 16, 22, 23, 25, 26, 27, 28, 30, 31, 32, 33, 34, 35, 36, 37, 38, 39]"
5482,Duy Trần xin video với,[]
5483,Lê Hải Long K phân biệt dc gia súc và vật nui hả b . Có đi học k bạn ?,"[53, 54, 55, 56, 57, 58, 59, 60, 61, 62, 63]"
5484,@Văn Tuấn Mai m đéo bt câm mẹ có vài nghệ sĩ đã giải thích vì sao TĐ bán hàng 2 loại á,"[14, 16, 17, 18, 23, 24, 25, 26, 27, 28]"
5485,Dừa lắm :))),[]
5486,Nhưng ở Việt Nam nó lại thâm thuý vô cùng 😅😅,[]
5487,Trẻ trâu đóng film hài hả 🙂,"[0, 1, 2, 3, 4, 5, 6, 7]"
5488,TROI UI BA BEDE NAY CHICH HOC MON NHIEU WA NEN BI KHUNG VA NO BANH XAC ...HAH HAH,"[11, 12, 13, 14, 50, 51, 52, 53, 54, 59, 60, 61, 62, 63, 64, 65, 66, 67, 68, 69]"
5489,"Thay việt nam = 4, thái lan=2 vào phương trình trên ta được:",[]
5490,hãy có lên,[]
5491,Chỉ sợ muộn quá chị ơi em đang thiếu nợ 10 triệu mà chị dám cho em không số điện thoại của em là 094 154 3172,[]
5492,Thằng chó Ngọc đang bưng nồi cơm đã vở và ngồi khóc trong bịnh viện ung bướu vì hít thở không khí ô nhiễm!,"[0, 1, 2, 3, 4, 5, 6, 7, 8]"
5493,Nói mấy người nghèo cho chết đói. V trc đó gửi đồ về cho minh hiếu làm từ thiện dell gì,"[8, 9, 10, 11, 12, 13, 14, 15, 16, 17, 18, 19, 20, 21, 22, 23, 24, 25, 26, 27, 28, 29, 30, 31, 80, 81, 82, 83]"
5494,chi xinh quá e la fank cua chi đó ạ...fb chi la gì,[]
5495,Anh Thi nào đi đăng ký rủ anh nhé.,[]
5496,Ma no,"[0, 1, 2, 3, 4]"
5497,Ca sĩ k-icm đéo gì 🙂 ca sĩ câm,"[12, 13, 14, 19, 21, 22, 23, 24, 25, 26, 27, 28, 29]"
5498,"Nể nhất Lân Ca.! Sức chịu đựng thật phi thường,chứ e cười muốn sái hàm luôn.😂",[]
5499,Bê đê dơ,"[0, 1, 2, 3, 4, 6, 7]"
5500,Nhạc gì hay vậy,[]
5501,ThanhHuy Nguyen nào -.-,[]
5502,Tại sao phải trả lời thầy,[]
5503,Trần Dần nói tro sướng cái lỗ mồm .hắn này về VN .thì phải tro ngay vào thường tín hà tây,"[27, 28, 29, 30, 31, 32, 35, 36, 37]"
5504,Hay quá thầy ưiiii,[]
5505,Nguyễn Trọng Thái xạo lol vừa thôi,"[22, 23, 24]"
5506,Hình như là ĐHCN TPHCM!,[]
5507,bệnh ngề nghiệp thôi mà....,[]
5508,"Vẫn chưa phải đỉnh cao của Jack như bộ ba bài Sóng Gió,Hồng nhan,bạc phận ,ý kiến cá nhân😣",[]
5509,phuc phung tri giống cá giồ táp cứt chứ cá lóc đâu ra ^^,"[28, 29, 30, 31, 32, 33, 34]"
5510,"Chú toàn ơi ,video con còn nha con ác phủ vậy chết luôn đi Cho đỡ kẹp đất 😡😡😡","[19, 20, 21, 31, 32, 33, 35, 36, 37, 38, 39, 40, 46, 47, 48, 49, 50, 51, 52, 53, 54, 55, 56, 57, 58, 59, 60, 61, 62, 63, 64, 65, 66, 67, 68, 69, 70, 71, 72]"
5511,Bác cuốc sư rất nhiều fan. Chúc mừng.,[]
5512,Điệp Thương buồi a mày,"[12, 13, 14, 15, 19, 20, 21]"
5513,thằng tập cận bình mà vào quán này ăn bảo đảm mai quán này dẹp chắc,"[0, 1, 2, 3, 4, 59, 60, 61]"
5514,Nguyễn Triệu Thu Thảo mệt lòn 🙂,"[22, 23, 24, 25, 26, 27, 28, 29, 30]"
5515,Nguyễn Trang chị trang ơi anh độ !!!,[]
5516,Trần Nhật 🙂 m đọc lại cmt xem t ns đúng hay sai mà m ns t như con bò ở quê m,"[12, 30, 51, 56, 62, 63, 64, 65, 66, 67, 75]"
5517,Hoàng Ngọc Hòa sũa cc,"[15, 16, 17, 18, 19, 20]"
5518,Không phận cái đcmm thg ad ngu như chó,"[15, 16, 17, 18, 20, 21, 22, 27, 28, 29, 35, 36, 37]"
5519,Đưa cho lũ ngu cầm đầu là hư đường hư bột hết,"[8, 9, 10, 11, 12, 13, 15, 16, 17, 18, 19, 20, 21, 26, 27, 28, 29, 30, 31, 32, 33, 34, 35, 36, 37, 38, 39, 40]"
5520,dkm thằng nào sủa câu này -_-,"[0, 1, 2, 4, 5, 6, 7, 8, 9, 10, 11, 12, 14, 15, 16]"
5521,Tưởng đôi này :)),[]
5522,CON NAY MAT DAI THAT,"[0, 1, 2, 8, 9, 10, 11, 12, 13, 14]"
5523,Từ bao giờ người nhật mất ý thức như vậy💁,"[22, 23, 24, 25, 26, 27, 28, 29, 30, 31]"
5524,Cực kì thuyết phục =)))),[]
5525,Trấn thành đẹp trai đụ hariwon,"[20, 21]"
5526,Thèn em tui cũng bât kịp trend rồi 🤣🤣,[]
5527,Yêu cái db tốt nhất ko yêu,"[8, 9]"
5528,"TÂM THẦN CÓ THẦN LINH HƯỚNG DẪN ,DÁM LÀM .CHẾT NHÁT THÌ LÀM CHÓ ĐI ,LÀM NÔ LỆ ĐI .ÔNG TRỜI ĐANG RÂY ,LỰA LỘC AI LÀ CON ÔNG TRỜI TÀI ĐỨC VĂN VÕ TỪ BI BÁC ÁI RA LẢNH ĐẠO QUỐC GIA .AI LÀM ĐƯỢC ? TÔI VÀ ANH CHỊ .HÃY HANH ĐỘNG .TOÀN NGƯỜI VN NHÌN CHON LỰA ĐỦ TIÊU CHUẨN RA LÀM TỔNG THỐNG THAY ĐỔI CHẾ ĐỘ CSVN.","[0, 1, 2, 3, 4, 5, 6, 7, 42, 43, 44, 45, 46, 47, 48, 49, 50, 60, 61, 62, 72, 73, 74, 75, 76, 283, 284, 285, 286, 287, 288, 289, 290, 291, 292, 293, 294, 295, 296, 297, 298, 299, 300, 301, 302]"
5529,"Phạm Thanh Tùng dm t cười , rảnh éo chịu","[16, 17, 19, 33, 34]"
5530,Nguyễn Văn Huân,[]
5531,Anh tránh ra ...,[]
5532,Dân chơi Cao Bằng :))),[]
5533,Land : aba giải thích đi thế lày là thế lào :'(,[]
5534,Vì cô Minh Hiếu ngồi thôi cũng tỏa ánh vàng r mà :)),[]
5535,rút con kẹc. rút rút quài,"[4, 5, 6, 7, 8, 9, 10]"
5536,Đụ con đĩ mẹ thầy nhá,"[0, 1, 2, 3, 4, 5, 6, 7, 8, 9, 10, 11]"
5537,Đc của nó anh ạ,[]
5538,Tuyệt vời abe 😘,[]
5539,Dân Việt Nam se không còn nghe 1001 chuyện Ăn của quan nếu kéo cổ hết bọn việt cộng ra biển lớn làm bữa thịt người cho cá .,"[43, 44, 59, 60, 61, 62, 63, 64, 70, 71, 72, 73, 74, 75, 76, 77, 78, 79, 80, 81, 82, 100, 101, 102, 103, 104, 105, 106, 107, 108, 109, 110, 111, 112, 113]"
5540,Như 1 con bò động đực clm =))),"[6, 7, 8, 9, 10, 11, 12, 13, 14, 15, 16, 17, 18, 19, 20, 22, 23, 24]"
5541,"@Dad ‘S - ""Mỹ ác hơn tàu chứ bạn ơi""
Tàu ác hơn Mỹ trăm lần chứ bạn ơi
- ""có lẽ bạn kg biết lịch sử chính phủ Mỹ ...."" Có lẽ bạn không biết lịch sử tàu luôn luôn muốn nuốt chửng nước Việt ta qua mộng bành trướng không ngơi nghỉ. - ""nó gian tiếp kg trực tiếp như Trung Quốc ...""","[14, 15, 41, 42, 167, 168, 169, 170, 171, 172, 173, 174, 175, 176, 200, 201, 202, 203, 204, 205, 206, 207, 208, 209, 210, 232, 233]"
5542,Ko liên quan nhưng mọi người có thể vào tym dùm em đc ko ạ em cám ơn,[]
5543,Tr ơi,[]
5544,Cái thằng minh râu dâm dục chuyên ấu dâm các em thiếu nhi còn làm được cha già vĩ đại của mấy em bò đỏ thì nói chi đến mấy thằng bị tâm thần.,"[4, 5, 6, 7, 8, 19, 20, 21, 22, 23, 24, 25, 34, 35, 36, 37, 38, 39, 90, 91, 92, 93, 94, 95, 96, 97, 98, 99, 100, 101, 123, 124, 125, 126, 127, 132, 133, 134, 135, 136, 137, 138, 139]"
5545,Đẹp gái dữ ạ. Đừng nói tục nha.,[]
5546,Đem đưa lên cơ sơ xo thẩm quyền THP bốc phân mà ăn :),"[36, 37, 38, 39, 40, 41, 42, 43]"
5547,Chúc hơi muộn đó abe :)),[]
5548,Tốt nhất là giết bỏ đi vài thành phần óc chó đó là vừa,"[12, 13, 14, 15, 16, 17, 18, 38, 39, 40, 41, 42, 43]"
5549,Set này 200k còn chưa tính quả Quần Đùi Vĩnh Cửu đấy các ông :),[]
5550,Mồ tổ cha mày chứ ko tưởng nhớ. Mày ko biết xem tin tức ak,"[0, 1, 2, 3, 4, 5, 6, 7, 8, 9, 10, 11, 12, 32, 33, 34, 35, 36, 37, 38, 39, 40, 41, 42, 43, 44, 45, 46, 47, 48, 49, 50, 51, 52, 53, 54]"
5551,"Tìm chó thất lạc đặc điểm""cực kì thuyết phục""",[]
5552,"Vả vô cái mỏ loz mày bây giờ, thứ học sinh trời đánh","[0, 1, 10, 11, 12, 13, 14, 15, 17, 18, 19]"
5553,Cái cuộc chiến nồi da nấu thịt thì tự hào rồi nhồi nhét bao thế hệ. Còn cái bọn trung cộng nó xua cả triệu quân xuống tàn sát đồng bào thì mấy dòng qua loa.,"[15, 16, 17, 18, 19, 20, 21, 22, 23, 24, 25, 26, 27, 28, 29, 46, 47, 48, 49, 50, 51, 52, 53, 54, 76, 77, 78, 79, 80, 81, 82, 83, 84, 85, 86, 87, 88, 89, 91, 92, 118, 119, 120, 121, 122, 123, 124]"
5554,K hèn thì lấy cứt nuôi bụng bầu ah?,"[2, 3, 4, 14, 15, 16]"
5555,thầy đẹp lắm :V,[]
5556,cai dcm,"[4, 5, 6]"
5557,chuẩn bị đấu tố kiểu búa liềm,"[21, 22, 23, 24, 25, 26, 27, 28]"
5558,Đm cú vl,"[0, 1, 6, 7]"
5559,con gì trông cửa trông nhà,[]
5560,Bị tai nạn giao thông trong đồn c.a chứ.,"[3, 4, 5, 6, 7, 8, 9]"
5561,phe Nguyễn Phú Trọng compat tổng Nguyễn Tấn Dũng =)),"[0, 1, 2, 24, 25, 26, 27, 28, 29]"
5562,🙂🙂:)),[]
5563,Lúc đấy tui tưởng dị là ngầu,[]
5564,vãi đớp 😂,"[0, 1, 2, 3, 4, 5, 6]"
5565,Nhìn anh Châu dthw cute ghê thích anh r đó,[]
5566,Clm nó dơ như chó rách,"[0, 1, 2, 4, 5, 7, 8, 14, 15, 16, 17, 18, 19, 20, 21]"
5567,Thà để mồ hôi rơi trên sách còn hơn là rơi trên công trường các em nhé :( thôi anh ns vậy thôi . đi đảo nốt đống vữa đã,[]
5568,Đi ngược với chính sách ngu dân chỉ có chết,"[0, 1, 2, 3, 4, 5, 6, 7, 8, 9, 10, 11, 12, 13, 14, 15, 16, 17, 18, 19, 20, 21, 22, 23, 24, 25, 26, 27, 28, 29, 30, 31, 32, 33, 34, 35, 36, 37, 38, 39, 40, 41, 42]"
5569,Cường học ANND là hiểu rồi. dm đám côn đồ tụi mày là tay sai cho cái lũ lảnh đạo bán nước đây mà,"[28, 29, 31, 32, 33, 34, 35, 36, 37, 38, 39, 40, 41, 42, 43, 44, 45, 46, 47, 48, 53, 54, 55, 56, 57, 58, 59, 81, 82, 83, 84, 85, 86, 87, 88]"
5570,Vl :)),"[0, 1]"
5571,Clip có bác Dần là chắc chắn view cao:),[]
5572,tuyet voi,[]
5573,còn nhân dân sẽ nhớ muôn đời Lũ súc sinh con Nghiệt súc như mày,"[29, 30, 31, 32, 33, 34, 35, 36, 37, 38, 39, 41, 42, 43, 44, 45, 46, 47, 48, 49, 50, 51, 52, 53, 54, 60, 61, 62]"
5574,Dạo này không thấy bọn dlv vào chửi phản động nữa nhỉ. Hay tiền lương thấp quá không đủ nên chuồn rồi.,"[22, 23, 24, 25, 36, 37, 38, 39, 40, 42, 43, 44, 45, 46, 47, 48, 49, 50, 51, 52, 106, 107, 108, 109, 110, 111]"
5575,Nhảm loz,"[0, 1, 2, 3, 4, 5, 6, 7]"
5576,Hà Minh Hiền Phạm Tùng ai tag a khánh vào được k ạ,[]
5577,"VN giờ toàn mấy thằng ngu+ thất học lên làm lãnh đạo,phát biểu ngu ko chịu được","[16, 17, 18, 19, 20, 21, 22, 23, 24, 25, 26, 27, 28, 29, 30, 31, 32, 33, 34, 63, 64, 65, 66, 67, 68, 69, 70, 71, 72, 73, 74, 75, 76, 77, 78]"
5578,Moi lam tu thien.ma chui nguoi ta.coi chug chet đoc vy hen con beđe mat nhu đau trau,"[20, 21, 22, 23, 43, 44, 45, 46, 59, 60, 61, 63, 64, 65, 66, 68, 69, 70, 71, 72, 73, 74, 75, 76, 77, 78, 79, 80, 81, 82, 83]"
5579,Sản phẩm này được không thầy,[]
5580,Móe...chuyện này đã biết từ lâu rồi giờ mới biết hả ta? Chỉ có mấy con bò nó mới không biết là người nước ngoài cấu kết với người trong nước phạm tội.,"[0, 1, 2, 67, 68, 69, 70, 71, 72, 73, 74, 75, 141, 142, 143, 144, 145, 146, 147, 148]"
5581,"Cách ly vẫn tranh thủ tạo chút scandal câu like, đánh bóng tên tuổi, xuất viện đăng đàn xin lỗi! sợ thật sự cái anh Tiệp này 🙏","[22, 23, 24, 25, 26, 27, 28, 29, 30, 31, 32, 33, 34, 35, 36, 37, 39, 40, 41, 42, 43, 44, 45, 46, 49, 50, 51, 52, 53, 54, 55, 56, 57, 58, 59, 60, 61, 62, 63, 64, 65, 66, 97, 98]"
5582,Tác giả đang nói thằng niễng và thằng cố vấn của nó.,"[17, 18, 19, 20, 21, 22, 23, 24, 25, 26, 27, 32, 33, 34, 35, 36, 37, 38, 39, 40, 41, 42, 43, 49, 50]"
5583,anh xọa bằng em k,[]
5584,"Đào đất đóng gạch đi,đông về khối đứa cần ủ ấm.",[]
5585,Graaaaaaa lên nào các bạn ơi,[]
5586,Cô tui dễ thương quá trời,[]
5587,Phạt nặng là thế nào . Bắn bỏ mẹ nó đi . Xem chừng nó có âm mưu đó !,"[23, 24, 25, 26, 27, 28, 29, 30, 31, 32, 33, 34, 51, 52]"
5588,Đụ mé mình vừa đăng clgt.*độ said,"[0, 1, 2, 3, 4, 20, 21, 22, 23]"
5589,me đăng kèm link đi để share,[]
5590,Nghe kể chuyện tí rồi làm tiếp a Thanh Le :))),[]
5591,Mất trinh =)))),"[4, 5, 6, 7, 8]"
5592,trong khi tôi đang lo stream thay ông thì ông lại ăn chơi đua đòi bên Thái à- Sói said :v,[]
5593,Đéo nói nhiều 🙂,"[0, 1, 2, 3, 4, 5, 6, 7, 8, 9, 10, 11, 12]"
5594,Supi Trần hự hự như một cắt vào tâm hồn em.,[]
5595,"Chế độ tốt sinh ra con người tốt . Hết xả súng da đen , trẻ em , CS mỹ lại làm 3 cái trò này ..","[39, 40, 41, 42, 43, 44, 45, 46, 47, 48, 49, 50, 51, 52, 75, 76, 77, 78, 79, 80, 81, 82, 83, 84, 85, 86, 87, 88, 89, 90, 91]"
5596,❤️❤️,[]
5597,Mua sắt vụn về làm phương tiện chiến đấu! Đắng lòng,[]
5598,Diệu Diệu Thùy chỉ mong sẽ có bất ngờ khác,[]
5599,Đú trend 🤣🤣🤣,[]
5600,Bóng bây giờ nhà ai cũng có.. haha cười chết với cô,[]
5601,Con linh ca’ vo nay dang bi hien tuong nung lon gio’ rat nang..dang can bi hiep’ dam khan cap... ca’c ban dong y’ cho mot like 😜,"[39, 40, 41, 42, 43, 44, 45, 46, 75, 76, 77, 78, 79, 80, 81, 82, 83]"
5602,Bố lạy mày Nhung ơi là Nhung,"[0, 1, 3, 4, 5, 7, 8, 9]"
5603,My Trần ủa ụ á 😂,"[11, 12, 13]"
5604,Cái miệng mày chửi dẻo mỗi ngày mày khg phát ngôn từ đó là ăn khg vô phát ngôn khg ngượng miệng mày xấu mà có được nhờ ra công viên nằm ngửa,"[0, 1, 2, 3, 4, 5, 6, 7, 8, 9, 10, 11, 12, 13, 14, 15, 16, 17, 18, 19, 20, 21, 32, 33, 34, 83, 84, 85, 86, 87, 88, 96, 97, 98, 100, 101, 102, 119, 120, 121, 122, 123, 124, 125, 126, 127, 128, 129, 130, 131, 132, 133, 134, 135, 136, 137, 138, 139]"
5605,Có nên tử hình những con người thiếu ý thức cộng đồng nv ko nhỉ. Chả khác nào tuấn khỉ vs những kẻ sát nhân máu lạnh :((,"[7, 8, 9, 10, 11, 12, 13, 31, 32, 33, 34, 35, 36, 37, 38, 39, 40, 41, 42, 96, 97, 99, 100, 101, 102, 103, 104, 105, 106, 108, 109, 110, 111, 112, 113, 114, 115]"
5606,Thằng CA chắc học võ công của Võ đang ấy mà,"[0, 1, 2, 3, 4, 5, 6, 7]"
5607,Loại này phải cách ly vĩnh viễn,"[0, 1, 2, 3, 14, 15, 16, 17, 18, 19, 20, 21, 22, 23, 24, 25, 26, 27, 28, 29, 30]"
5608,Xin Quỳ,"[4, 5, 6]"
5609,Ông im mẹ mồm đi,"[4, 5, 6, 7, 8, 9, 10, 11, 12]"
5610,Kiểu như nghỉ lễ nghe chú Nhím hát nhiều quá nên Sói hơi hoang mang 🤣,[]
5611,"Ăn hôi khắp mọi mặt trận, giống như thánh ăn hôi nguyễn lân trung","[0, 1, 2, 3, 4, 5, 42, 43, 44, 45, 46, 47]"
5612,Nghe thì vô lí nhưng có vẻ rất thuyết phục :v,[]
5613,Yêu em yêu đến vô cùng,[]
5614,địt mẹ thắm :)),"[0, 1, 2, 3, 4, 5]"
5615,Người ta chỉ ra cái sai quá rõ mà,[]
5616,Sy Nguyen tàu bay của cái ông đeo kính đen giữa ảnh đó :v,[]
5617,Đù mé,"[0, 1, 2, 3, 4]"
5618,Nát hết rồi,"[0, 1, 2, 3, 4, 5, 6, 7, 8, 9, 10]"
5619,Anh không hiệu,[]
5620,Động cơ của các vị là gì?,[]
5621,Bạn chả có tí máu lồn nào gọi là văn hóa cả 😂😂,"[4, 5, 6, 7, 8, 9, 10, 11, 12, 13, 14, 15, 16, 17, 18, 19, 20, 21, 22, 23, 24, 25, 26, 27, 28, 29, 30, 31, 32, 33, 34, 35, 36, 37, 38, 39]"
5622,Nói chuyện zô zăn hóa là mày coy ckung` tao bắn chết đó nhe mày =))),"[11, 12, 13, 14, 15, 16, 17, 18, 19, 20, 25, 26, 27, 40, 41, 42, 44, 45, 46, 48, 49, 50, 51, 60, 61, 62]"
5623,Hello xin chào tất nhiêng là giám đốc đài tv VHL,[]
5624,Tiêu Chảy Cấp,[]
5625,Trần Tài,[]
5626,Phim rất rất nhạt...còn Kristen thì chắc k bh có nổi 1 fim đóng hay đc...,"[41, 42, 43, 44, 45, 46, 47, 48, 49, 50, 51, 52, 53, 54, 55, 56, 57, 58, 59, 60, 61, 62, 63, 64, 65, 66]"
5627,"Con bà chúng nó làm lòng vòng để tìm cách tham ô tham nhũng, chứ xử lý nguồn gốc gây ô nhiễm chuyển xử lý dòng chảy nước thải không cho xả thải ra sông nữa là nước nó sạch ngay","[0, 1, 2, 3, 4, 5, 6, 7, 8, 9, 10, 11, 12, 13, 14, 42, 43, 44, 45, 46, 47, 49, 50, 51, 52, 53, 54, 55, 56, 57, 58]"
5628,Đ m có cái loại doanh nghiệp làm ăn bố láo cho cả ruồi vào nước uống quảng cáo rầm rộ có lợi cho sức khỏe -_- khỏe cái mả cha nhà chúng nó. Xong lúc người ta dàn xếp đôi bên theo kiểu dân sự thì úp sọt đánh bẫy người ta. CÒn bọn chức trách có thẩm quy,"[0, 1, 2, 36, 37, 38, 39, 40, 41, 119, 120, 121, 122, 123, 124, 130, 131, 132, 133, 134, 135, 136, 137, 195, 196, 197, 198, 199, 200, 202, 203, 204, 205, 206, 207, 208, 209, 225, 226, 227, 228, 229, 230, 231, 232, 233, 234, 235, 236, 237, 238, 243, 244, 245, 246, 247, 248, 249, 250]"
5629,Lại Hợp Sâm clm đến v thì /ff,"[12, 13, 14]"
5630,#ERROR!,[]
5631,H toàn bọn béo ú ngu học làm lớn,"[7, 8, 9, 11, 12, 13, 14, 15, 16, 17, 18, 19, 20, 21, 22, 23]"
5632,Mình nói đúng ko bạn .làm bộ liệu nếu ae xem ky đúng 5phut30 thì sẽ biết,[]
5633,Vãi cứt,"[4, 5, 6]"
5634,Chất :?,[]
5635,Em chưa đủ 18 mà làm một đứa thì sợ mọi người có trầm trồ quá không anh?,[]
5636,Nguyễn Đặng Như Ý. Nhớ ngen cưng,[]
5637,Fan cứng rồi nek,[]
5638,Tối có stream k tộc trưởng ưi nhớ quá,[]
5639,Xuân Mai Bảo Ngọc Yến Nhi trend nha mấy bà,[]
5640,ý thức nd đã kém rồi nói gì đến mấy anh bụng phệ,"[13, 14, 15, 40, 41, 42, 43, 44, 45, 46, 47]"
5641,Quỳnhh Hoa lên top b à =))),[]
5642,Con quỷ ngọc hiếu.. Cái thứ ngu ngục tù.. Đou mẹ nó bị con minh hiếu chửi sắp mặt lozz.. giờ lại áp phe với con minh hiếu...ko biết sĩ diện...,"[0, 1, 2, 3, 4, 5, 6, 28, 29, 30, 31, 32, 33, 34, 35, 36, 37, 38, 42, 43, 44, 45, 46, 47, 48, 49, 50, 55, 56, 57, 69, 70, 71, 72, 74, 75, 76, 77, 78, 79, 80, 81, 82, 83, 84, 85, 97, 98, 99, 100, 101, 102, 108, 109, 110]"
5643,Ngày này cũng tới,[]
5644,Thằng óc chó,"[0, 1, 2, 3, 4, 5, 6, 7, 8, 9, 10, 11]"
5645,Quảng C:),[]
5646,Ốc chó mới kêu cầm cờ việt nam diễn tập.,"[0, 1, 2, 3, 4, 5, 6, 7]"
5647,Chửi thằng nguyễn sin đi chị thằng này ác lắm. Hình như mũi chị Hiếu hơi lệch á.,"[0, 1, 2, 3, 5, 6, 7, 8, 9, 29, 30, 31, 32, 33, 39, 40]"
5648,Mình mới gặp chị ở Vtri 😒😒 k biết trốn lịch quay đi đâu,[]
5649,Con mẹ mày trốn học thầy tao qua đây khịa cái gì đây 😁😁😁,"[0, 1, 2, 3, 4, 5, 6, 7, 8, 9, 25, 26, 27]"
5650,😐,[]
5651,78 hả a,[]
5652,Từ từ thôi :(((,[]
5653,Ý thức không bằng cả Huấn râu gì. Chán,"[0, 1, 2, 3, 4, 5, 6, 7, 8, 9, 10, 11, 12, 13, 14, 15, 16, 17, 18, 19, 20, 21, 22, 23, 24, 25, 26, 27, 28, 29, 30, 31]"
5654,Một  phút  bóc  đồng  bằng  cả  đời  bóc  cức  😂,"[37, 38, 39, 40, 41, 42, 43, 44]"
5655,Cực kì thuyết phục😂,[]
5656,Lỗ mũi chuột yêu quái trong phim tây du ký phần 2 toàn là yêu quái lạ kg.,[]
5657,Bả nói chuyện cười chết phải nói là có khiếu,[]
5658,Nhật Phú Nguyễn xin video,[]
5659,Còn yêu ai nấy cũng về. 😊,[]
5660,"Nail là 1 nghề như nhiều nghành nghề lương thiện khác nhưng dưới bàn tay đen đúa của Tuyên giáo nó thành 1 cái nghề thấp kém, hạ đẳng. Nghề nào cũng để kiếm sống, nuôi sống gia đình, phục vụ xã hội cộng đồng không phân biệt giàu sang hay thấp hèn. Bản chất của CNCS là bình đẳng bác ái nhưng những hiện nay họ đang thực hiện hoàn toàn trái ngược.","[60, 61, 62, 63, 64, 65, 66, 67, 68, 69, 70, 71, 72, 73, 74, 75, 76, 77, 78, 79, 80, 81, 82, 83, 84, 85, 86, 87, 88, 89, 90, 91, 92, 93, 94, 96, 97, 126, 127, 128, 129, 130, 131, 132]"
5661,Nguyễn Quang Phụng ừ,[]
5662,Lua dao nhung nguoi nhe long .lua dao cac dan mang . ve vn la may chet me do con be de cho nhu may se qua bao,"[0, 1, 2, 3, 4, 5, 6, 30, 31, 32, 33, 34, 35, 36, 62, 63, 64, 66, 67, 68, 69, 71, 72, 77, 78, 79, 81, 82, 83, 84, 85, 87, 88, 89, 95, 96, 97, 102, 103, 104, 105, 106, 107, 108]"
5663,Mình còn ko bt nó là cn j,[]
5664,"Suong ,",[]
5665,"phá hoại hạnh phúc nhà ngta , đâu có ảnh hưởng miếng cơm manh áo nhà bạn mà bán báo","[30, 31, 32, 33, 34, 35, 36, 37, 38, 39, 40, 41, 42, 43, 44, 45, 46, 47, 48, 49, 50, 51, 52, 53, 54, 55, 56, 57, 58, 59, 60, 61, 62, 63, 64, 65, 66, 67, 68, 69, 70, 71]"
5666,Đụ me ngu còn ghi xàm . Nó lấp đất đầy cái đồng tháp mười chứ làm thinh cái c**.,"[0, 1, 2, 3, 4, 6, 7, 8, 18, 19, 20, 24, 25, 76, 77, 78]"
5667,10 đời chồng từ 17:17 cho ai cần :)),[]
5668,bầu cử cl gì mà tao lên fb biết kq đâu mấy tháng trc rồi. bâu làm cm gì nữa lấy tiền chia đi nhâu có đã k,"[7, 8, 16, 17, 18, 66, 67]"
5669,Con bóng chúa sẽ bị ma ám in bv 😏,"[0, 1, 2, 3, 4, 5, 6, 7, 8, 9, 10, 11, 12, 20, 21, 22, 23, 24, 32]"
5670,Cận thận nhà ae,[]
5671,Bò đỏ nó yêu thương bố tàu còn không hết mà ghét gì chớ,"[6, 7, 20, 21, 22, 23, 24, 25]"
5672,hâhha,[]
5673,Bệnh viện đa quốc gia tài trợ cho chương trình này 🤣🤣🤣,[]
5674,nghỉ lâu thế thầy :(((,[]
5675,Trần Trà hi homie,[]
5676,xàm lồn,"[0, 1, 2, 3, 4, 5, 6]"
5677,Chạy từ từ thôi abe,[]
5678,Nguyễn Hoàng An chắc tưởng đây care =)))),[]
5679,Con linh này nó k biết nhục sao mà còn đua cái mặt lên cà..,"[0, 1, 2, 13, 14, 16, 17, 18, 19, 20, 21, 22, 23, 24, 25, 26]"
5680,"Nhưng mang ra rạp thì đéo đứa nào coi, kể cả miễn phí chứ chưa nói đến bán vé.","[22, 23, 24]"
5681,Nguyễn Đào Nguyên,[]
5682,"Ok thầy, thầy sela",[]
5683,ny tùng sói nhaa ❤️,[]
5684,Cô chửi hay quá ❤️❤️❤️,[]
5685,Chí Phèo thời nay.,[]
5686,Thế nên ai cũng yêu quí bác Dần chứ không ưa gì bọn ba que rách năm 2020 rồi vẫn ngu,"[48, 49, 50, 51, 52, 53, 54, 55, 56, 57, 58, 59, 60, 61, 62, 81, 82, 83]"
5687,Nói ý thức như đb thì tội cho đb quá. Đ m,"[4, 5, 6, 7, 8, 9, 10, 11, 12, 13, 14, 15, 16, 30, 31, 38, 39, 40]"
5688,Địt con mẹ cnó vẽ rađể ăn chia với nhau ý mà. Làm cổng 200ti để tế thằng tổ cnó ah,"[0, 1, 2, 3, 4, 5, 6, 7, 8, 9, 12, 13, 64, 65, 66, 67, 68, 69, 70, 71, 72, 73, 74, 75, 76, 77, 78]"
5689,cỡ giáo án Doãn Chí Bình tối qua ko ba gà :)),[]
5690,cà khịa t chém,"[0, 1, 2, 3, 4, 5, 6, 7, 8, 9, 10, 11, 12, 13]"
5691,Cuoi qa troi qa dat lun,[]
5692,nghe nứng wá thầy ơi,"[5, 6, 7, 8]"
5693,Nghe có lý nhưng lại rất thuyết phục,[]
5694,Hồ Văn Kiệt Duy Trương,[]
5695,Ok a zai :))),[]
5696,"Mình k cần yêu, cưới luôn đi cMinh Hà",[]
5697,Sống nhanh lên ae ơi :)),[]
5698,Dì 3 ê dì 3_ là trai hay gái ạ,[]
5699,Nhi Nhi bạn có vấn đề về quang học ak. Con này là con mực nhé,"[12, 13, 14, 15, 16, 17, 18, 19, 20, 21, 22, 23, 24, 25, 26, 27, 28, 29, 30, 31, 32, 33]"
5700,Tử hình,"[0, 1, 2, 3, 4, 5, 6]"
5701,Đừng qua chùa hà thăm a nhá =))),[]
5702,Loại mày trước sau gì trời cũng đánh mày,"[5, 6, 7, 22, 23, 24, 25, 26, 27, 28, 29, 30, 31, 32, 33, 34, 35, 36, 37, 38, 39]"
5703,Ngọc Ánh sợ quá nhưng e vừa về rồi😜,[]
5704,"Pha đánh răng ám ảnh nhất lịch sử điện ảnh, có thể lưu truyền mọi thời đại, là biểu tượng để các diễn viên học tập theo🤣🤣🤣🤣",[]
5705,lại dỗi,[]
5706,Nghe vô lý nhưng lại cực kì thuyết phục 🙂,[]
5707,"Bac hai nay tang cho no con virus chinh phu my bot di tien cua lunatic man nay , nguoi dan viet nam luu vong do ho then","[100, 101, 102, 103, 104, 105, 106, 107, 112, 113, 114, 115, 116, 117, 118]"
5708,em đ có cửa 😞,[3]
5709,Bắt trend hơi trễ nha :))),[]
5710,Aloooo,[]
5711,Kiên lên báo này Phạm Kiên,[]
5712,Chị ơi hay,[]
5713,Ngọc Trâm,[]
5714,"chúng ta càng nhân nhượng, bọn chúng càng lấn tới... Câu nói của chủ tịch Hồ Chí Minh vẫn còn vang rõ đến đời nay. Mà sao đối sách của chúng ta ko thể làm gì đc chúng sao?",[]
5715,"cả 2 đều có vấn đề khi sự kiện "" Trịnh - Nguyễn phân tranh "" =))",[]
5716,Trần Sang ổ cc,"[12, 13]"
5717,nhìn ngon wa,[]
5718,Đông Kiếm Em,[]
5719,lanh dao dang nhau phat bieu coi ai la quan quan phat bieu ngu nhat day ma,"[59, 60, 61]"
5720,Con chó diên dan chuong trình nghe muon ỉa ra quần,"[0, 1, 2, 3, 4, 5, 6, 7, 8, 9, 10, 11, 30, 31, 32, 33, 34, 35, 36, 37, 38, 39, 40, 41, 42, 43, 44, 45, 46, 47, 48, 49]"
5721,Chắc mình mù âm nhạc nên thấy k hay,[]
5722,Hóng,[]
5723,"Hongkong ủng hộ TQ trả đũa Mỹ, Hongkong ở đây là chỉ một mình bà Carrie Lam và bộ sậu tay sai TQ của bà ta, chứ không phải người dân Hongkong.","[79, 80, 81, 82, 83, 84, 85, 86, 87, 88, 89, 90, 91, 92]"
5724,Dlv sủa hộ ?,"[0, 1, 2, 4, 5, 6]"
5725,Lê Quang Trường like,[]
5726,Cố gắng làm cán bộ.giết người ko sao nhé,"[19, 20, 21, 22]"
5727,"<3 tự hào là người VN, tự hào là cháu ngoan Bác Hồ :D",[]
5728,Cái miệng vòi bò nhức nhúc,"[10, 11, 12, 13, 14, 15]"
5729,nó đeo nắm đấm sắt thì chết mẹ,"[0, 1, 23, 24, 25, 26, 27, 28, 29]"
5730,Suc vat là có thật,"[0, 1, 2, 3, 4, 5, 6]"
5731,Anh Minh đú ít thôi chậm cặc,"[9, 10, 25, 26, 27]"
5732,Phạm Lê Chiến Tuyến thoii tự giác ở nhà,[]
5733,Lại 1 người nữa ra đi,[]
5734,Đặng Thái Hoàng Châu dư âm từ năm này sang năm khác,[]
5735,Phát  hiện  nhân  tài  quá  muộn  rất  tiếc  cho vn,[]
5736,Thằng ad lại sủa.,"[0, 1, 2, 3, 4, 13, 14, 15]"
5737,éo cần nhé! cứ đè bọn dân ra là có tiền :)),"[0, 1, 15, 16, 18, 19, 20]"
5738,Sáng mắt chưa Nhung :),"[0, 1, 2, 3, 4, 5, 6, 7, 8, 9, 10, 11, 12]"
5739,Tấu hài mùa dịch,[]
5740,"Van hoa ""doc tai""!!!!","[8, 9, 10, 11, 12, 13, 14, 15, 16]"
5741,thế mày nghĩ nó quan tâm đến việc mày vội hay ko vội à. ngu v k l :v,"[4, 5, 6, 34, 35, 36, 56, 57, 58, 59, 60, 61, 62, 63, 64]"
5742,Có dịp nào xuống nhà chị chơi nhé!,[]
5743,A ba chụp hình với hyuna à :)),[]
5744,Hải Yến bố cái con thái lọ,"[8, 9, 15, 16, 17, 19, 20, 21, 22, 23, 24, 25]"
5745,😂🤣,[]
5746,"xa hay gần k qtrong, qtrong là mình iu nhau :))",[]
5747,Nghĩ nhiều phát mệttt .,[]
5748,"Quý vị đừng mong Việt nam phát triển nhé. Nhìn sơ sơ cũng thấy tụi nó coi chế độ là quan trọng chứ ko phải đất nước, dẫn chứng nhẹ cái nè: CHXHCN VN đặt tên nước cũng phải đặt cái quái thái xhcn lên trước rồi mới đến Việt Nam, nghĩa là chế độ trước rồi","[63, 64, 65, 66, 67, 68, 180, 181, 182, 183, 184, 185, 186, 187, 188]"
5749,Lúc nào mà chúng chẳng hô hào học tập và làm việc theo tấm gương đạo đức Hồ Chí Minh..... nhưng thực tế chúng toàn làm ngược lại.,"[11, 12, 13, 14, 15, 104, 105, 106, 107, 108, 109, 110, 111, 112, 113, 114, 115, 116, 117, 118, 119, 120, 121, 122, 123, 124, 125, 126, 127]"
5750,"An Nguyễn Đức giờ mình nói chung (giống như làm toán đặt thừa số chung vậy mà) là vầy : mình đi vệ sinh là đã góp phần nuôi sống cái đám "" đầy tớ của nhân dân"" rồi ....","[133, 134, 135]"
5751,Hôm qua mới gặp đi ăn đám xong ...,[]
5752,Ngta chi ân bn ạ.bn ơi hàng F1 nha bn,[]
5753,"Giống mấy thằng fan NTN. Chê thằng NTN làm video thiếu ý thức xong nó nhảy vào bảo "" có bằng ngta không mà nói"" clm =))","[10, 11, 12, 13, 14, 29, 30, 31, 32, 33, 67, 68, 112, 113, 114]"
5754,Làm nhạc ri chết tụi học sinh,[]
5755,"Ai ko biết nhục thì có thể cười thật tươi cũng được, đó cũng là 1 cách giải quyết khó khăn :)))))","[11, 12, 13, 14]"
5756,sale cc à thầy 😆😆,"[5, 6]"
5757,Địt cụ chúng nó? Bắt sâu nặng quá. Một đất nước xã hội khốn nạn,"[0, 1, 2, 55, 56, 57, 58, 59, 60, 61, 62]"
5758,Học thêm luôn =))),[]
5759,Không phải là mập mờ,[]
5760,Thằng làm nghề giáo dục cuồng like .,"[0, 1, 2, 3, 4, 24, 25, 26, 27, 28]"
5761,Đm ad phản lại cái động. Là công an thì có quyền nhé. Đéo biết gì lại còn nguy hiểm. Sửu nhi,"[0, 1, 6, 7, 8, 9, 10, 11, 12, 13, 14, 15, 16, 17, 18, 19, 20, 21, 22, 54, 55, 56, 85, 86, 87, 88, 89, 90, 91]"
5762,"Chiếm đoạt tiền dân thôi. Giờ toàn thề thốt chơi chữ. ""tặng quà"" chứ không phải là hối lộ. Thằng cựu bộ trưởng đổ thằng thứ trưởng, thằng thứ trưởng đổ thằng bộ trưởng. Một lũ lãnh đạo mà thua thằng giang hồ ra tòa hay những người chân chính bị bắt vì ""chống phá chế độ""","[0, 1, 2, 3, 4, 5, 6, 7, 8, 9, 83, 84, 85, 86, 87, 88, 91, 92, 93, 94, 95, 114, 115, 116, 117, 118, 132, 133, 134, 135, 136, 152, 153, 154, 155, 156, 173, 174, 188, 189, 190, 191, 192, 193, 194, 195, 196, 197, 198, 199, 200, 201, 202, 203, 204, 205, 206, 252, 253, 254, 255, 256, 257, 258, 259, 260, 261, 262, 263, 264, 265, 266, 267, 268, 269]"
5763,Phan Chí Trường =)),[]
5764,"Lên núi làm hảo hán, cướp của quan tham chia cho dân nghèo. Về đầu thú là tội chết.","[21, 22, 23, 24, 30, 31, 32, 33, 34, 35, 36, 37, 38, 78, 79, 80, 81]"
5765,choi oi xinh qua ai lop du chu ca mo,[]
5766,Sai sai anh ê,[]
5767,Bị đấm gãy cmn răng,"[3, 4, 5, 11, 12, 13]"
5768,má coi y chang như nó nhìn mình nó chửi vậy. lol,"[0, 1, 19, 20, 32, 33, 35, 36, 37, 38, 45, 46, 47]"
5769,Tien Loc Truong,[]
5770,hay lắm ... tuy nghe không được hay cho lắm như mà vẫn thua Sơn Tùng MPT ❤❤,[]
5771,Con may bi khung,"[0, 1, 2, 11, 12, 13, 14, 15]"
5772,Vậy đủ chậm chưaaa đumaaaaaaaa,"[19, 20, 21, 22, 23, 24, 25, 26, 27, 28, 29]"
5773,Vc,"[0, 1]"
5774,Khách hàng là thiệt,[]
5775,Mộc An tạo dáng cánh hoa nè,[]
5776,Mưa gió bão bùng,[]
5777,Hội chứng tự hào bở ảo tưởng,"[20, 21, 22, 23, 24, 25, 26, 27]"
5778,chạy cao tốc mà dính cái này thì xác định,[]
5779,đcm. phạt! phạt cái loz. cáu!!!,"[0, 1, 2, 20, 21, 22]"
5780,Biết Gì Đâu con tinh trùng khuyết tật,"[16, 17, 18, 19, 20, 21, 22, 23, 24, 25, 26, 27, 28, 29, 30, 31, 32, 33, 34, 35, 36]"
5781,Clear đang gội đầu.,[]
5782,Tâm huyết quá !,[]
5783,Thế thì đề nghị chuyển thành homestay giá sinh viên để mí đứa backpacker như mình có chỗ nghỉ giá hợp lí khi du hí ĐL nghen 😊,[]
5784,Mua gạo vs mì tôm trứng về thủ mà hết hàng luôn,[]
5785,Sài tiền âm phủ mang đời đúng roi  ta nói bê dê o vn ai cung xinh ai cung đẹp sao be de o tư bản no xấu ma no ao no nô banh xax sài tiền am phu mảng đời kkkkk,"[0, 1, 2, 3, 4, 5, 6, 7, 8, 9, 10, 11, 12, 13, 14, 15, 16, 17, 18, 19, 20, 21, 22, 23, 24, 25, 26, 27, 108, 109, 110, 111, 113, 114, 115, 116, 117, 137, 138, 139, 140, 141, 142, 143, 144, 145, 146, 147, 148, 149, 150, 151, 152, 153, 154, 155, 156, 157, 158, 159, 160, 161, 162, 163, 164]"
5786,"hèn chi Hà Nội khói bụi mù, ô nhiễm ngút trời ! bao nhiêu rác củi gom về Ba Đình đốt hết ! ...báo nào nói ngoài đó dọn nhà đón tết gây ô nhiễm có sai đâu !!! chỉ là tế nhị ko nói là cái nhà nào đó thôi ! hehehe","[15, 16, 17, 18, 19, 20, 21, 22, 23, 24, 25, 28, 29, 30, 31, 32, 33, 34]"
5787,Cái vụ 4000 tỷ 1 tháng thì đéo thấy ói cái máu lol nào ra cả,"[27, 28, 29, 43, 44, 45, 46, 47, 48, 49]"
5788,"Dm, nó giàu nó mặc như lol người ta bảo đẹp:))","[0, 1, 4, 5, 12, 13, 23, 24, 25]"
5789,"Cộng sản luôn đúng, nếu cộng sản sai thì mày là thằng phản động","[41, 42, 43, 48, 49, 50, 51, 52, 53, 54, 55, 56, 57, 58, 59, 60, 61, 62]"
5790,có ông nào kí dự án này chưa =)) bắt tay vào mà code đi không không kịp quản lý bây h =)),[]
5791,Hai chi dep qua ha,[]
5792,Hoai Tam Truong sời :)),[]
5793,Ai giàu 3 họ.... Nhìn tởm,"[22, 23, 24]"
5794,Đm train như cuccut mà vô quất 1 hơi 3-0 sợ thật :v,"[0, 1, 13, 14, 15, 16, 17, 18]"
5795,Con Sờ Ầu ói dòi oi chấp làm gì con âm binh khí đụ tụ hình rạch trời rơi xuống kia hả bạn tôi ơi,"[0, 1, 2, 32, 33, 34, 35, 36, 37, 38, 39, 40, 41, 42, 43, 44, 45, 46, 47, 48, 49, 50, 51, 52, 53, 54, 55, 56, 57, 59, 60, 61, 62, 69, 70, 71]"
5796,Con điên xóm đao,"[0, 1, 2, 3, 4, 5, 6, 7]"
5797,dốc bác cổ có theo dõi ko :)),[]
5798,12p 10k like :))) bán page không anh,[]
5799,Đúng rồi cô ơi cô mình hiếu yêu cô 😍😍😍😍😍,[]
5800,Liếm ko từ 1 cái gì cả cứt và lá xoan cũng liếm nốt,"[0, 1, 2, 3, 4, 5, 6, 7, 8, 9, 10, 11, 12, 13, 14, 15, 16, 17, 18, 19, 20, 21, 22, 23, 24, 25, 26, 27, 28, 29, 30, 31, 32, 33, 34, 35, 36, 37, 38, 39, 40, 41, 42, 43, 44, 45, 46, 47, 48, 49, 50]"
5801,". Tìm hiểu dùm mình nhen bạn, ko phải cứ tây ăn cứt thì ta cũng ăn cứt nhen !","[48, 49, 50, 67, 68, 69]"
5802,"r, hiểu r, bạn là dlv :)) thôi mình out, k nói lại bạn đc, bye nhé","[18, 19, 20]"
5803,"Nguyễn Phước uh, thế thì tia cực tím nó có tăng lên thì cũng là lỗi của Mỹ, của Tàu cả nhé, khỏi lôi ra mà chửi Nhà nước nhé, chứ cả VN này có ngừng SX công nghiệp cho các thím ngồi đói rã họng ra cũng dew bớt nóng, bớt cực tím đc đâu :v","[64, 65, 66, 67, 68, 69, 70, 71, 72, 73, 74, 75, 76, 77, 78, 79, 80, 81, 82, 107, 108, 109, 110, 168, 169, 170, 171, 172, 173, 174, 175, 182, 183, 184, 185, 186, 187, 188, 189, 190, 191, 192, 202, 203, 204]"
5804,Nghe nói e thích 1 người đàn ông có sức hút,[]
5805,Phúc XO đấy,[]
5806,"\""đập vào mặt cái nk sale up to 50% thế này còn gì bằng\"" Bạch Tuyết said",[]
5807,Anh chửi thề chứ không chửi tục nhé,[]
5808,Vi c/a cang tham nhung manh,"[12, 13, 14, 15, 16, 17, 18, 19, 20, 21]"
5809,Dell hiểu kiểu j,"[0, 1, 2, 3]"
5810,Được anh ưi :<<,[]
5811,"Cô Minh Hiếu ng miền tây, dưới quê lên mà nói chuyện rất là duyên dáng, dễ thương lắm luôn!! Chỉ có MC là vô duyên thôi!",[]
5812,dân chơi Cao Bằng đấy,[]
5813,Đặng Quang Thắng bài này của nam sinh và 1 bạn nữ 2k1 thì phải,[]
5814,Nguyễn Thị Hồng Nhung mặc áo mưa đi,[]
5815,Tuyến Tống l,[]
5816,Đem ra bắn ngay cái thể loại ấy,"[7, 8, 9, 20, 21, 22, 23, 24, 25, 26, 27]"
5817,Phương Nguyễn Thanh tất nhiên đây là quan điểm của cá nhân mình. Chứ việc đi ngược số đông hay không thì tùy vào cá nhân cảm nhận mà thôi :)),[]
5818,Đéo tin.chả nhẽ nó để lộ liễu như thế này á hả,"[0, 1, 2, 16, 17]"
5819,Hải Yến Đ care cmt làm gì??? :))) Ô ai hỏi m à? :)))),"[8, 43]"
5820,Idol đã come black và tiên tri lợi hại hơn xưa,[]
5821,Mạg ng rẻ vậy s?,"[0, 1, 2, 3, 4, 5, 6, 7, 8, 9, 10, 11, 12, 13, 14]"
5822,Abe căng =)),[]
5823,Dk me khong biet tang thue moi truong de lam gi ?,"[0, 1, 2, 3, 4]"
5824,Nhin mat la biet Đai Du roi...chư đai gia noi j...vang da thi có..no wa pd oi,"[50, 51, 52, 53, 54, 55, 56, 66, 67]"
5825,Việt nam toàn siêu nhân vậy mà đi đc,[]
5826,"Không thể tha thứ cho loại mat dạy này,","[22, 23, 24, 25, 26, 27, 28, 29, 30, 31, 32, 33]"
5827,Tộc này căng đét làng này chất lừ:>,[]
5828,Và thằng cha bảo: Mày xuống xe ngay. Mất dạy,"[3, 4, 5, 6, 7, 8, 9, 10, 11, 18, 19, 20, 37, 38, 39, 40, 41, 42, 43]"
5829,. Mở Miệng Ra Phật Phật.... Mà Đỉ Lol Này Nọ... Ô Ế Cửa Phật,"[31, 32, 33, 34, 35, 36, 48, 49, 50]"
5830,Nhìn mặt nc . Là Bik bộ mặt giả tạo . Bữa đó lôi tên cô mình Hiếu vo trước . Giờ nói kiểu xạo lol,"[9, 10, 28, 29, 30, 31, 32, 33, 34, 90, 91, 92, 93, 94, 95, 96]"
5831,Nam Chu nhiều chuyện lắm...,[]
5832,"Huyền Khánh Phùng thuyền thì đến bến lại chìm , c thì đến đít k kìm được đâu","[48, 58, 59, 60]"
5833,Cực kỳ thuyết phục :v,[]
5834,reaction thầy ơi,[]
5835,Vấn đề là cho tiền ng nghèo thỳ lấy đâu ra tiền cho các bạn ý đút túi🤗🤗,"[62, 63, 64, 65, 66, 67, 68]"
5836,Uh cần lồn gì phải lịch sự,"[7, 8, 9]"
5837,"Đm, bực bội tức tối, cay cú rồ người lên rồi mà ko dc cất lời ca, xả cơn tức thì khác éo gì ngậm .c..Ức vẫn thấy thơm,","[0, 1, 21, 22, 23, 24, 25, 26, 86, 87, 92, 93, 94, 95, 96, 97, 98, 99, 100, 101, 102, 103, 104, 105, 106, 107, 108, 109, 110, 111, 112, 113, 114, 115, 116]"
5838,Sơn Tiến,[]
5839,Co ba oi con rat men mo co ba.0333860751,[]
5840,Tộc trưởng có thể mai mối cho dân nữ không,[]
5841,Hàm ông này là ông nào mà bodoi vậy,"[26, 27, 28, 29, 30]"
5842,"Ý chúng nó nói ở đây là nên im lặng và tìm hiểu rõ nguyên nhân , như cư dân mạng ở miền bắc , miền nam , và ở nước ngoài chắc phải bay tận về hà tĩnh tìm hiểu rồi mới được đăng stt chắc :) đúng là cái chế độ này càng ngày càng thối nát, cơ quan báo chí tuyên truyền tung hô toàn cái đéo gì ấy đm chắc ko nói gì là ỉm đi vụ formosa luôn đấy","[2, 3, 4, 5, 6, 7, 8, 9, 227, 228, 229, 230, 231, 232, 233, 234, 283, 284, 285, 293, 294, 314, 315]"
5843,"Luật Nhân Quyền của Mỹ dành cho HonhKong thật sự rất GOOD. Lũ hắc cảnh đã rón dái hết rồi các Bác ạ, làm chó săn cũng để kiếm tiền đi sứ giãy chết, mà giờ bị áp chế thế này thì làm chó chi cho người ta chửi nữa chứ 😷😷😷","[59, 60, 74, 75, 76, 77, 78, 79, 80, 105, 106, 107, 108, 109, 110, 111, 137, 138, 139, 140, 141, 142, 143, 144, 145, 181, 182, 183, 202, 203, 204, 205]"
5844,Đó là kết quả của nền giáo dục “ưu việt” của bọn vc !,"[31, 32, 33, 34, 35, 36, 37, 38, 39, 45, 46, 47, 48, 49, 50]"
5845,"Thôi xong, en lol rồi 🤣🤣🤣🤣","[14, 15, 16]"
5846,Cô nói chuyện dễ thương ghê ❤,[]
5847,Đức Hạnh bài viết có nói rõ ràng là bệnh viện bên đó nó bắt tự các ly tại nhà và không xeta nghiệm mà.,[]
5848,Hihi cười muốn sặc cơm luôn hihiiiiiii,[]
5849,Cô my cho ăn chai sting vô đầu nha thầy,"[24, 25, 26, 27, 28, 29]"
5850,Đức Thịnh a lại đang sợ ế đây này à 😂😂,[]
5851,"Mấy hôm trc đăng bài thấy hay hay, nhưng cái bài này là đéoo ưa nỗi ròi","[56, 57, 58, 59]"
5852,Sao cái bọn tìm hiểu QH theo dõi ai nó rảnh vcl thế nhỉ,"[8, 9, 10, 36, 37, 44, 45, 46]"
5853,Thắm mồm thối,"[5, 6, 7, 8, 9, 10, 11, 12]"
5854,Trư Bát Giới ngọc trinh dáng ngon mà cái mặt t thề nhìn tắt nứng,"[0, 1, 2, 3, 4, 5, 6, 7, 8, 9, 10, 11, 45, 47, 48, 49, 60, 61, 62, 63]"
5855,Phòng ốc sạch sẽ thoáng mát. Ăn ngủ điều độ đúng giờ,[]
5856,Cực kì thuyết phục <3,[]
5857,MC Phan Trung :)),[]
5858,Trần Nhật 🙂 ủa tao nhai lai của ai. M lạ lồn thế . Đmm lướt lại cmt xem tòan mấy thánh kêu sống chậm thôi sống nhanh quá ak hay m cx nằm trong số cmt đấy r m quay ra ns tao,"[15, 16, 17, 19, 20, 21, 22, 23, 24, 25, 26, 36, 41, 42, 43, 51, 52, 53, 81, 82, 83, 84, 85, 128, 156, 169, 170, 171]"
5859,Chắc Tiệp nghĩ Tiệp là hạng Thượng đẳng :)),"[23, 24, 25, 26, 27, 28, 29, 30, 31, 32, 33, 34, 35, 36, 37, 38]"
5860,"ô nhiễm ở cái thành phố Hôi Chết Mẹ thì nó bảo là sương mù xuất hiện đẹp như Đà Lạt thứ hai, còn ở Hà Nội chắc đẹp như Sapa, ờ thì Đà Lạt với Sapa nhé","[24, 25, 26, 28, 29, 30, 31, 32, 33, 34, 40, 41]"
5861,Giày mua trên sóp be trăm rưởi :)))),[]
5862,Con gia nay sao ra duong duong xe no tong chet me duoi gam xe,"[0, 1, 2, 3, 4, 5, 6, 37, 38, 39, 40, 41, 42, 43, 44, 45, 46, 47, 48]"
5863,Phạm Minh Duy hóng từ fan cứng,[]
5864,Thương idol quá,[]
5865,Kệ mẹ mày,"[3, 4, 5, 6, 7, 8]"
5866,Não chó,"[0, 1, 2, 3, 4, 5, 6]"
5867,Tập Cặn Bã:,"[0, 1, 2, 3, 4, 5, 6, 7, 8, 9]"
5868,Giày fake giày real cũng là giày đều mang vào chân đều đạp đất hên xui đạp cứt có gì đâu mà cứ phải phân biệt này nọ đã vậy k biết có tiền mua nổi đôi dép k ở đó mà tỏ ra thượng đẳng phân biệt fake & real,"[5, 6, 7, 8, 75, 76, 77, 131, 132, 133, 134, 135, 136, 137, 138, 139, 140, 141, 142, 143, 144, 145, 165, 166, 167, 168, 169, 170, 171, 172, 173, 174, 175, 176, 177, 178, 179, 180, 181]"
5869,Park Kim Hee y rang c🤣,[]
5870,Chuyen gia vu tru thi phai doan truoc duoc dich cua nuoc My chu? Sao lai phai mua gao du phong. Chung to chuen gia vu tru nay oc dac.,"[126, 127, 128, 129, 130, 131]"
5871,Vô văn hoá vl nè =)))),"[0, 1, 2, 3, 4, 5, 6, 7, 8, 9, 10, 11, 12]"
5872,-,[]
5873,MC cười tỏa náng thiệt,[]
5874,ngu,"[0, 1, 2]"
5875,"Đụ má, em ức chế quá.","[0, 1, 2, 3, 4]"
5876,Vu Quynh Huong vãi lol,"[15, 16, 17, 18, 19, 20, 21]"
5877,Sao tao phải trả tiền mạng để đọc mấy cái tin tức lol này vậy.quang hải là thằng nào mà quan tâm vcc vậy.nó đi ỉa giờ nào chắc cũng đăng báo,"[4, 5, 6, 50, 51, 52, 75, 76, 77, 78, 79, 97, 98, 99, 105, 106, 111, 112]"
5878,"Dạo này mấy bố ts giấy phát biểu hơi nhiều, phần lớn cho thấy tư duy kiến thức quá lạc hậu, nhiệt tình cộng với sự ngu dốt thì sẽ thành phá hoại 😤","[8, 9, 10, 11, 12, 13, 14, 15, 16, 17, 18, 19, 20, 21, 83, 84, 85, 86, 87, 88, 89, 115, 116, 117, 118, 119, 120, 121, 136, 137, 138, 139, 140, 141, 142, 143]"
5879,Sống chậm lại tôi ơi:))))),[]
5880,dùng não nhiều quá nên hơi đao :v,[]
5881,"May là đô khùng, ăn nói tục tiểu ko biết cái loại ca tụng máy là loại ko học thức","[0, 1, 2, 7, 8, 9, 10, 11, 12, 13, 14, 24, 25, 26, 27, 28, 29, 30, 31, 45, 46, 47, 48, 58, 59, 60, 65, 66, 67, 68, 69, 70, 71, 72, 73, 74, 75, 76, 77, 78, 79, 80]"
5882,Bình Nguyễn 😞 cố lên,[]
5883,Cực kỳ thuyết phục:)),[]
5884,Nhớ múa dasua nha thầy,[]
5885,Nhây thực sự kk,[]
5886,"thằng ad k muốn bme nó ra tù đấy mà, rõ khổ","[0, 1, 2, 3, 4, 26, 27]"
5887,Láo,"[0, 1, 2]"
5888,"Cầu mong thần cá VOI và thần cá HEO giúp nhật bản qua đc cơn hoạn nạn này""",[]
5889,xin hình gốc cái ông ơi =))),[]
5890,cháu chứ đâu chủ đâu,[]
5891,Cảm ơn cc,"[7, 8]"
5892,Trần dần là hán gian,"[12, 13, 14, 15, 16, 17, 18, 19]"
5893,Đm abe giống bóng vcccc,"[0, 1, 13, 14, 15, 16, 18, 19, 20, 21, 22]"
5894,Phan sa đéc xin chào ae,[]
5895,Chu Ha Khanh trc h tưởng cả bông lun,[]
5896,Còn đây cũng là MV sắp ra của độ,[]
5897,đây bạn :))),[]
5898,1 mặt khác của lịch sử,[]
5899,link đâu con mẹ m,"[9, 10, 11, 12, 13, 14, 15, 16]"
5900,Như 2 giọt nước luôn thầy ơi. Trinh giọt nước suối còn thầy giọt nước cống thầy ạ =))),"[55, 56, 57, 58, 59, 60, 61, 62, 63, 64, 65, 66, 67, 68, 69, 70, 71, 72, 73]"
5901,"Cưng quá Châu ơi yêu mọi người quá nè kg thích đi du lịch đâu xa mà muốn về đại gia đình này thôi, chúc mọi người nhiều sức khỏe vvhp cả nhà nhé ♥️",[]
5902,Nguyễn Ngọc Sơn dm chac may lam pr cho cai page nay chac,"[16, 17, 24, 25, 26]"
5903,Thứ khiến tôi gục,[]
5904,"Hay học pha thuốc nổ, qua bển du lịch đánh sập đập nhề?!","[38, 39, 40, 41, 42, 43, 44, 45]"
5905,Vâng chỉ có ở VN.... 1 đất nước tự do ngôn luận là thứ xa sĩ.... vãi VN...,"[32, 33, 34, 35, 36, 37, 38, 39, 40, 41, 42, 43, 44, 45, 46, 47, 48, 49, 50, 51, 52, 53, 54, 55, 56, 57, 58, 59, 65, 66, 67]"
5906,vào là đập chỉ có thể là thầy ba :),[]
5907,Tham nhũng đang rất ổn định mà 😂😂,"[0, 1, 2, 3, 4, 5, 6, 7, 8, 9]"
5908,Bảo hiểm thì nước đ' nào chả phải nộp :v tai nạn ra ai thanh toán :v bóp cái tít cũng ngu :v,"[18, 86, 87, 88]"
5909,👍👍👍👍👍👍❤️❤️❤️🌹🌹🌹,[]
5910,Minh Hieu Ali Chui Noi Bon Ngu NguCo Bang Cap,"[14, 15, 16, 17, 27, 28, 29, 31, 32, 33]"
5911,nhìn nứng gkê ak abe ơi!!!,"[5, 6, 7, 8]"
5912,Ad méo biết thì thôi. Tầm nhìn nhà cơm sườn nó phải 1000 năm nữa mới thấy cơ,"[3, 4, 5]"
5913,Nhìn cánh tay là biết đàn ông rồi,[]
5914,"Ngay cả việc cứu dân vùng lũ mà chính tay bọn cầm đầu ở trên thủy điện gây ra mà chúng cũng ko làm được rồi lại đi ganh ghét với những người như PA vì đã giúp được dân và dân ủng hộ,nếu như ở mấy nước đa đảng thì nó lật cái bọn chóp bu này lâu rồi,ăn ở ko rồi lại địt thúi","[42, 43, 44, 45, 46, 47, 48, 49, 50, 51, 52, 81, 82, 83, 84, 85, 115, 116, 117, 118, 119, 120, 121, 122, 123, 213, 214, 224, 225, 226, 227, 228, 229, 230, 231, 232, 233, 234, 264, 265, 266, 267, 268, 269, 270, 271]"
5915,"mấy bác ăn hại có làm éo j em cũng chẳng quan tâm,nói hoài mỏi miệng nhưng cái hành động lâu lâu có tàu lạ hành hung ngư dân,đâm chìm tàu ngư dân của quãng ngãi có biển số tàu trung quốc mà ko lên tiếng thì em ko chịu đuợc,rồi tối thời sự lại đưa tin t","[8, 9, 10, 11, 12, 13, 22, 23, 50, 51, 52, 53, 54, 55, 56, 57, 58, 59, 60, 61, 62, 63, 64, 65, 66, 67, 107, 108, 109, 110, 111, 112, 113, 114, 115, 125, 126, 127, 128, 129, 130, 131, 132, 133, 134, 135, 136]"
5916,"CS miệng và đít chúng là một chỗ. Một chế độ thổ tả không còn sửa sai được nữa, mà phải thay đổi với một chế độ khác. Sống với CS mà không biết gì về thủ đoạn của bọn chúng là không có cái đầu.","[14, 15, 16, 17, 19, 20, 21, 22, 23, 24, 55, 56, 57, 58, 59, 60, 61, 62, 64, 65, 66, 67, 68, 69, 70, 71, 72, 73, 74, 75, 76, 77, 78, 79, 80, 81, 82, 180, 181, 182, 183, 184, 185, 186, 187, 188, 189, 196, 197, 198, 199, 200, 201, 202, 203, 204, 205, 206, 212, 213, 214, 215, 216, 217, 218, 219, 220, 221, 222, 223, 224, 225, 226, 227, 228, 229, 230]"
5917,Thành Học oke chiều xuống =)))),[]
5918,haaa,[]
5919,Trương Hải Yến có vẻ cay cú,[]
5920,phim gì hồi coi ghiền mà qên rội,[]
5921,“ Lệ em tuôn mãi..ai biết đc lòng mình  khỗ đau..là con số 6 “ 😚😚😚 ai lóp du chu cà mo,[]
5922,Thực ra chỉ có anh mus chơi còn thầy ba chỉ giữ mỗi nút space :)))),[]
5923,Lữ Văn Thánh đó là ý do tôi bảo ông trẩu,"[36, 37, 38, 39]"
5924,Đung la chi ba co khac,[]
5925,Con này nó tưởng nói chuyện vậy là hay mất dạy khốn nạn khẩu nghiệp con trai nó gánh,"[0, 1, 2, 9, 10, 11, 46, 47, 48, 49, 50, 51, 52, 53, 54, 56, 57, 58, 59, 60, 61, 62, 63, 64, 65, 67, 68, 69, 70, 71, 72, 73, 74, 75, 76, 77, 78, 79, 90, 91, 92]"
5926,"anh Dần ơi,572 trương định là quận 1 nha anh .....xưa anh ở Gò Vấp mà bây chờ anh đòi trụ sở UBNN  phường Tân Định quận 1 là sao vậy anh tiên tri......he he he",[]
5927,Là dịch những vẫn phải đẹp???????,[]
5928,Tùng sói nói tutu hoy,[]
5929,"Lúc còn ngày bé thì dành trọn tgian để mong mình trở thành người lớn,sau này lại dành cả thanh xuân để mong mình bé lại",[]
5930,Mưa suốt này đi đâu được vậy a Độ :((,[]
5931,cảm ơn vì spoil nhá,[]
5932,mai ông Hùng King về bẻ cổ chúng nó !,"[21, 22, 23, 24, 25, 33, 34]"
5933,"công nghệ làm sạch môi trường của nhật cản trở tham nhũng của công chức búa liềm, đúng là chuyện hài nhà sản","[0, 1, 2, 3, 4, 5, 6, 7, 8, 9, 10, 11, 12, 13, 14, 15, 16, 17, 18, 19, 20, 21, 22, 23, 24, 25, 26, 27, 28, 29, 30, 31, 32, 33, 34, 35, 36, 37, 38, 39, 40, 41, 42, 43, 44, 45, 46, 47, 48, 49, 50, 51, 52, 53, 54, 55, 56, 57, 58, 59, 60, 61, 62, 63, 64, 65, 66, 67, 68, 69, 70, 71, 72, 73, 74, 75, 76, 77, 78, 79, 101, 102, 103, 104, 105, 106, 107]"
5934,Đm Ad m óc cức lắm...Đm người ta khổ chứ Đéo rãnh lên đăng ba cái tào lao như m đâu...m cho người ta đc đồng xu cắt bạc nào chưa...ở đây xạo lồn...mẹ m sinh cái tay m ra trước hay sao m ngu v,"[0, 1, 6, 8, 9, 10, 11, 12, 13, 21, 22, 41, 42, 43, 78, 86, 137, 138, 139, 140, 141, 142, 143, 147, 148, 149, 150, 152, 153, 154, 155, 156, 157, 158, 159, 160, 161, 162, 163, 164, 165, 166, 167, 168, 169, 170, 171, 172, 173, 174, 184, 186, 187, 188]"
5935,8/3 là chủ nhật mà,[]
5936,Gọi mấy thằng CA là phải dí thẳng tiền cho chúng nó.ko là đến già chúng nó cũng chả quan tâm,"[10, 11, 12, 13, 14, 15, 30, 31, 32, 51, 52, 53, 54, 55, 56, 57, 58, 59, 60, 79, 80, 81, 82, 83, 84, 85, 86, 87, 88]"
5937,"Dầu gì đi nữa t cũng là cháu của bá hộ ngọc lan, cháu bà ngũ thị đời mà chở vàng qua mỹ bỏ lại 2 cái villa ở sài gòn, cháu bà ba hoa Viện Kiểm sát tòa án nhân dân huyện hóc môn, mà cháu của cậu Tỉnh làm công an huyện hóc môn,mà e của Mỹ Lộc có nhà đất mặt tiền!' Nghe mắc ỉa ghê á! Huỵch nợ cô Minh Hiếu mà cái miệng quang quang, t cho cái chày đâm tiêu vô đầu m à!","[14, 268, 269, 270, 271, 272, 273, 317, 318, 319, 320, 321, 322, 323, 324, 325, 326, 327, 330, 332, 333, 334, 335, 336, 337, 338, 339, 340, 341, 342, 343, 344, 345, 346, 347, 348, 349, 350, 351, 352, 353, 354, 355, 356, 357, 358, 359, 360, 361]"
5938,"Đây đây đây ,ăn mẹ di","[16, 17]"
5939,Cho toyy xin in4 FB hoặc sđt zalo hay ig được hong :33,[]
5940,Rảnh thì giúp mẹ giúp cha. Ở đây sống chậm mả cha chúng mày...,"[43, 44, 45, 46, 47, 48, 49, 50, 51, 52, 53, 54, 55, 56, 57, 58]"
5941,KO BÍT ĐẦU ĐUÔI. CÂU CHUYỆN RA SAO. LÚC TRƯỚC HÙA NHAU CHƯỞI NGƯỜI TA.  H RỒI BÂY H QUAY LẠI CẮN. KHẨU NGHIỆP TẠO NGHIỆP.,"[46, 47, 48, 55, 56, 57, 58, 59, 93, 94, 95, 98, 99, 100, 101, 102, 103, 104, 105, 106, 107, 108, 109, 110, 111, 112, 113, 114, 115, 116, 117, 118, 119]"
5942,Mì xì mì xì gêm mìng nhạc này mà thay cho nhạc donate nhỉ,[]
5943,RA ĐI,[]
5944,quá đỉnh luôn ae à,[]
5945,"Luật sư nước ngoài hét ra lửa. LS ở VN hét ra khói. Có lửa sẵn thì nó mạnh lên, còn không chỉ là đồ bỏ.",[]
5946,Về đi Nam 🤧,[]
5947,3 năm trước rồi nhé,[]
5948,Yt luôn chứ like gì kkk,[]
5949,"Nó chửi Cô Minh Hiếu là sai, nhưng mà đm tụi m thật sự rất quá đáng, nó có xạo hay gì đó nếu ko ảnh hưởng ai thì việc gì phải đập phá chén cơm người khác v, còn việc giá 1 chai nước hoa rẻ thì tự tụi m phải nhận thức được nó là hàng loại nào, nếu thấy chấp nhận thì mua nó đâu ship lại hay lấy dao kề cổ bắt bây mua. Còn Trần Đoàn nên có lời xin lôi tới cô MH đi, còn TĐ nó có xạo sài hàng fake hay thật kệ nó, tụi bây chắc gì ko sống ảo chắc gì ko sài hàng fake nên ai làm gì kệ ngta tạo nghiệp chi v.","[0, 1, 3, 4, 5, 6, 38, 39, 41, 42, 43, 44, 45, 69, 70, 75, 76, 77, 126, 127, 128, 129, 130, 131, 132, 133, 134, 135, 136, 137, 138, 139, 140, 141, 196, 197, 198, 199, 200, 371, 372, 377, 378, 379, 390, 391, 392, 393, 407, 408, 411, 412, 413, 414, 415, 416, 417, 485, 486, 487, 488, 489, 490, 491, 492, 493, 494]"
5950,Kể cả mở nắp bồn cầu cũng nên đái nhẹ nhàng và thanh lịch thôi. Đm rớt vài giọt ra mép bồn cầu t nhìn mà tức nhức nách,"[30, 31, 32, 64, 65, 95, 109, 110, 111, 112, 113, 114, 115, 116, 117]"
5951,Vũ KHẤC Tiệp,"[3, 4, 5, 6]"
5952,7 pút 45 giây tới 50 giây cười ỉa,[]
5953,con le le đánh rấm thỏi kèn nà ni???,[]
5954,"Chúng mài không hiểu ý anh Chung, xin phép ở đây là phải đến tận nhà anh, mang cái bao thơ dầy dầy chút, lãnh đạo nói là phải hiểu chứ 😂",[]
5955,như thằng bệnh,"[4, 5, 6, 7, 8, 9, 10, 11, 12, 13]"
5956,Tiên tri gi gọi là tri thần kinh,"[23, 24, 25, 26, 27, 28, 29, 30, 31]"
5957,Cứ đăng cái ảnh 2 bố con là y như rằng bị đổi,[]
5958,Mía... Nó tức á. Chời...,"[0, 1, 2, 7, 8]"
5959,Thằng điên.,"[0, 1, 2, 3, 4, 5, 6, 7, 8, 9]"
5960,"Chi Minh Hieu noi chuyen vui qua, rat chan that ...... Yeu Chi nhieu lam.... Love you 100000000000",[]
5961,Ghê kakaka 😂,[]
5962,Xấu vlol,"[4, 5, 6, 7]"
5963,"Học ở trường thầy, cô giáo dạy hay lắm yêu tổ quốc, yêu đồng bào yêu HCM mà không thấy dạy là phải yêu bản thân, gia đình ba, mẹ yêu chi những cái xa xôi chết mẹ còn nhỏ biết con mẹ gì cứ nhồi yêu nước, yêu HCM ? Sao không yêu những thứ gần gũi với mình ? 🙂","[76, 77, 78, 79, 80, 81, 82, 83, 84, 85, 86, 87, 88, 89, 129, 130, 131, 132, 133, 134, 135, 136, 137, 138, 139, 140, 141, 142, 143, 144, 145, 146, 147, 148, 149, 150, 151, 152, 154, 155, 156, 157, 158, 159, 160, 170, 171, 172, 173, 174, 175, 176, 177, 178, 179, 180, 181, 182, 183, 188, 189, 190, 191, 211]"
5964,Mái tự cắt. Đuôi thì ngồi cày 6 tiếng với giá 600k cảm thấy ưng,[]
5965,Còn cái video lời hứa này thì sao thầy ?,[]
5966,Làm wen bạn đc ko,[]
5967,Trang H Le Trang Le Ngọc Loan Tâm Trần nhớ nha :)))),[]
5968,"Troi oi,con duc rua nay no lam phuoc, ma cai mom no giog cai ham cau lau nam .doi k","[8, 9, 10, 11, 12, 13, 14, 15, 16, 17, 18, 24, 25, 49, 50, 61, 62, 63, 64, 65, 66, 67, 78, 79, 80]"
5969,@Phan ngô kệ cđm mày nói tao làm cái lồn j tao chỉ muốn nhắc nhẹ thôi tùy mày 🙂🙂,"[13, 14, 15, 17, 18, 19, 25, 26, 27, 37, 38, 39, 43, 44, 45, 74, 75, 76]"
5970,Xạo lồn quá chị ba ơi,"[0, 1, 2, 3, 4, 5, 6]"
5971,"Lúc trước không biết page nào có share cmt các thứ, ông thầy nói chuyện ngu vl. Đang tranh luận thì xóa cmt, xong bảo nó phát ngôn bừa bãi, tag người này người khác vào làm chứng để lập biên bản. Trong khi mọi người hỏi nó nói gì thì kêu nó nói bậy nên xóa cmt, chưa kịp chụp ảnh. :v","[72, 73, 74, 75, 76, 77, 118, 119, 220, 221, 238, 239]"
5972,Pham Minh phục lồn .,"[15, 16, 17]"
5973,"Việt Tân cái ccc, nó là cái đéo gì, mày cũng biết đéo gì mà sủa nhăng sủa cuội nói tao làm cho nó","[13, 14, 15, 18, 19, 28, 29, 30, 36, 37, 38, 50, 51, 52, 60, 61, 62, 63, 64, 65, 66, 67, 68, 69, 70, 71, 72, 73, 74, 75, 76, 77, 83, 84, 85, 95, 96]"
5974,Coi cười toét mồm =)),[]
5975,biến đi nghĩa,"[0, 1, 2, 3]"
5976,Hợp ní,[]
5977,Thấy thì thấy nói giàu lắm có tiền lắm con ông cháu cha lắm. Ra nước ngoài dell có tiền về .Bệnh xạo lozzz thì vẫn còn mỗi ngày.,"[39, 40, 41, 42, 43, 44, 45, 46, 47, 48, 49, 50, 51, 52, 53, 54, 75, 76, 77, 78, 97, 98, 99, 100, 101, 102, 103, 104, 105]"
5978,Rút kinh nghiệm thôi mà ^^,[]
5979,ad óc chó,"[3, 4, 5, 6, 7, 8]"
5980,vô chính phủ mà,[]
5981,Ok trung bảnh,[]
5982,Tien Thinh lại cmt thể hiện à ?,[]
5983,anh kể cảm động quá,[]
5984,"HN kb ai dính nữa k , chả thấy công bố để biết tình hình nhỉ .",[]
5985,"Chu choa ơi lâu kg gặp,  thần sắc hơi s...u...y ... đó",[]
5986,đợi đồng chí sống sót mở họp báo và nói thật lòng đống ý ấy cái đã,[]
5987,Lê Hải Long bởi vì chó là vật nuôi và lợn gà bò dê dc nuôi để ăn ok ? Ngu còn tỏ ra nguy hiểm :))),"[70, 71, 72, 73, 74, 75, 76, 77, 78, 79, 80, 81, 82, 83, 84, 85, 86, 87, 88, 89, 90, 91, 92]"
5988,Thực ra abe chỉ ngồi chỉ đạo thôi bàn phím vs chuột đều là do cường 7 núi cầm,[]
5989,Giống thế đ nào dc,[10]
5990,Xin link Facebook của hiếu minh,[]
5991,"Đây là kết quả quan trắc môi trưởng do AirVisual ghi nhận tại Hà nội, quận Cầu Giấy (HN) và Saigon, vào lúc 5 giờ sáng chủ nhật 15/12/2019, thời điểm tinh mơ, trong lành nhất.Lưu ỳ cùng thời điểm, nhiều nơi trên thế giới chỉ khoảng từ 9 đến 30.",[]
5992,"Nhị Thắng được kết bạn với top cmt, ưng quá hi",[]
5993,Lâu rồi mới gặp IDOL chúc idol nhiều sức khoe vượt qua đại dịch,[]
5994,☘️Em đang bán 1 số loại thuốc lá thơm ☘️Ai lấy loạj nào Ib em nhe ☘️E co bán lẻ và nhận ship toàn quốc,[]
5995,Ghét giang v ra,[]
5996,Tiểu đường tuýp 30A 306.95.,[]
5997,"ủa, chúng tôi còn lớp nào đâu mà đến đúng giờ??? ủa ?? alo ?",[]
5998,"Trọng bộ album VCD "" ĐI VỀ NƠI XA "" hay lắm giáo ơi ! 😍",[]
5999,con di ngua nay chac sih ra o ho boom ha j,"[0, 1, 2, 3, 4, 5, 6, 7, 8, 9, 10, 30, 31, 32, 33, 34, 35, 36]"
6000,Dương Thái Phước ba gà not ba chó@@,"[20, 21, 30, 31, 32]"
6001,Ad bảo em rất có văn hóa nhé,[]
6002,Anh Trung bóng lộn sa đéc,"[10, 11, 12, 13, 14, 15, 16, 17]"
6003,"Khổ vcl phải ăn mì ạ :""((","[4, 5, 6]"
6004,Bã nói tỉnh bơ ak,[]
6005,.,[]
6006,Xin lỗi nha lần sau rút kinh nghiệm.,[]
6007,"Tuấn Kiệt à , có lí!",[]
6008,Đm. Tao là CA thì tao có quyền nhé. Đm ad phản cmn động,"[0, 1, 4, 5, 6, 18, 19, 20, 36, 37, 42, 43, 44, 45, 46, 47, 48, 49, 50, 51, 52, 53, 54]"
6009,Chúng mày chụp mũ vãi lồn chúng mày còn chưa hiểu ý thằng Cường là sao đã auto chửi nó là thằng bán nước ?,"[0, 1, 2, 3, 4, 5, 6, 7, 8, 18, 19, 20, 21, 22, 23, 24, 26, 27, 28, 29, 30, 31, 32, 33, 34, 52, 53, 54, 55, 56, 79, 80, 81, 82, 84, 85, 90, 91, 92, 93, 94, 95, 96, 97, 98, 99, 100, 101, 102, 103]"
6010,Minh Nhật chuẩn cmnr. Jack tuổi j so dislike :))) haha. K atm là ca sĩ duy nhất trên thế giới mà k cần hát mà,"[27, 28, 29, 30, 31, 32, 33, 34, 35, 36, 37, 38, 39, 40, 41, 42, 43, 65, 66, 67, 68, 69, 70, 71, 72, 73, 74, 75, 76, 77, 78, 79, 80, 81, 82, 83, 84, 85, 86, 87, 88, 89, 90, 91, 92, 93, 94, 95, 96, 97, 98, 99, 100, 101, 102, 103, 104, 105]"
6011,Thầy đang nghĩ về cô em xinh tươi này ...,[]
6012,cai cc,"[4, 5]"
6013,vừa nhậu vừa có người canh xe.,[]
6014,mình không hiểu được vì sao một nước nông nghiệp chăn nuôi xhcn lừng danh như đông lào mà thịt heo lại đắt gấp đôi gấp 3 thịt lợn nhập khẩu tư bản được nuôi tít bên kia nữa vòng trái đất mang về tận cửa nhà !!!!,[]
6015,Cho hỏi nhận 1 cái 2 lần thì dc thêm cái j ko ?,[]
6016,Cà khịa vl,"[8, 9]"
6017,Con Linh nó vẫn chứng nào tật nấy . Vì bản chất của nó là vậy. 😏,"[0, 1, 2, 9, 10, 16, 17, 18, 19, 20, 21, 22, 23, 24, 25, 26, 27, 28, 29, 30, 31, 32, 39, 40, 41, 42, 43, 44, 45, 46, 47, 48, 49, 50, 51, 52, 53, 54, 55, 56, 57, 58, 59, 60, 63]"
6018,Vậy e sẽ Thành người trung thực,[]
6019,"hẳn là CH!CH khỏe, CH!CH phê, đê mê tối ngày!!!","[7, 8, 9, 10, 11, 19, 20, 21, 22, 23, 24, 25, 26, 27, 30, 31, 32, 33, 34]"
6020,Idol vẫn còn khoẻ mạnh thế này thật đáng mừng,[]
6021,Không phải cứ mập là đẹp nhưng có người phải mập sẽ đẹp,[]
6022,Oke Hasagi chết mọe đi 💀,"[11, 12, 13, 14, 16, 17, 18]"
6023,Sena lúc này,[]
6024,gạt tay #19,[]
6025,Nổ như chó,"[0, 1, 2, 3, 4, 5, 6, 7, 8, 9]"
6026,Vl.gắt,"[0, 1]"
6027,"Ko lẻ bất cứ nước nào nhận lao động nước ngoài thì nước đó trình độ kém?? Ngu vl. Ngành luyện kim: mổi cty mở ra đều đưa nhân viên ra nước ngoài thực tập( chủ yếu ở Trung Quốc), vì chuyên môn yếu với lại thiếu chuyên cần, bất cẩn. Các nhà thầu TQ hầu n","[74, 75, 76, 77, 78, 79]"
6028,k khác dì mấy với bọn thượng đẳng hàn quốc,"[18, 19, 20, 21, 22, 23, 24, 25, 26, 27, 28, 29, 30, 31, 32]"
6029,Văn Thị Cẩm Vân con sam ý hả bạn ? Mình thấy ngon mà ta ! Nhưng có ngon mình cũng ko dám ăn lần nữa vì sợ bị nhầm thì toi 😭,[]
6030,Đi đâu cũng thấy mấy ông thuyết phục :v,[]
6031,Hãy nghe những gì ad nói và hãy ỉa vào những gì ad bost,"[32, 33]"
6032,Ở 1 diễn biến khác =))),[]
6033,Hình như thằng Mỹ ko thiếu nợ thì phải. Tất cả các nước đang nợ Mỹ. Mỹ vô địch. I love you,[]
6034,Ngày xưa chơi ma tuý trốn như chó giờ chơi ma tuý phải khoe ra cho thiên hạ biết là mình chơi ma tuý nó mới đẳng cấp.,"[14, 15, 16, 17, 18, 19, 30, 31, 32, 43, 44, 45, 46, 47, 48, 94, 95, 96, 97, 98, 99]"
6035,Z hỏ,[]
6036,Cao Lãnh tự hào về anh RamboBanking :)),[]
6037,đkm đứa nào bảo idol trần dần t mắc covid đấy :v,"[0, 1, 2, 35]"
6038,Dần ơi là dần nay 30/4 ngày giải phóng mà dân 3 que goi là ngày quốc hận ko biết hôm đó lên máy bay Dần chạy cách nào vậy,"[46, 47, 48, 49, 50]"
6039,giàu mà ý thức như cái đầu cac :),"[8, 9, 10, 11, 12, 13, 14, 15, 16, 17, 18, 19, 20, 21, 22, 23, 24, 25, 26, 27, 28, 29]"
6040,Minh Hoàng chill phết,[]
6041,"Hạnh An ồ việt nam gan quá, chắc tụi mình k phải là ng việt nam r, và lúc chết do víu chắc lúc đó cũng kêu là không sợ, ồ nhưng bố sợ bố muốn nghỉ học cho nghỉ học đi t sợ chết :(((","[74, 75, 76, 77, 172, 173, 174, 175]"
6042,Kon mẹ nhà nước lũ hút máu dân,"[0, 1, 2, 3, 4, 5, 16, 17, 18, 19, 20, 21, 22, 23, 24, 25]"
6043,Nguyễn Thế Sơn nghe nhìu lần sẽ thấy khác á bạn,[]
6044,Hicc :<< ừ thì mình hong có tiền mua rep nhưng mình đủ tiền mua brand Việt dùng sướng vl chứ hong phải hong có giày đi ạ :<<<,"[86, 87, 89, 90, 91, 92, 93, 94, 95, 96, 97, 98, 99, 100, 101, 102, 103, 104, 105, 106, 107, 108, 109, 110, 111, 112, 113, 114, 115, 116, 117]"
6045,Xem có vẻ tai ương nhưng rất dễ thương:)),[]
6046,đậu má thằng xuất bản,"[0, 1, 2, 3, 4, 5, 7, 8, 9, 10, 11]"
6047,Kênh Là Ba Rọi Béo sao nút Vàng ghi là Thầy Giáo Ba nhỉ ?,[]
6048,1. Gạch lát nền giãn nở vì nhiệt không đều theo năm tháng dẫn đến hiện tượng kích lẫn nhau và phồng lên ở giữa,[]
6049,CHỈ MONG TRỜI XANH TRÊN CAO SOI THẤU XUI KHIẾN LÃNH ĐẠO TẤT CẢ CÁC NƯỚC TRỪ BỌN TRUNG QUỐC ĐUỔI HẾT BỌN QUAN VÀ CON CHÁU CỦA TẤT CẢ BỌN ĐẢNG VIÊN CS KO TRỪ MỘT AI _ KỂ CẢ HỌ ĐÃ RA KHỎI ĐẢNG RA KHỎI CÁC NƯỚC KO CHO CƯ TRÚ KO CHO NHẬP CẢNH ( KO CHÚNG,"[76, 77, 78, 91, 92, 93, 94, 100, 101, 102, 132, 133, 134]"
6050,Được 2 cái,[]
6051,0969779003 gọi hằg đêm kiếm ẻm này nha,[]
6052,Kien Ne bố jack cmay mới nổi đc năm thằng thánh nện kia n nổi lâu rồi k có cty thì tuổi cẹc mà nổi đc như giời ngồi mà lo tr thế giới lo mà ăn vào mồm cho no ấy,"[8, 9, 16, 17, 18, 19, 36, 37, 38, 39, 40, 41, 42, 43, 44, 45, 46, 47, 48, 49, 50, 83, 84, 85, 86, 87, 88, 89, 90, 140, 141, 142, 143, 144, 145, 146, 147, 148, 149, 155, 156]"
6053,Chắc ai cũng xem từ đầu đến cuối 😬😬,[]
6054,"Nam Trần hôm nay mỹ chết 15000 người,thôi rồi nguỵ ơi chờ chết đi trần dần","[20, 21, 22, 23, 46, 47, 48, 49, 58, 59, 60, 61]"
6055,anh chảnh chó thì cho anh chết mịa anh đi. Nhìn mặt anh như l**,"[4, 5, 6, 7, 8, 9, 10, 11, 12, 26, 27, 28, 29, 30, 31, 32, 33, 60, 61, 62]"
6056,Làm nhẹ 3-0 cho nó ok,[]
6057,Bóng dơ,"[0, 1, 2, 3, 4, 5, 6]"
6058,Test thị lực không cacban.,[]
6059,BÓNG ĐÁ- chính là “RẠP XIẾC”.,"[19, 20, 21, 22, 23, 24, 25, 26]"
6060,"cách đây cũng 1 2 năm nghe tin đứa trẻ sinh ra đã cõng 22 triệu giờ 29 triệu , mấy ông đi vay tiền để tăng GDP à =))",[]
6061,Thai avata toàn zai đẹp. Kinh,[]
6062,Mời con mèo ăn cơm :v,[]
6063,Mong sao ông đừng bảo mình là người việt. Nghĩ mà chán từ cách ăn mặc đến ý thức,[]
6064,"ôi, bức ảnh sao quen quá ><",[]
6065,Nhìn rất HN nhưng thật ra là Cao Bằng :3,[]
6066,Vcl nghe xong chỉ thấy buồn cười 🙈,"[0, 1, 2]"
6067,Lam sao ma co the tha loi duoc cho nhung  nguoi an noi vo hoc thuc nhu the nay. Bo tay.,"[55, 56, 57, 58, 59, 60, 61, 62, 63, 64, 65]"
6068,Vé em này bao nhiêu ạ thầy,[]
6069,Thủ tướng lương nghe bảo tầm 15tr 1 tháng.. 10 Căn nhà.. Căn cấp 4 xây sơ xài ở quê giờ cũng 300tr là ít . 10 căn cho 3 tỷ Đi. Lương thủ tướng 1 năm 180tr. Cho là ông ta không xài gì Đi vì nhà xe. Cơm nước đảng lo.. Vậy chắc phải làm thủ tướng gần,[]
6070,"giống vcl luôn, đm như 2 giọt nước","[6, 7, 8, 16, 17]"
6071,Trả fan cứng cho e a ơi,[]
6072,Vâng. Bát mì của anh nhìn qua đã thấy con tôm to đùng ít cũng mất 1 củ cho con đó :)),[]
6073,Giờ mới biết ba gà có anh em sinh đôi 😌,[]
6074,Ib tui tui gửi cho nè,[]
6075,Dạo này nó cho truyền thông nhiều tiền nên im hẳn khá lâu,"[8, 9]"
6076,Đúng là xem mâý clip nây không tha cho nó đůöc nhìn cái mõm nó góm quá,"[39, 40, 56, 57, 58, 59, 60, 61, 62, 63, 64, 65]"
6077,Chi ba khac moi k co cailoncat khong,"[21, 22, 23, 24, 25, 26, 27, 28, 29]"
6078,Bắc kỳ cũng là người vn mà nó chửi như có sách con này k bỏ qua cho nó được,"[0, 1, 2, 3, 4, 5, 27, 28, 30, 31, 32, 33, 47, 48, 49, 68, 69]"
6079,1 thời tuổi thơ ấy chứ,[]
6080,Linda Bui Phúc XO do bạn,[]
6081,Vũ Thanh Tùng đúng r,[]
6082,Thằng này ko dc,"[0, 1, 2, 3, 4]"
6083,"Ko biết từ khi nào mình không màn chuyện chính trị nữa, chuyện gì đến thì kệ mẹ nó cứ làm việc mình đam mê","[91, 92, 93, 94, 95, 96, 97]"
6084,Chui chet me con linh ca loc do luon co 3 oi,"[0, 1, 2, 3, 4, 5, 6, 7, 8, 9, 10, 11, 12, 13, 14, 15]"
6085,Chán,[]
6086,Nhiều đồ giá trị quá. Cafe Bao Cấp mà thấy bức ảnh này chắc thích mê các món đồ quá.,[]
6087,Sếp nhà ngta :),[]
6088,Hình như anh này CEO C Group này :3 từng tuyên bố thiết kế điện thoại made in Vietnam mà mình chờ mãi ko thấy,[]
6089,"Ý thức phải như thế mới đúng người biết bảo vệ cộng đồng, đâu như mấy cái loại trốn khai báo, khai báo sai rồi còn livestream khoe hay trốn cách li đâu, ý thức chuột cắn. Hãm","[74, 75, 76, 77, 153, 154, 155, 156, 157, 158, 159, 160, 161, 162, 163, 164, 165, 166, 167, 168, 171, 172, 173]"
6090,Hài,[]
6091,Cún vàng k có viết chữ đẹp đc như vậy đâu bạn ơi,"[0, 1, 2, 3, 4, 5, 6, 7, 9, 10, 11, 12, 13, 14, 15, 16, 17, 18, 19, 20, 21, 22, 23, 24, 25, 26, 27, 28, 29, 30, 31, 32, 33, 34, 35, 36, 37, 38, 39, 40]"
6092,Con di linh ca loc di cho,"[0, 1, 2, 3, 4, 5, 19, 20, 21, 22, 23, 24]"
6093,chỉ đứng dẩy là thành ca sĩ đc rồi. Thế mà đợt trước a Bảnh về đội chắc giờ làm ca sĩ nổi tiếng đéo phải đi tù ý nhờ,"[0, 1, 2, 3, 4, 5, 6, 7, 8, 9, 10, 11, 12, 13, 14, 15, 16, 17, 18, 19, 20, 21, 22, 23, 24, 25, 26, 96, 97, 98, 108, 109]"
6094,Phạm Thanh chắc có mình Nhung bệnh trên máy bay k b? Mình chỉ hỏi là có chắc 100% k thôi chứ sai lè mình chả bênh.,[]
6095,Yêu em nhung và a đã nhận ra một điều là,[]
6096,Phạm Hồng Minh cảnh sát chính tả,[]
6097,Không giống ai,[]
6098,Cười sặc cơm,[]
6099,Tương lai như Phúc XO thôi,[]
6100,Ông tiên đoán xem bản thân ông có bị nhiễm không,[]
6101,😎😎,[]
6102,Hiếu Bùi sủa dơ,"[9, 10, 11, 12, 13, 14]"
6103,Nguyễn Thư,[]
6104,"Mấy em cứ quăng miếng BVS ra đây, rồi xài cái hiệu gì... Chị 3 tài trợ cho xài tới mãn kinh luôn.",[]
6105,Tuổi trẻ chưa trải sự đời 💁‍♀️,[]
6106,Ngoan là ai cũng quý :)),[]
6107,Cái bài hát này nghe lại muốn khóc ghê 😭😭😭,[]
6108,Trung mậu tuất,[]
6109,Về nước chưa việt kiều mỹ ?,[]
6110,Nguyễn Văn Huân sống chậm làm đéo j,"[30, 31, 32]"
6111,Tập  này  có  cô mik hiếu hài  quá  trời  hài... Vui ơi  là  vui.... Thương  cô ghê,[]
6112,Nhục mặt chửi nhau roi giờ chơi nhau chửi mướn đề con vk trả tien kaaaaaa,"[0, 1, 2, 3, 4, 10, 11, 12, 13, 38, 39, 40, 41, 51, 52, 53]"
6113,Đĩ quýt Tiền nhìn mat hãm,"[0, 1, 22, 23, 24]"
6114,Ai mà kêu con sam k có gì ăn thì chắc chưa ăn bao giờ =))),[]
6115,Thật khâm phục ông phóng viên báo Lao Động bỏ 1 tháng đi làm ngoài công trường để thu nhập tin tức !,[]
6116,TínhTênTui @Hà Nguyễn @Lộc Tài @Võ Minh Hiếu,[]
6117,mọi người qua ủng hộ anh độ nhé,[]
6118,Quả nhạc nghe tội thực sự 😆,[]
6119,"bộ hàng hải :)) admin ngu đéo chịu đc :)))))))))))) ôi ""bộ hàng hải"" =)))))","[22, 23, 24, 26, 27, 28]"
6120,giật đ trượt phát nào đến từ vị trí của Độ Tày,[5]
6121,"Bán nước rõ ràng rồi, các cháu dư luận viên còn gì để sủa ko?","[0, 1, 2, 3, 4, 5, 6, 7, 54, 55, 56]"
6122,Đù mẹ.,"[0, 1, 2, 3, 4]"
6123,"Trong trường hợp này thì ""Con hơn cha là nhà có phúc""😀",[]
6124,nó chơi luật rừng thì mình chơi luật rừng! mạng đổi mạng! đéo phải nói nhiều! Bức xúc làm cc gì,"[58, 59, 60, 90, 91]"
6125,Tao lao nua rui tran dan oi. Chong dich chua xong o do ma chien tranh,"[0, 1, 2, 3, 4, 5, 6, 58, 59, 60, 61, 62, 63, 64, 65, 66, 67, 68]"
6126,Edit sợ thế =)),[]
6127,Nhớ mang theo Tú Bảnh nha Trung Sky :))),[]
6128,Tránh xa nó ra anh em,"[9, 10]"
6129,Sao già xap xuong lô roi ma len mang chui chi vay that la xau hô,"[12, 13, 14, 15, 16, 17, 18, 19, 37, 38, 39, 40, 58, 59, 60, 61, 62, 63]"
6130,oki yêu thầy,[]
6131,Inb mình nha,[]
6132,Tưởng con lợn 😑,[]
6133,Quá sàm chứ liệu gì,"[4, 5, 6]"
6134,"Hiệp Đinh cái thứ tay nhanh hơn não mà cũng có tư cách nói à,, chưa biết ai hạ cấp đâu, m nghĩ ai cũng như mày á, biết bệnh mà vẫn á","[14, 15, 16, 17, 18, 19, 20, 21, 22, 23, 24, 25, 26, 27, 28, 29, 30, 31, 32, 33, 34, 76, 77, 78, 79, 80, 81, 88, 107, 108, 109]"
6135,Thứ giật tiền Minh Hiếu,"[0, 1, 2, 3, 4, 5, 6, 7, 8, 9, 10, 11, 12]"
6136,Lo ăn lo cướp tối đa thì lãnh đạo gì,"[0, 1, 2, 3, 4, 5, 6, 7, 8, 9, 10, 11, 12]"
6137,Dễ thương,[]
6138,Lê Chánh Huy vl nhật văn mình dữ v 🤣,"[13, 14]"
6139,Phan Linh đb ct có lm j đâu ? Mà ss chán,"[10, 11]"
6140,NhungLê Lê hoa chi đẹp rứa hầy,[]
6141,Má ăn mặc đeo giống ai,"[0, 1, 10, 11, 12]"
6142,Xin chào Ngài! may có sự xuất hiẹn trở lại của Ngài làm tôi thuyên giảm bệnh trĩ,[]
6143,Lớ ngớ phát đẹp trai luôn,[]
6144,Phàm :)) vlon thanh niên,"[9, 10, 11, 12]"
6145,Thầy địt mẹ giả tạo vl =)),"[5, 6, 7, 8, 9, 10, 12, 13, 14, 15, 16, 17, 18, 19, 20, 21]"
6146,Chắc lại trốn stream hôm nay rồi :v,[]
6147,Nguyễn Công phục cái máu lol,"[21, 22, 23, 24, 25, 26, 27]"
6148,Người nhật mà còn có thể loại ko não này thì bảo sao VN lại ko ..chán dell muốn nói,"[21, 22, 23, 24, 25, 26, 27, 28, 30, 31, 32, 33, 34, 35, 70, 71, 72, 73]"
6149,Nói đến đâu cười đến đó...chị rrất đẹp .. ...nói chuyện có duyên...,[]
6150,"có một sự tồn tại của đàn bò mang tên "" cực kỳ thuyết phục "", có sở thích là nhai đi nhai lại, mục đích của chúng trên hành tinh này vẫn chưa có lời giải đáp, theo như các nhà động vật học cho biết loài bò này có lối sống hoang dâm trụy lạc, có thể động dục bất cứ lúc nào, con số của loài này đang được gia tăng đáng kể vâng và hiện tại đám bò lạc chạy sang tận đây rồi","[222, 223, 224, 225, 226, 227, 228, 229, 230, 232, 233, 234, 235, 236, 237, 238, 239, 249, 250, 251, 252, 253, 254, 255, 256]"
6151,"Lê Tấn Tài thế là cày view à , ngu lồn á mày","[31, 32, 33, 34, 35, 36, 37, 41, 42, 43]"
6152,Xoáy,[]
6153,nếu không có Otoya Yamaguchi thì nước nhật bây giờ chắc cũng đang diễn ra đại hội đảng !,[]
6154,Chắc trong chuyện vui có liên quan đến bú ku 🤣🤣,"[39, 40, 41, 42, 43]"
6155,Áo đẹp vậy anh be,[]
6156,"noi dong cham toi ban tot 16 chu vang la bi ghep toi phan dong ,,, roi co ca dam dlv ngu ngoc tre trau cung vo goi la phan dong viet tan potay luon","[53, 54, 55, 56, 57, 58, 59, 60, 61, 77, 78, 79, 85, 86, 87, 88, 89, 90, 91, 92, 94, 95, 96, 97, 98, 99, 100, 101, 118, 119, 120, 121, 122, 123, 124, 125, 126]"
6157,"Nghe cô kể hay dã man,",[]
6158,Vẫn là abe =))) nhưng ở 1 nền nhạc khác,[]
6159,"Mv mới của anh rất tuyệt, sẽ mãi ủng hộ anh ❤ anh Tùng M-TP 🥰",[]
6160,Sướng quá cũng kêu,[]
6161,Thành kính phân ưu tới gia đình thấy Đào Quang Thực . Nguyện cầu cho thầy được về cõi bình yên .,[]
6162,con mL thắm đâu,"[0, 1, 2, 3, 4, 5]"
6163,cần lắm địa chỉ mua Hàu,[]
6164,chi dep lam qua tuyet voi luon chi oi,[]
6165,Thế đéo nào???????!?!!?????,"[4, 5, 6]"
6166,Page lâu lâu nói chuyện chuẩn dễ sợ >.<,[]
6167,đất nước ngày một thối nát,"[18, 19, 20, 21, 22, 23, 24, 25]"
6168,Địt mẹ lũ chó bán nước,"[0, 1, 2, 3, 4, 5, 7, 8, 9, 10, 11, 12, 14, 15, 16, 17, 18, 19, 20, 21]"
6169,Có khùng quá thì chết đi,"[3, 4, 5, 6, 7, 17, 18, 19, 20]"
6170,Đẹp trai quá đi à,[]
6171,"Hieu Nguyen họ bùi ăn hết của ông nội m hả , đụ mẹ m lôi vào nói chung chung ý thức của m cũng như cc","[19, 20, 21, 22, 23, 24, 25, 26, 27, 28, 29, 30, 31, 32, 33, 34, 35, 36, 37, 38, 45, 46, 47, 48, 49, 50, 51, 77, 78, 79, 80, 81, 82, 83, 84, 85, 86, 87, 88, 89, 90, 91, 92, 93, 94, 95, 96, 97, 98, 99, 100]"
6172,Lê Thị Trang giảm giá thì mua 😂😂😂,[]
6173,dân có ai chọn chắc thần kinh có vấn đề,"[20, 21, 22, 23, 24, 25, 26, 27, 28, 29, 30, 31, 32, 33, 34, 35, 36, 37, 38]"
6174,đã tăng 2 đến 7 thì dân lợi cái lồn mẹ chúng nó à,"[28, 29, 30, 31, 32, 33, 34, 35, 36, 37, 39, 40, 41, 42, 43, 44, 45, 46]"
6175,Nhàn Lê me too,[]
6176,Trunq Xuân Cao thì kp 2n nhưng cũng mấy tháng rồi :)))),[]
6177,vcl bôi cứt mũi,"[0, 1, 2, 8, 9, 10]"
6178,Xin tộc trưởng hãy cho Hiếu lợn thần ra trận! Đảm bảo sẽ có chiến thắng,[]
6179,Đéo đở dc)),"[0, 1, 2]"
6180,Ôi bọn ghen ăn tức ở,"[3, 4, 5, 7, 8, 9, 10, 11, 12, 13, 14, 15, 16, 17, 18, 19]"
6181,trời,[]
6182,Này đối diện hồ bời kỳ đồng mà :3,[]
6183,Tr ạ tui bị bạn lừa rồi 😂😂,[]
6184,Nói dối lm trái tym đau ....,[]
6185,Tiệp có khả năng trở thành 1 người đàn ông hay ho,[]
6186,Ctr mời Nguyễn thanh thanh & my Nguyễn nha,[]
6187,Chị ba mặc có phúc hậu bởi vậy mới giàu cảm phục chị ba,[]
6188,Nhìn có vẻ iphone nhưng thật ra là mixi,[]
6189,"tự kiểm điểm, có cái éo đó cứ làm hoài","[21, 22]"
6190,đéo thích thì thôi cút mẹ đi =)),"[0, 1, 2, 19, 20, 21, 22, 23, 24]"
6191,Chó việt cộng lo ăn cứt chó tàu nên đâu quan tâm phù vs chả xa :)),"[0, 1, 2, 3, 4, 5, 6, 7, 8, 9, 10, 11, 12, 20, 21, 22, 23, 24, 25, 26, 28, 29, 30]"
6192,Ad à thanh phố hcm cái củ cải. Kêu sài gòn đi nghe cai tên éo ưa,"[23, 24, 25, 26, 27, 28, 59, 60, 61, 62, 63]"
6193,Lúc nó đi ngược chiều nó tông cho rồi kêu chó vàng giúp. Quyền lợi thì muốn mà còn pháp luật thì k muốn tuân thủ,"[4, 5, 22, 23, 42, 43, 44, 45, 46, 47, 48, 49]"
6194,Thảo Đào Văn giàu hết r đi làm công để làm gì.tay nhanh hơn não.lướt fb nhớ gắn não vô nha,"[46, 47, 48, 49, 50, 51, 52, 53, 54, 55, 56, 57, 58, 59, 60, 61, 62, 76, 77, 78, 79, 80, 81, 82]"
6195,Xa hoi tồi tệ,"[7, 8, 9, 10, 11, 12]"
6196,ặc :),[]
6197,"Bố ơi vào đây bố, khều cho con ít donate.",[]
6198,Khó chịu vl,"[9, 10]"
6199,Hoàng Hải Quân vẫn giả dc đó ông,[]
6200,ăn bẩn ko chừa thứ gì kể cả bê tông.,"[3, 4, 5]"
6201,Ditme đéo hiểu sao,"[0, 1, 2, 3, 4, 6, 7, 8]"
6202,>>>>>>>>>>>>>>>>>>>>>,[]
6203,Tội anh be🤣,[]
6204,Thi hành án tử thì khác gì cái thoòng treo trên cổ chúng nó... mẹ tổ cha bọn tham nhũng,"[31, 32, 33, 34, 35, 36, 37, 38, 39, 40, 41, 42, 43, 44, 45, 46, 47, 48, 49, 50, 51, 52, 53, 54, 55, 56, 57, 58, 63, 64, 65, 66, 67, 68, 69, 70, 71, 72, 73, 74, 75, 76, 77, 78, 79, 80, 81, 82, 83, 84, 85, 86]"
6205,Nó cà khịa cụ kìa :<,[]
6206,Trần Thành Long cho mình xin video với bạn,[]
6207,thằng này nó chơi với tiến bịp hay sao mà nó lại k xanh chín thế ông nhỉ :)),"[0, 1, 2, 3, 4, 10, 11, 22, 23, 24, 25, 26, 27, 28, 29, 42, 43, 49, 50, 51, 52, 53, 54, 55, 56, 57, 58, 59]"
6208,Hy vọng lời ông Thanh nói ko bao giờ sai :(,[]
6209,Khi bạn muốn mặc quần nhưng k kéo đc khoá 🤣🤣🤣,[]
6210,Nứng,"[0, 1, 2, 3]"
6211,😣,[]
6212,Nghe giọng lứng quá,"[11, 12, 13, 14]"
6213,Thương thầy <3,[]
6214,ĐM TOÀN KHOE NG NÀY CÓ CỦA NG KIA CÓ NHÀ MÀ MÌNH ĐÉO CÓ CON MẸ J,"[0, 1, 49, 50, 51, 56, 57, 58, 59, 60, 61]"
6215,Xem lũ chó cộng sản ko có dân chủ ở nước nó làm gì ở đất nước tự do kìa.😏😏,"[4, 5, 7, 8, 9, 20, 21, 22, 23, 24, 25, 26, 27, 28, 29, 30, 31, 32, 41, 42]"
6216,Cà mau nè (P5),[]
6217,Học công nghệ sản xuất kem chống nhục và phẫu thuật cắt dây thần kinh xấu hổ,"[33, 34, 35, 36, 70, 71, 72, 73, 74, 75]"
6218,Tao đéo biết,"[0, 1, 2, 4, 5, 6]"
6219,"Đã là gì :"">",[]
6220,Co mupn lam the nap thi la,[]
6221,Như Quỳnh Bệnh từ trong cái nhân cách rồi pạn🤷‍♀️,"[10, 11, 12, 13, 14, 15, 16, 17, 18, 19, 20, 21, 22, 23, 24, 25, 26, 27, 28, 29, 30, 31, 32, 33, 34, 35, 36]"
6222,tuổi trẻ ai chả có lúc thăng trầm ...,[]
6223,Cô duyên ghê. Yêu cô ❤️,[]
6224,"Đ c l c m m... Mày ngu vừa thôi,dành ít ngu cho con khác để bọn tao còn kiếm chác chứ... 😂😂😂","[0, 1, 2, 3, 4, 5, 6, 7, 8, 9, 10, 15, 16, 17, 19, 20, 21, 40, 41, 42, 48, 49, 50, 51, 52, 53, 54, 55, 60, 61, 62, 63, 64, 65, 66]"
6225,"Họ chọc nó một chút mà nó đòi bắt họ nhét vào l, tum tóc chùi chùi cái đầu thì bây giờ nó chửi cả nước VN vậy thì hãy thực hiện như nó hù họ vậy","[3, 4, 5, 6, 8, 9, 23, 24, 30, 31, 32, 46, 87, 88, 90, 91, 92, 93, 132, 133]"
6226,Cô hát hay đi vào lòng người luôn :),[]
6227,Oke a ưiiiiiii,[]
6228,"Có tiền, có xe mà ý thức thua điểm thi hóa của cháu nữa :\""((","[18, 19, 20, 21, 22, 23, 24, 25, 26, 27, 28, 29, 30, 31, 32, 33, 34, 35, 36, 37, 38, 39, 40, 41, 42, 43, 44, 45, 46, 47, 48, 49, 50]"
6229,"Có những thằng Bắc Cụ đang dùng cái óc toàn Bắc của nó mà suy cho dân Nam chúng tao. Xin lỗi chứ,từ thời các Chúa thì Nam Bắc đã khác nhau hoàn toàn, đừng đem cái xuất thân ra nhé. Chúng tao là dân SG,và chúng tao là dân tộc thiểu số! Hahaha.","[9, 10, 11, 12, 13, 14, 15, 16, 17, 18, 19, 20, 36, 37, 38, 39, 40, 41, 42, 43, 44, 45, 46, 52, 53, 80, 81, 82, 187, 188, 189, 210, 211, 212]"
6230,"Cả cái thằng máu lồn ad nữa, dạo này cứ đăng mấy cái nhảm lồn, đ thích mua hộp cơm 200.000 thì vè nhà cắm con mẹ m cơm mà ăn, đi xăm xoi cái lồn ý à","[7, 8, 9, 10, 11, 12, 13, 14, 15, 16, 17, 18, 19, 53, 54, 55, 56, 57, 58, 59, 60, 63, 106, 107, 108, 109, 110, 111, 112, 113, 141, 142, 143]"
6231,Có ba giàu nhỉ.vay sao có ba con lừa bịp cua cô hieu mấy trăm triệu vậy? à nè cô bà ơi.net đẹp của cô k dụng hàng ai luôn đó.ah phải gọi là giống công công hơn.haha. Chắc bà này bà quên uống thuốc rồi cả nhà ơi.khung hết thuốc chữa đồ thần kinh,"[29, 30, 31, 33, 34, 35, 36, 37, 38, 39, 146, 147, 148, 149, 150, 151, 152, 153, 154, 171, 172, 178, 179, 181, 182, 183, 184, 185, 186, 187, 188, 189, 190, 191, 192, 193, 194, 195, 211, 212, 213, 214, 215, 217, 218, 219, 220, 221, 222, 223, 224, 225, 226, 227, 228, 229, 230, 232, 233, 234, 235, 236, 237, 238, 239, 240, 241, 242, 243]"
6232,Thôi xong ăn lol rồi,"[10, 11, 12, 13, 14, 15]"
6233,Các bác sống nhanh vaicutt :(((,"[19, 20, 21, 22, 23, 24, 25]"
6234,Nguyễn Nghĩa mi lúc mô ko nứng,"[26, 27, 28, 29]"
6235,Bọn giàu mà mang thua người nghèo nửa đm chán quá,"[0, 1, 2, 38, 39]"
6236,Lữ Văn Thánh ông trẩu vc,"[17, 18, 19, 20, 21, 22, 23]"
6237,là rõ :))),[]
6238,Nhìn cái mặt nó kìa. Cặn bã 🖕🖕,"[13, 14, 21, 22, 23, 24, 25, 26, 27, 28, 29]"
6239,Keu con linh cá lóc về vn đi c hiếu đập vô mặt nó,"[4, 5, 6, 36, 37, 38, 47, 48]"
6240,Ai đi ngang qua vào wall em like avt mới dùm em ạ. Em cảm ơn nhiều 😢🙆‍♀️,[]
6241,"Đm nói ko phải xúc phạm chứ mấy ông càng càng phát ngôn đéo ra cái j, não mấy ông chỉ có tiền thôi ah, mấy ông ""giúp"" dân nhìu wá nhỉ, nói như đúng rồi","[0, 1, 56, 57, 58, 70, 71, 72, 73, 74, 75, 76, 77, 78, 79, 80, 81, 82, 83, 84, 85, 86, 87, 88, 89, 90, 91, 92]"
6242,Lan Cong còn ạ. Rep ib hộ e nhaa,[]
6243,Chửi hay bên nước ngoài thì đổi avata làm như quan tâm lắm trong nước không nói toàn thứ ngu nhà dại ngoài đường,"[0, 1, 2, 3, 38, 39, 40, 41, 42, 43, 44, 45, 46, 47, 48, 49, 50, 51, 52, 53, 54, 55, 56, 57, 85, 86, 87, 88, 89, 90, 91, 92, 93, 94, 95, 96, 97, 98, 99, 100, 101, 102, 103, 104, 105, 106, 107, 108, 109, 110, 111]"
6244,Trần Công Luận đem đi tử hình cho nó lẹ phạt chi cho nó mệt,"[22, 23, 24, 25, 26, 27, 28, 29, 30, 36, 37, 38, 58, 59, 60]"
6245,cần thuê con BMW 523i (3 ngày 2 đêm) để lấy lòng gđ bạn gái...gấp 😞,[]
6246,"mụ ấy đúng đấy, nhờ ơn đoảng, chính phủ mà mụ hốt nhiều vụ quá hời, có tiền cho thằng quý tử ăn chơi sa đọa, mua biệt thự xứ giãy chết, vậy là mụ hạ cánh an toàn và sẽ đu càng boeing qua giải phóng nước Mỹ.","[0, 1, 43, 44, 80, 81, 82, 83, 84, 101, 102, 103, 104, 105, 106, 130, 131, 132, 133, 168, 169, 170, 171, 172, 173, 174]"
6247,Nói hổng phải nịnh nhưng mà Cao = quê pro đẹp thặc,[]
6248,Cmt nhớ mang theo não nha :'(,"[4, 5, 6, 7, 8, 9, 10, 11, 12, 13, 14, 15, 16, 17, 18, 19, 20]"
6249,nhìn vậy thôi chứ thanh niên ở nhà chín chắn lắm đây,[]
6250,Trần Ngọc có trc tết luôn mừng á,[]
6251,vừa mới nói xg,[]
6252,Tặng jack 🤣 hú hú,[]
6253,Gay to vl :))),"[0, 1, 2, 3, 4, 5, 7, 8]"
6254,"Chẳng qua dân mình ngu dốt, học luật giao thông thì bố thằng nào làm bậy dm","[19, 20, 21, 22, 23, 24, 25, 52, 53, 54, 55, 56, 57, 58, 59, 60, 61, 62, 63, 64, 65, 66, 67, 68, 69, 70, 71, 72, 73, 74]"
6255,Tóc du thiên đây mà,[]
6256,30p rồi kêu chậm cái dmm,"[21, 22, 23]"
6257,Văn Việt quay ăn lon,"[17, 18, 19]"
6258,éo thèm nhé =)),"[0, 1]"
6259,Mong thời gian nhanh lên 😿,[]
6260,"Ngoài ra bắn bỏ mẹ những thằng đeo biết lon j cũng đăng lung tung , khoá mõm lại","[9, 10, 11, 12, 13, 14, 16, 17, 25, 26, 27, 28, 29, 31, 32, 33, 40, 41, 42, 68, 69, 70, 71, 72, 73, 74, 75]"
6261,"Tên Trần dần này biết cái cứt gì đâu mà tôn vinh tiên tri Vũ trụ,thật là một lũ nhảm","[0, 1, 2, 17, 18, 19, 20, 21, 22, 23, 24, 25, 26, 27, 28, 29, 30, 31, 77, 78, 79, 80, 81, 82, 83]"
6262,Thật hay dùa dều rất thông minh,[]
6263,Cảm động,[]
6264,Con này sao mà mất dạy quá,"[0, 1, 2, 17, 18, 19, 20, 21, 22, 23, 24, 25]"
6265,thằng ad này não bị delay 3 năm à :)),"[0, 1, 2, 3, 4, 13, 14, 15, 16, 17, 18, 19, 20, 21, 22, 23, 24]"
6266,Đọc cmt thôi mà cười chảy nước mắt :))),[]
6267,hiếp...:))),"[0, 1, 2, 3]"
6268,Chú tư toang thật rồi!,[]
6269,Duoc tien minh hieu con đy me,"[20, 21, 22, 23, 24, 25, 26, 27, 28]"
6270,cái bọn cướp ngày thì muốn làm gì chẳng được,"[4, 5, 6, 7, 8, 9, 10, 11]"
6271,Coi thôi cũng ức chế :vv đm chơi chắc đập luôn,"[14, 15, 16, 17, 18, 19, 25, 26, 28, 29, 30, 31, 32, 33, 34, 35, 36, 37, 38, 39, 40, 41, 42, 43, 44, 45]"
6272,Như thằng điên,"[4, 5, 6, 7, 8, 9, 10, 11, 12, 13]"
6273,Tẩy chay con chó này .bán toàn hàng giã,"[0, 1, 2, 3, 4, 5, 6, 7, 8, 9, 10, 11, 12, 13, 14, 15, 36, 37, 38]"
6274,Minh Công nói thật bây gio tui ghét bọn hàn như ghét cức,"[36, 37, 38, 53, 54, 55]"
6275,ổng tưởng ko đc.hóa ra đc thâtj.hihi.sbtc vô địch,[]
6276,Còn nhieu thu lam !!!!!,[]
6277,Kim Tiêm Hahahahaha,[]
6278,Buồn vui đã có tú abe à,[]
6279,Này mà giống thì tôi cũng chịu,[]
6280,Vãi cả lồn,"[0, 1, 2, 3, 4, 5, 6, 7, 8, 9]"
6281,Quang Huy ?,[]
6282,Thang khung,"[0, 1, 2, 3, 4, 5, 6, 7, 8, 9, 10]"
6283,facebook của cô lan là gì vậy kiếm hoài không thấy,[]
6284,T k thích k ưa mẹ này.... Mà dx cái chưit ngta nghe hài vcl bù lại củng đỡ 😂😂,"[0, 15, 16, 36, 37, 38, 39, 40, 52, 53, 54, 55, 56, 57, 58]"
6285,tư bản giãy chết và kết quả là chúng nó vẫn cho con cháu gd sang đấy giãy chết =]],"[7, 8, 9, 10, 11, 12, 13, 14, 15, 31, 32, 33, 34, 35, 36, 37, 38, 69, 70, 71, 72, 73, 74, 75, 76, 77]"
6286,Hay!,[]
6287,Korea chơi chất nhề 😂😂😂,[]
6288,Nhìn mặt thì ngắn ngủn. Mắt thì hít. Mũi thì to. Nhìn nhủ mấy thằng nô lệ.,"[5, 6, 7, 8, 9, 10, 11, 12, 13, 14, 15, 16, 17, 18, 19, 20, 21, 24, 25, 26, 27, 28, 29, 30, 31, 32, 33, 34, 37, 38, 39, 40, 41, 42, 43, 44, 45, 46, 58, 59, 60, 61, 62, 63, 64, 65, 66, 67, 68, 69, 70, 71, 72]"
6289,"DM...thèng assmin này...hỏi ngu méo chịu được...mày làm như muốn tập trận chung với QDNDVN dễ lắm vậy...mày hỏi 4 thằng đó ( Mĩ,Úc,Nhật,Phi ) coi tụi nó biết nói tiếng việt không mà tập chung...","[0, 1, 5, 6, 7, 8, 9, 11, 12, 13, 28, 29, 30, 32, 33, 34, 48, 49, 50, 114, 115, 116, 117, 118, 146, 147, 148, 149, 150, 151]"
6290,Say oh yeah ?,[]
6291,Sao chi đep qua,[]
6292,Này thì sao?,[]
6293,Chán đéo nói nỗi 🤣🤣,"[5, 6, 7]"
6294,Ông cho tui chém ông ba nhắc có chết nay kg ba ve nói chuyện buồn dụ o nhe,"[12, 13, 14, 15, 32, 33, 34, 35, 66, 67]"
6295,Đéo làm even nho nhỏ giải nghiệp đi abe :)),"[0, 1, 2, 21, 22, 23, 24, 25, 26, 27, 28, 29, 30, 31]"
6296,Ám ảnh thật sự,[]
6297,Lê Phương Linh liều. Vé cao chết mẹ,"[28, 29, 30, 31, 32, 33, 34]"
6298,Trên Cao Bằng bọn tôi đu cây suốt: A Độ said,[]
6299,thoại cc nhá thầy,"[6, 7]"
6300,Gdinh nó có công vs cmang. Còn gdinh ad trốn chui lủi như chó. Thấy nó giàu và béo hơn mình thì ghen tỵ😂😂😂,"[6, 7, 40, 41, 42, 43, 44, 45, 46, 47, 48, 49, 50, 51, 52, 53, 54, 55, 56, 57, 58, 59, 60, 68, 69]"
6301,Có mấy thằng cộng nô lên mạng đọc báo lề phải cũng tin răm rắp,"[7, 8, 9, 10, 11, 12, 13, 14, 15, 16, 17, 18, 19]"
6302,Mọi người cho em hỏi hôm 15/1 em ko điểm danh ngày mai em vào điểm danh bù lại có được ko vậy mọi người?,[]
6303,xinh vaicalon y kien gi,"[5, 6, 7, 8, 9, 10, 11, 12]"
6304,Trúc Loan bị ngu à? Nghe nhạc 2 thằng mà éo hiểu vấn đề,"[13, 14, 15, 32, 33, 34, 35, 36, 41, 42]"
6305,"xem công an và báo nó rãnh hơn nè ! thông báo người ta lên kiểm tra xe mang theo giấy tờ nhưng mà toàn bộ xe giữ chả có thông tin gì ....vậy mà cũng tốn mấy trang báo để đăng !... nói ngu thì kỳ nhưng chắc vậy gọi là "" đúng quy trình "" nhỉ !","[19, 20, 184, 185, 186, 219, 220, 221, 222, 223, 224, 225, 226, 227, 228, 229, 230, 231, 232]"
6306,Toang thật nhỉ,"[0, 1, 2, 3, 4]"
6307,Đĩ mẹ nó lại hỏng mạng🙂,"[0, 1, 2, 3, 4, 5, 6, 7]"
6308,Thâm hết cả hậu!!!,"[0, 1, 2, 3, 4, 5, 6, 7, 8, 9, 10, 11, 12, 13, 14]"
6309,dc nha😎😎,[]
6310,Mẹ mày hưởi quần xì của con ômô  ý lộn ômôi chứ kkk😁😁😁😁😁😁 cười ỉa,"[0, 1, 2, 3, 4, 5, 7, 8, 9, 10, 11, 12, 13, 14, 15, 16, 17, 18, 24, 25, 26, 39, 40, 41, 42, 63, 64]"
6311,":)))) cáp đứt tại cá mập , gạch vỡ do sinh viên 😂",[]
6312,chửi cái dcmmm,"[0, 1, 2, 3, 9, 10, 11, 12, 13]"
6313,Kick nó đi Abe,"[5, 6]"
6314,Chán thực sự,[]
6315,Cai miệng ba nay chua hêt nghiệp lai tao nghiệp nua roi.phu ni gì ma tho tức miệng co doi ma thui nua,"[10, 11, 26, 27, 28, 29, 30, 31, 41, 42, 43, 44, 45, 46, 77, 78, 79, 80, 81, 82, 83, 84, 85, 86, 87, 88, 89, 90, 91, 92, 93, 94, 95, 96]"
6316,"thế thì bên asia entertainment thuê về được hơn chứ thuy nga mà thuê ông này thì có mà bị kick khỏi VN, ông dần vẫn mang tính phản động mà.","[126, 127, 128, 129, 130, 131, 132, 133, 134]"
6317,Em thích kiểu này,[]
6318,"Nam Bắc gì, cứ nói tới người Việt + là ko chỉ thế giới mà chính ""đồng bào"" ta cũng nổi hết da gà! Từ xấu hổ đâu đủ để diễn tả! Đã có hiện tượng lãng xa đồng hương và ko nhận mình là người Việt + trong giao tiếp xã hội khi đi nước ngoài! Dính nhiễm loại virus + này là HẾT THUỐC CHỮA! Than ôi!","[58, 59, 60, 61, 62, 63, 64, 65, 66, 67, 68, 69, 70, 71, 72, 73, 74, 75, 76, 77, 78, 79, 80, 81, 82, 83, 84, 85, 86, 87, 88, 89, 90, 91, 92, 93, 94, 95, 253, 254, 255, 256, 257, 258, 259, 268, 269, 270, 271, 272, 273, 274, 275, 276, 277, 278, 279, 280, 281, 284, 285, 286, 287, 288, 289, 290]"
6319,Tại bọn lính cả,"[4, 5, 6]"
6320,Mang cây ATM-cao lãnh ra đây cháu đg thiếu sữa =)),[]
6321,Cảnh sát chính tả comingg nè :)),[]
6322,mấy cái hội phụ nữ đông lào chả được tích sự gì nhỉ ! nam đá bóng thì thể thao là yêu nước còn nữ thì không ah ?,"[8, 9, 10, 11, 12, 13, 14, 15, 16, 17, 18, 19, 20, 21, 22, 23, 24, 25, 26, 28, 29, 30]"
6323,"Thầy bói Ba cl gì gì vậy thầy, đem con susan ra thế giới à","[12, 13]"
6324,Hồ Sỹ Hải bài này top 1 do fan thôi hihi,[]
6325,Bán nước hoa 500k như nước lã...Ko thơm tho gì hết...like trim thì chửi mắn cha mẹ người ta.. giờ khóc rồi hả.  Nhân quả đó e ơi....Bán hàng thật đi...,"[0, 1, 2, 3, 4, 5, 6, 7, 8, 9, 10, 11, 12, 13, 14, 15, 16, 17, 18, 19, 20, 21, 22, 23, 24, 25, 26, 27, 28, 29, 30, 31, 32, 74, 75, 76, 77, 78, 79, 80, 81, 82, 83, 127, 128, 129, 130, 131, 132, 133, 134, 135, 149, 150, 151, 152, 153, 154, 155, 156, 157, 158, 159, 160, 161, 162, 163, 164, 165, 166, 167]"
6326,Chi ba oi chi giau qua e dan kho e dan thieu no 20tr chi cho e muon dc ko chi,[]
6327,Co ba o dau vay,[]
6328,Họ bị mù mà !!! Tiền che hàng cave đi rồi chúng cơ quan thiểu năng ko thấy đâu,"[6, 7, 16, 17, 18, 19, 20, 21, 22, 23, 24, 25, 26, 27, 28, 29, 30, 31, 32, 33, 42, 43, 44, 45, 46, 56, 57, 58, 59, 60, 61, 62, 63, 64, 65]"
6329,Cực kỳ thuyết phục! 😂,[]
6330,"Tôi bảo ô ad nhé, ô mở phim sex lên, vặn loa hết cỡ mà nghe diễn viên họ rên sẽ tốt cho não hơn là đi đôi co với phản biện với lũ tiến sĩ việt +","[28, 29, 30, 73, 74, 75, 127, 128, 138, 139, 140, 141, 142, 143]"
6331,Bà này đỉnh thật. Nữ tướng đáng khâm phục. Giá như mà Việt Nam! Có sự lãnh đạo của bà thay cho NTKN thì hay cho đất nước.,[]
6332,Về nhà trông con đi còn đam mê làm ca sí nữa à anh ưiiii,[]
6333,"0777866760,hihi",[]
6334,Ò ó o,[]
6335,Có đi cùng chuyến bay với bệnh nhân 21 không vậy?,[]
6336,"Chương trình riết nhảm, bế tắc. Mời bọn tục tỉu, vô văn hóa lên tv.","[18, 19, 20, 21, 36, 37, 38, 39, 40, 41, 42, 43, 44, 45, 46, 49, 50, 51, 52, 53, 54, 55, 56, 57, 58]"
6337,chủ tiệm mà 😁😁😁,[]
6338,"Bạn nói đúng đấy! Người khác chỉ đánh giá sự thành công của bạn nhưng họ không chấp nhận sự nỗ lực của bạn đâu! Tiền ai trả muốn, nhưng cuộc sống này mới phức tạp, khi họ thấy đồng tiền nó quá bạc beo",[]
6339,Chúc mừng năm mới,[]
6340,Việt Nam vô địch 🎉,[]
6341,"Bố m bảo rồi , h nhục như chó chưa , đàn ông đàn ang để cmn lại đi cho chất , sợ lồn =))","[0, 1, 2, 3, 17, 18, 19, 20, 21, 22, 23, 24, 25, 26, 27, 28, 37, 38, 39, 40, 41, 42, 43, 44, 45, 46, 47, 48, 49, 50, 51, 56, 57, 58, 81, 82, 83]"
6342,"Tao đéo cần tăng lương..... tao cần chúng mày đưa giá trị đồng tiền về như cái thời một lít xăng chỉ phải trả 16 ngàn, đi đổi đô thì chỉ cần 15 ngàn. Tăng cho 8% rồi đủ thứ tăng theo.... định tiếp tục huyễn hoặc bằng cách tăng thu nhập đầu người để làm éo gì ??","[0, 1, 2, 4, 5, 6, 28, 29, 30, 36, 37, 38, 39, 40, 41, 42, 43, 44, 253, 254]"
6343,Thêm quả carô ở trong nữa nhìn chán 😑😓,[]
6344,"Công an lên làm thủ tướng nên se ra luật có lợi cho bọn công an. Luật sư cái chó gì ở VN. Tòa án nó muốn thì nó mời. Ghét thì nó đuổi chạy như chó. Ngoan ngoãn nghe lời thì Luật sư có cháo húp, không nghe lời nó đánh trào máu như vụ 2 luật sư bị đánh. Ai đánh đây?","[52, 53, 54, 77, 78, 79, 97, 98, 109, 110, 126, 127, 129, 130, 131, 132, 134, 135, 136, 137, 138, 139, 140, 141, 142, 143, 144, 145, 209, 210, 212, 213, 214, 215, 216, 217, 218, 219, 220, 221, 222, 223, 224, 246, 247, 248, 249]"
6345,Ngưới ta đi sát vỉa hè .. tạt cái gì ?????,[]
6346,Đây mới là gục ngã thật sự nhé 😍,[]
6347,những đêm như thế,[]
6348,cái deo gig thế này :vv,"[4, 5, 6]"
6349,"phản động là những đứa dám nói ""xấu"", nói xéo, và nói lên sự thật, đi ngược với đường lối của đoảng và bọn dư lợn viên lương 3 tháng 1 củ ( á nhầm 3 củ 1 tháng)","[0, 1, 2, 3, 4, 5, 6, 7, 8, 38, 39, 40, 41, 42, 43, 44, 94, 95, 96, 97, 98, 103, 104, 105, 110, 111, 112]"
6350,tiên tri xàm,"[9, 10, 11]"
6351,Cổng thì xấu vcc ra,"[13, 14, 15]"
6352,Việt Nam fighting,[]
6353,Chui e la chjnh xac rui e oi..e nô banh nha xac.khoc gja tao.,"[0, 1, 2, 3, 32, 33, 35, 36, 37, 38, 39, 40, 41, 42, 43, 44, 45, 46, 53, 54, 55, 56, 57, 58, 59]"
6354,"DLV toàn là những đứa bị tẩy não, có não cũng như ko, cứ như mấy con bò đỏ, bị thuần chủng, bị sống trong giả dối, đâm ra ngu muội, dek biết phân biệt sai trái sự thật giả dối là gì. thui Ad đừng trách chúng nó làm gì cho mệt óc","[22, 23, 24, 25, 26, 27, 28, 29, 30, 31, 34, 35, 36, 37, 38, 39, 40, 41, 42, 43, 44, 45, 46, 47, 48, 49, 50, 51, 54, 55, 56, 57, 58, 59, 60, 61, 62, 63, 64, 65, 66, 67, 68, 69, 70, 71, 72, 73, 74, 75, 76, 77, 78, 79, 80, 81, 82, 83, 84, 85, 86, 87, 88, 89, 106, 107, 108, 109, 110, 111, 112, 122, 123, 124, 125, 126, 127, 128, 129, 132, 133, 134, 135, 136, 137, 138, 139, 140, 141, 142, 143, 144, 145, 146, 147, 148, 149, 150, 151, 152, 153, 154, 155, 156, 157, 158, 159, 160, 161, 162, 163, 164, 165, 166, 167, 168, 169, 170, 171, 172, 173, 174, 202, 203, 204, 205, 206, 207, 208, 209]"
6355,"Sao quan chức cao cắp csnào , khi vi phạm pl cũng đều trả lời có vẻ ngây ngô , khờ khạo . Chẳng lẽ qui trình chọn lọc cán bộ cấp chiến lược là vậy sao ?!.Nhìn hành vi các qc phạm pháp thì biết nước nhà do các vĩ lđ sẽ đi về đâu . Đúng là các vị coi dân như những con lừa , mưốn làm gì củng được .Thế mà vẵn quang vinh vĩ đại !","[34, 35, 36, 37, 38, 39, 40, 41, 42, 43, 68, 69, 70, 71, 72, 73, 74, 75, 79, 80, 81, 82, 83, 84, 85, 86, 174, 175, 176, 177, 178, 179, 180, 181, 182, 245, 246, 247, 248, 249, 250, 251, 252, 253, 254, 255, 256, 257, 258, 259, 260, 261, 262, 263, 264, 265, 266, 267, 268, 269]"
6356,Giận bắn phát giờ :)),[]
6357,"Chia buồn cùng người em ad , bốc xếp lấy nhưng nhiều khi an ninh coi máy soi chiếu báo cho bốc sếp lấy",[]
6358,"ad nào quản lý,ib mình mua page",[]
6359,"Mặt bà này là biết có dương vật ở dưới háng , mặt nhìn coi không có hậu gì hết .ăn nói như giang hồ mất dạy","[19, 20, 21, 22, 23, 24, 25, 26, 27, 28, 29, 30, 31, 32, 33, 34, 35, 36, 37, 38, 39, 40, 41, 42, 46, 47, 48, 49, 50, 51, 52, 53, 54, 55, 56, 57, 58, 59, 60, 61, 62, 63, 64, 65, 66, 67, 68, 69, 70, 91, 92, 93, 94, 95, 96, 97, 98, 99, 100, 101, 102, 103, 104, 105, 106]"
6360,Ăn tết đéo ngon,"[7, 8, 9]"
6361,Tên ăn hô nói tục... Đô trưởng HN...,"[4, 5, 6, 7, 8, 9, 10, 11, 12, 13, 14, 15, 16]"
6362,Đỗ Vân Anh đạt cảnh tình này chưa,[]
6363,huy hieu de lam gi ae :v,[]
6364,Đoàn Sơn Tênh chơi,[]
6365,Tạ Thị Quỳnh khôn nhề,[]
6366,Ý thức như qq,"[0, 1, 2, 3, 4, 5, 6, 7, 8, 9, 10, 11, 12]"
6367,đi học mà xâm hình Thầy lol,"[24, 25, 26]"
6368,Im mẹ đi thằng mặt lon,"[0, 1, 2, 3, 4, 9, 10, 11, 12, 13, 14, 15, 16, 17, 18, 19, 20, 21]"
6369,Trần Thị Ngọc Anh hơn giống loài tỏ ra thượng đẳng trong khi chả biết củ lìn gì.,"[22, 23, 24, 25, 26, 27, 28, 29, 30, 31, 32, 33, 34, 35, 36, 37, 38, 39, 40, 41, 42, 43, 44, 45, 46, 47, 48, 49, 61, 62, 63, 64, 65, 66, 67, 68, 69, 70, 71, 72, 73, 74, 75]"
6370,Chế độ nầy sắp tàn rồi nên hù thiên hạ !,"[15, 16, 17, 27, 28]"
6371,Tao chịu status này đó AD tụi dlv nghe nhột ko tụi bây kaka,"[0, 1, 2, 26, 27, 28, 47, 48, 49, 50, 51, 52, 53]"
6372,Maruko Linh thiếu này,[]
6373,Giận méo mặt =)),[]
6374,Nhưng người ta bảo hoàn cảnh thay đổi rồi :v,[]
6375,"Xấu quá trời, mà bày đặt chửi dan vn miệng như hai miếng thịt bò, ghét má quá trời à má ơi","[0, 1, 2, 25, 26, 27, 28, 37, 38, 39, 40, 41, 42, 43, 44, 45, 46, 47, 48, 49, 50, 51, 52, 53, 54, 55, 56, 57, 58, 59, 60, 61, 62, 63, 66, 67, 68, 69, 71, 72, 85, 86]"
6376,Ấy vậy mà mới có thằng ít tóc cất công sang tận bển khom lưng hửi đít thằng Mao chó.,"[17, 18, 19, 20, 21, 22, 23, 24, 25, 26, 27, 28, 52, 53, 54, 55, 56, 57, 58, 59, 60, 61, 62, 63, 64, 65, 66, 67, 68, 69, 70, 71, 72, 73, 74, 75, 76, 77, 78, 79, 80, 81, 82]"
6377,Xin lỗi cái lozz,"[12, 13, 14, 15]"
6378,Dep trai moi co nhieu dua yeu,[]
6379,Nghe chị nói ko .đéo thấy lol gì .,"[17, 18, 19, 26, 27, 28]"
6380,"Chở vàng qua Mỹ. Đúng nhé chị ba có chở. Nhưng.... Ko phải vàng mà là Bom,Mìn, Lựu Đạn. Để nổ banh cái dòng họ nhà thằng Bê Đê.","[70, 71, 72, 74, 75, 76, 79, 80, 81, 82, 83, 84, 85, 91, 92, 93, 94, 95, 96, 97, 98, 99, 100, 101, 102, 103, 104, 105, 106, 107, 108, 109, 115, 116, 117, 118, 119, 120, 121, 122, 123, 124, 125]"
6381,bts cc,"[4, 5]"
6382,Cầu giấy tề. Linh Hoa 🙄🙄🙄,[]
6383,"Chào bác tiên tri. Bác tiên tri ji mình đoán ngược lại.tui cam đoan ,tấc nhiêng là đúng",[]
6384,Đinh Phước mấy cậu căng quá :<,[]
6385,Ha ha Trần Dần kìa bà con ha ha ha,[]
6386,Quay đi quay lại cũng chẳng yêu ai = cô ấy cả 😂,[]
6387,Anh tôi đấy :v,[]
6388,Nhưng thứ thuộc về mình ko giữ cho chắc mất cũng phải chấp nhận,[]
6389,Cực kì thuyết phục🥴,[]
6390,tai chua cung cho bon quan chuc an truoc.,"[18, 19, 20]"
6391,Này thì đáng sống. Mịa nó.,"[0, 1, 2, 3, 4, 5, 6, 7, 8, 9, 10, 11, 12, 13, 14, 15, 16, 19, 20, 21, 22, 23, 24]"
6392,Nói thế đụng chạm bác em nha! Ở xứ đông Lào bác em luôn đi đầu khi có tiệc tùng đó. Chớ khi ra quân là bác trốn mẹ trong hang Pác bó. Cải cách ruộng đất là bác có bí danh CB ( là chó bò) giết người rồi đổ tội cho người khác.,"[113, 114, 184, 185, 186, 187, 188, 189, 192, 193, 194, 195, 196, 197, 198, 199, 200, 201, 202]"
6393,Phản động là gì vậy? Auto đéo động não à,"[26, 27, 28, 29, 30, 31, 32, 33, 34, 35, 36, 37]"
6394,Nguyễn Hoàng bài j v,[]
6395,Chi vui qua cjo em sin zalo chi di,[]
6396,Vậy trả thuế lại cho dân đi dân nó tự chống. Mọe làm không được chứ gì. Nói mẹ là cán dọng hết rồi nên làm gì còn mà trả. NGU,"[32, 33, 45, 46, 47, 48, 49, 50, 51, 52, 53, 54, 55, 56, 57, 58, 59, 60, 61, 62, 63, 64, 65, 66, 67, 68, 69, 76, 77, 82, 83, 84, 85, 86, 87, 88, 89, 122, 123, 124]"
6397,một minh chứng cho việc mua quan bán chức ! chức cao không phải vì tài chức cao vì bởi thằng này nó ngoan !,"[24, 25, 26, 27, 28, 29, 30, 31, 32, 33, 34, 35, 36, 37, 38, 39, 40, 87, 88, 89, 90, 91, 97, 98]"
6398,♥️🌷,[]
6399,Bọn đấy ngang với đa cấp đấy tàn mồm thầy cúng,"[0, 1, 2, 3, 4, 5, 6, 29, 30, 31, 32, 33, 34, 35]"
6400,"cũng thế thôi. quân đội có súng ống mới đàn áp đc dân chứ, ko thì đảo chính từ lâu rồi",[]
6401,Là cái nước mà ai cũng biết là ai đấy. Nhưng CP đéo dám nói ra,"[48, 49, 50]"
6402,đến nơi chưa anh ?,[]
6403,"Đm cái mỏ như mỏ vịt thề lề, thè lè, thấy ghê jk nào dừa chắc ooke","[0, 1, 3, 4, 5, 6, 7, 8, 9, 10, 11, 12, 13, 14, 15, 16, 17, 18, 19, 21, 22, 23, 24, 25, 26, 29, 30, 31, 32, 33, 34, 42, 43, 44, 46, 47, 48, 49, 50, 51, 52, 53, 54, 55, 56, 57, 58, 59, 60, 61, 62, 63, 64, 65]"
6404,Bằng chứng thằng miền bắc nói là chiếm giùm sẽ trả lại xem nào. Việt tân nói thế à,"[11, 12, 13, 14, 15, 33, 34, 35, 36, 37, 38, 39, 40, 41, 42, 43, 44, 45, 46, 47, 48, 49, 50, 51, 52, 53]"
6405,"Chat la kiep truoc bi cam, 🙏🙏🙏🙏🙏🙏🙏🙏🙏🙏🙏🙏🙏🙏toi ngiep cho mu nay qua ko biet kiep sao thanh loai gi nua 🙏🙏🙏🙏","[22, 23, 24, 55, 56, 83, 84, 85, 86, 87, 88, 89, 90, 91, 92, 93, 94, 95]"
6406,Hợp lýyy =((,[]
6407,Em tự hào vì làm chó cho Mể,"[21, 22, 23, 24]"
6408,"Phải nói đây là 1 page hay và táo bạo nhất mà mình đc biết. Là 1 người gọi là văn hoá \"" ML \"" mình xin cảm ơn ad đã giúp giải toả căng thẳng sau ngày làm việc phải vất vả, đắc biệt là đc sống đúng bản thân so với việc giữ đúng lễ nghĩa với mấy thằng sếp \"" chó đẻ \""","[89, 90, 245, 246, 247, 248, 249, 258, 259, 260, 261, 262, 263]"
6409,Abe sonic :v,[]
6410,Ở mỹ xạo lồn là bóng tâm thần,"[5, 6, 7, 8, 9, 10, 11, 16, 17, 18, 19, 20, 21, 22, 23, 24, 25, 26, 27, 28]"
6411,lolzzzz,"[0, 1, 2, 3, 4, 5, 6]"
6412,Phươngg Bìnhh đổi 25 mảnh hàng hiệu đc 750 tinh hoa kìa,[]
6413,Chi oi chi giau qua cho bon em tiên di,[]
6414,Trần Nhật các cụ có câu : đã ngu còn hay sủa =))))),"[29, 30, 31, 41, 42, 43]"
6415,Có luôn nghe abe,[]
6416,đóng con cặc nhé!,"[9, 10, 11]"
6417,Vừa bằng nhiều chàng trai :)),[]
6418,Trong mọi tình huống khó xử,[]
6419,Thằng nào ko bầu chọn thầy bắn cm hết,"[0, 1, 2, 3, 4, 27, 28, 29, 30, 31, 32]"
6420,Có ngu thì ráng gõ google để xem xe công như thế nào đc ưu tiên nhá :3 chắc dòng họ nhà chúng nó làm công chức nên chúng nó hùa vào bênh vực đó mà :v,"[3, 4, 5, 88, 89, 90, 91, 92, 93, 94, 95, 115, 116, 117, 118, 119, 120, 121, 122, 124, 125, 126]"
6421,k rãnh loz làm gì lên xem abe,"[7, 8, 9]"
6422,ảo tưởng vãi lồnn,"[0, 1, 2, 3, 4, 5, 6, 7, 8, 9, 10, 11, 12, 13, 14, 15, 16]"
6423,Có thể cmt khác mấy cái này được không,[]
6424,xin vd vs ạ,[]
6425,"Tao thấy mày giống sát chết đang ngồi quán, con quỷ ơi","[0, 1, 2, 9, 10, 11, 19, 20, 21, 22, 23, 24, 25, 26, 44, 45, 46, 47, 48, 49, 50]"
6426,Bớt ảo tưỡng đi,"[0, 1, 2, 3, 4, 5, 6, 7, 8, 9, 10, 11]"
6427,"Tan Levan Vì chúng ta ăn bám. Phá hoại nước mỹ. Chúng ta làm sấu mặt nước mỹ gần 50 năm.
Nên mỹ chán nó bỏ thôi.","[22, 23, 24, 25, 26, 27, 30, 31, 32, 33, 34, 35, 36, 37, 57, 58, 59, 60, 61, 62, 63, 64, 65, 66, 67, 96, 97, 98, 99, 101, 102, 103, 104, 105]"
6428,Co lon dau ma chui lon mieng thang be de thui.,"[3, 4, 5, 14, 15, 16, 17, 18, 19, 20, 21, 29, 30, 31, 32, 33, 34, 35, 36, 37, 38, 39, 40, 41, 42, 43, 44]"
6429,Giống nhau thế. Có họ hàng gì không vậy ?,[]
6430,"Lỡ đâu kiểu thuyết âm mưu là chính quyền địa phương đang cố gắng ngưng đọng rác ở đấy, sau đó sẽ gửi đơn lên trên xin kinh phí để dọn dẹp, lại có cơ hội chấm mút các kiểu đồ =))","[12, 13, 14, 15, 16, 17, 18, 19, 20, 21, 22, 23, 24, 153, 154, 155, 156, 157, 158, 159, 160, 161, 162, 163, 164, 165, 166, 167, 168, 169]"
6431,Lê Nhật Khoa thiên trâm hả,[]
6432,Lê Thị Bích Hồng tk trẩu,"[17, 18, 19, 20, 21, 22, 23]"
6433,quạ bắt diều hâu tha anh eii,[]
6434,Đó là sự thật mà chẳng ai nói lên không biết bao giờ chế độ độc tài này mới sập em mong từng ngày,"[60, 61, 62, 63, 64, 65, 66, 76, 77, 78]"
6435,Kh thích xem nono,[]
6436,Nguyễn Thanh xin link video bro ơi,[]
6437,Càng già thì con virut nó càng mê. Sức đề kháng yếu rồi dễ đi lắm. Mong bác yên nghĩ 1 người vì mọi người,[]
6438,có cl bố mày tin ấy,"[3, 4, 6, 7, 8, 9, 10, 11]"
6439,Chán hàn quốc thật cái trend này Việt Nam chơi từ lâu lắm rồi mà bây giờ hàn mới cập nhật 🤣,[]
6440,cái máu lồn gì cũng kêu lỗ là thế lồn nào nhỉ .,"[4, 5, 6, 7, 8, 9, 10, 34, 35, 36]"
6441,Cực kì thuyết phục,[]
6442,"Kịch bản đã được viết sẵn... Ra toà chỉ là diễn hề như trên sân khấu mà thôi. Xưa như trái đất, diễn hoài biết rồi nói mãi...","[29, 30, 31, 32, 33, 34, 35, 36, 37, 38, 39, 40, 41, 42, 43, 44, 45, 46, 47, 48, 49]"
6443,nhớ giữ mồm giữ miệng chứ trong tù là hay bị mắc bệnh lạ lắm đấy,"[4, 5, 6, 7, 8, 9, 10, 11, 12, 13, 14, 15, 16, 17, 18, 19, 20, 32, 33, 45, 46, 47, 48, 49, 50, 51, 52, 53, 54, 55]"
6444,Cần làm chặt chẽ hơn ngay từ sân bay để tránh có những trường hợp thiếu trung thực như bà Nhung,[]
6445,thông đít hàng ngày :),"[6, 7, 8]"
6446,Sờ sờ tai cc j đây,"[10, 11]"
6447,"Quỳnh Như hâhha, k hổ danh idol bao nhiêu lâu",[]
6448,Cực kỳ xúc phạm =)),[]
6449,Đừng bao giờ khinh thường chủ tịch độ nhé các ông,[]
6450,"@Thảo My trước kia tục thật nhưng chửi hay còn bây giờ thì ko đc vậy. Với lại mình củng thích chị này thật nên hay vào fb xem vs like hình nhưng nhiều cái thấy bả quá đáng lắm. Nhiều người vô cmt đàng hoàng nhưng ko vừa ý là bị chửi tới cha mẹ ông bà liền, fan thì vào bảo ngu hay sao mà ko biết chị chửi giỡn. Khi người khác lên tiếng chửi lại đùa giỡn vs mất dạy  nó khác nhau lắm thì clip này ra đời. Bản thân chửi cha mẹ người khác thì cho là mình chửi giỡn cho vui còn người khác chửi lại thì bảo mất dạy, coi vô lí vl ko 😂","[19, 20, 21, 34, 35, 36, 37, 228, 229, 230, 231, 273, 274, 275, 300, 301, 302, 303, 336, 337, 338, 339, 357, 358, 359, 360, 361, 362, 363, 413, 414, 415, 416, 452, 453, 454, 455, 485, 486, 487, 488, 502, 503, 504, 505, 506, 507, 508, 521, 522]"
6451,2 tiệm bánh mì,[]
6452,"Vãi l Bùi thắng, uh thì chú cứ nói nữa đi :) cãi chi cho mệt","[0, 1, 2, 3, 4]"
6453,Vũ Thanh Tùng chồng con r tán cẩn thận gãy răng :)). Mà bạn ấy chưa j đã vào sủa phun toàn cứt kiếc thì ai dám tán :)),"[39, 40, 41, 42, 43, 44, 45, 46, 77, 78, 79, 91, 92, 93, 94, 95, 96, 97, 98]"
6454,Dân đánh trộm => đi tù => oan quá tự tử.,"[0, 1, 2, 3, 4, 5, 6, 7, 8, 9, 10, 11, 12, 13, 14, 15, 16, 17, 18, 19, 20, 21, 34, 35, 36, 37, 38]"
6455,NNs Dương cầu xin các bậc cao siêu nhân bớt giùm:( a mem,[]
6456,Ngô Tấn Hưng ông đang nâng trình Thầy Ba hay kéo trình Duke xuống vậy😂😂,[]
6457,"Bữa nghe bảo anh này nhiễm phóng xạ, nằm viện này nọ cơ mà 😏","[37, 38, 39, 40, 41, 42, 43, 44, 45, 46, 47, 48, 49, 50, 51, 59]"
6458,Nó làm cái gì đấy chú.ỉa bậy à,"[0, 1, 22, 23, 24, 25, 26, 27]"
6459,sắp tuyệt chủng rồi.,[]
6460,Xem mà  máu  dồn  lên  não  luôn,[]
6461,Hông cho tụi tui được nghỉ mà thắng... thắng cái puồi à,"[49, 50, 51, 52]"
6462,Ngày nào cũng tăng vài người vậy trời,[]
6463,Nhìn cưng quá tr ơiii😍,[]
6464,Cướp ngày đấy,[]
6465,Chúc bộ tộc Mixigaming năm mới vui vẻ ❤️,[]
6466,Đẳng cấp đấy nhưng ý thức hơi kém,"[19, 20, 21, 22, 23, 24, 25, 26, 27, 28, 29, 30, 31, 32]"
6467,Sao hk tẩy trang rồi nói . Tẩy trang tắm rữa rồi live cũng dk mà 😄,[]
6468,"Chỉ cần chặn từ bức tường vt 17 ,nam Bắc phân ranh sẽ trả lời ngay ai cần ai ????? Để bk k phải nuôi nk như bọn chúng từng lếu láo .Hiện tại nk đang bị ĐÔ HỘ bởi bk ,thế mà mn vẫn vui vẽ vì cảm thấy mình k đủ NÍ nuận đành câm như hến để nhờ ơn ỉa đái từ bk","[83, 84, 85, 86, 87, 88, 89, 90, 91, 92, 93, 94, 95, 96, 97, 98, 99, 100, 101, 102, 103, 104, 105, 106, 107, 108, 109, 110, 111, 112, 113, 114, 115, 116, 117, 118, 119, 120, 121, 122, 123, 124, 125, 126, 127, 128, 129, 141, 142, 143, 144, 145, 146, 147, 148, 149, 150, 151, 152, 153, 154, 155, 156, 157, 158, 159, 160, 161, 162, 163, 222, 223, 224, 225, 226, 227, 228, 229, 230, 231, 232, 244, 245, 246, 247, 248, 249, 254, 255]"
6469,Giống quét bụi quá Po TatOo'x,[]
6470,Chị Tấm -.- s làm đc hay v bạn,[]
6471,cay vl lew lew,"[4, 5, 7, 8, 9, 10, 11, 12, 13]"
6472,Quần gạ chịch à,"[0, 1, 2, 3, 4, 5, 6, 7, 8, 9, 10, 11, 12]"
6473,bán hàng fake đã vi phạm pháp luật rồi nha chị,[]
6474,Gen hài hước nhà họ Phùng thật xịn xò,[]
6475,M nghĩ lần này lọt top trending là do mng quá ngóng một sản phẩm mới từ jack,[]
6476,"Trông như thằng điên, hãm","[10, 11, 12, 13, 14, 15, 16, 17, 18, 19, 22, 23, 24]"
6477,Cực kì thuyết phục :v,[]
6478,Tự Nhiên Lại xin bản ko che full hd :D,[]
6479,"Nên nhớ đất nước nầy, tài sản nầy là của dân tộc, nhân dân Viết Nam chứ không phải của cái đảng CS. Cái đảng nầy như cơ quan quản lý. Quản lý không xong thì để người khác quản lý chứ đừng lỳ cái mặt bám ghế làm cho đất nước ngày càng lụn bại tàn mạt. T","[87, 88, 89, 100, 101, 102, 188, 189, 190, 191, 192, 193, 194, 195, 196, 197, 198, 199, 200, 201, 202, 203, 204, 205, 234, 235, 236, 237, 238, 239, 240, 241, 242, 243, 244, 245, 246, 247, 248]"
6480,hay wa wa chi oi,[]
6481,các cậu ko đọc stt à. tôi thấy chửi đúng mà. các cậu thử nghĩ xem đang đi đường có mấy thằng chọi con áo xanh đỏ tím vàng các kiểu cả xăm cái hình to như cái mả bố nó ấy rồi cởi trần đi lạng lách đãnh võng bênh mẹ cả đầu xe lên thì có đáng đút con mẹ nguyên cái buồi vào mặt nó ko,"[31, 32, 33, 34, 87, 88, 89, 90, 91, 93, 94, 95, 96, 98, 99, 100, 158, 159, 160, 161, 162, 163, 164, 165, 211, 212, 240, 241, 242, 243, 244, 245, 246, 247, 248, 249, 250, 251, 252, 253, 254, 255, 256, 257, 258, 259, 260, 261, 262, 263, 264, 265, 275, 276]"
6482,1 triệu nè 2 triệu nè vậy đủ đi đường quyền chưa,[]
6483,Mac ia qua,"[4, 5]"
6484,Xem mấy thằng chym ngắn thượng đẳng cà khịa chúng ta mấy hôm nay thấy thế nào nhỉ,"[8, 9, 10, 11, 12, 14, 15, 16, 17, 24, 25, 26, 27, 28, 29, 30, 31, 32, 33, 34]"
6485,"ơ, e tưởng phải bằng nhiều vailon chứ :)))","[27, 28, 29, 30, 31, 32]"
6486,Đặng Cẩm NhungMai LinhUyên Linh,[]
6487,Ai cho em cái link của bộ tộc mixi gaming với em tìm không thấy :((,[]
6488,Mày Bố láo ông băn mày bây giờ,"[0, 1, 2, 4, 5, 6, 7, 8, 9, 11, 12, 13, 15, 16, 17, 19, 20, 21]"
6489,Già mà dơ zạy aba,"[0, 1, 2, 3, 4, 5, 6, 7, 8]"
6490,Chào tộc trưởng,[]
6491,Tài bọn ranh con riết cứ như armu chán ghê :))),"[4, 5, 6, 7, 8, 9, 10, 11, 12, 13, 14, 15, 29, 30, 31, 32]"
6492,Trần Minh .Nhà cô ấy trả hết ạ😀,[]
6493,Vòng thầy hiệu trưởng hơi nặng :)),[]
6494,Khẩu nghiệp nặng quá.,[]
6495,Vì thế vn bây giờ thua cả Campuchia,[]
6496,Con cat ne choi hong,"[4, 5, 6]"
6497,mấy thằng trong soha đéo biết tốt nghiệp xong cấp 3 chưa nhỉ :v,"[4, 5, 6, 7, 8, 21, 22, 23]"
6498,😌Kiều Kiềuu Quỳnh Liên nghe nè,[]
6499,Đẹp mặt Việt Nam quá mà. Nhất là ngay thủ đô chứ,[]
6500,Giang hồ ngậm buồi chứ đéo yêu nhé ông Sói =)),"[0, 1, 2, 3, 4, 5, 6, 7, 9, 10, 11, 12, 13, 14, 15, 16, 17, 23, 24, 25]"
6501,@Anh Japan Ủa cái quần thể gì dậy? Mới chửi người ta rồi quay lại khen :)? Ủa nulo hả? Cd :) ? Nói chuyện như cái lông loz dậy đó :),"[78, 79, 80, 81, 87, 88, 114, 115, 116, 117, 118, 119, 120, 121]"
6502,Tien tri gì nói chuyện k đâu ra đâu. Lạc đề mấy chục lần vậy ô noi.,"[61, 62, 63, 64, 65]"
6503,Lần đầu đc thầy 3 thả trym,[]
6504,Dep quA a long lay thiet,[]
6505,"sông cửu long thì bọn cẩu nó ngăn nước đầu nguồn , giờ miền trung thì xả chất độc :( chả có cái gì bọn cẩu này ko làm đc","[20, 21, 22, 23, 24, 25, 26, 27, 28, 30, 31, 32, 85, 86, 87, 88, 89, 90, 91, 92, 93, 94, 117, 118, 119, 120, 121, 122, 123, 124, 125]"
6506,Truong Anh nghĩ lại vụ đó thấy tội bác lái container vãi đéo làm sai cũng bị phạt chỉ có thể là VN phiên tòa như show hài,"[57, 58, 59, 99, 100, 101, 102, 103, 104, 105, 106, 107, 108, 109, 110, 111, 112, 113, 114, 115, 116, 117, 118, 119, 120]"
6507,A mixi đã hợp tác vơi apple để có iphone 11,[]
6508,Thương cô Minh Hiếu ♥️,[]
6509,ăn mì gói nhiều có hại cho sức khỏe đấy bác Dần ơi,[]
6510,cái tên Thái Linh Hương nay còn đâu :((,[]
6511,"tốt, cứ giá cao đi -_- chứ bh nông dân cũng mua đc xe thì k biết đường nó còn ra cái gì",[]
6512,Thầy Khổ Lắm,[]
6513,1163 lê đức thọ.p 13 gò vấp là trạm y tế mà,[]
6514,biệt danh cho ai cần nha,[]
6515,Đào ĐứcAnh 0175 :))),[]
6516,dis :)),"[0, 1, 2]"
6517,Bà này bã chữi gớm giết thiẹt tôi ko ngờ bã là người miền tây luôn xấu hổ,"[0, 1, 7, 8, 10, 11, 12, 13, 15, 16, 17, 18, 19, 20, 21, 22, 41, 42]"
6518,Xứ sở thiên đường ...,[]
6519,Nge rất vô sinh nhưng lại có thai 🤣🤣🤣,[]
6520,Du ma nhin cai mat  gian va co,"[0, 1, 2, 3, 4, 20, 21, 22, 23, 28, 29]"
6521,"Hiếu ơi hiện có kênh con LisaO chửi cả DÂN TỘC VIỆT NAM NGU VÌ ĂN MẮM THÚI , EM LÊN DẠY DỖ CHO NÓ BÀI HỌC ĐI EM, BỨC XÚC QUÁ.cảm ơn em.","[56, 57, 58, 95, 96]"
6522,"Chết mẹ đi cho đỡ chật đất, ngu","[0, 1, 2, 3, 4, 5, 6, 28, 29, 30]"
6523,cái mỏ l*n trong làng hài khẩu nghiệp!,"[4, 5, 6, 7, 8, 9, 26, 27, 28, 29, 30, 31, 32, 33, 34, 35, 36]"
6524,câu cuối nghe thấm thật,[]
6525,Vừa tính cmt triệu hồi a thì a cmt r hehe,[]
6526,Nghe rất hợp lý nhưng hơi thiếu thuyết phục,[]
6527,"Không thấy CS đâu hết, thấy có 3 con chó. Có ai giống mình không ?","[11, 12, 33, 34, 35, 36, 37, 38, 39]"
6528,chú nói cả dân tộc việt nam cùng đồng lòng nhưng nhung thì không,[]
6529,Nguyễn Thanh cái này dơ hơn,"[23, 24]"
6530,Đcm game lol gì cay vãi Như Quỳnh nào mua máy về tải t chơi,"[0, 1, 2, 9, 10, 11, 20, 21, 22]"
6531,Tính ta ông cũng tốt hơn khối người . Về thôi,[]
6532,Minh mẫn vcl,"[9, 10, 11]"
6533,Không biết sử dụng bình cứu hoả thì đừng đắng vớ vẩn ad ơi.,[]
6534,Đuma chính em :))))),"[0, 1, 2, 3]"
6535,anh Đức Khoa Nguyễn,[]
6536,May k mất tết :)))),[]
6537,Thùy Trang (Giảm cân Dema Fitness) thứ bạn mất nết :)),"[43, 44, 45, 46, 47, 48, 49]"
6538,đoán xem haha,[]
6539,Nhìn chúng nó cmt mà đắng bạn à =))))))),[]
6540,Chi ba. Thich noi,[]
6541,Chui du da chi khau nghiep nhe cho rui ke le rui chui ha,"[0, 1, 2, 3, 15, 16, 17, 18, 19, 20, 21, 22, 23, 24, 25, 39, 40, 41, 42, 43, 49, 50, 51, 52]"
6542,Chúc ông luôn khỏe,[]
6543,NHUNG ƠI LÀ NHUNG :)),[]
6544,Quỳnh Phạm sao nào hơ nì?,[]
6545,Nguyễn Sơn thiếu số nhỉ có số thì lại đẹp,[]
6546,Cũng chỉ có 1 lần sống sống sao cho đáng.đấu tranh thôi mà,[]
6547,Lúc chửi thì to mòm giờ thì khóc lóc năn nỉ các thứ đứa con nik còn thấy nhục dùm,"[4, 5, 6, 7, 8, 9, 10, 11, 12, 13, 14, 15, 16, 17, 18, 28, 29, 30, 31, 32, 33, 34, 35, 36, 37, 38, 39, 40, 41, 42, 52, 53, 54, 55, 56, 57, 58, 59, 60, 61, 62, 63, 64, 65, 66, 67, 68, 69, 70, 71, 72, 73, 74, 75, 76, 77, 78, 79, 80]"
6548,Chị hay quá chị ơi,[]
6549,Đúng là ngưu tầm ngưu. Ăn chơi phè phỡn ở nc ngoài rồi đến lúc bệnh thì mới nhớ đến quê hương Tổ quốc,"[8, 9, 10, 11, 12, 13, 14, 15, 16, 17, 18, 19, 20, 31, 32, 33, 34, 35, 36, 37, 38, 63, 64, 65, 66, 67, 68, 69, 70, 71, 72, 73, 74, 75, 76, 77, 78]"
6550,Sebinz :v,[]
6551,Ngọc Trần kkk,[]
6552,cần alo bốc lịch 🤣,[]
6553,Kg hiểu người có não kg lúc khỏe ăn chơi nhẩy múa sứ người chê bai đất nước đến lúc gặp họa thì chạy về quê hương đúng là lúc gặp họa mới biết đất nước nào là ân tình,"[14, 15, 16, 17, 18, 19, 20, 21, 22, 33, 34, 35, 36, 37, 38, 39, 40, 41, 42, 43, 44, 45, 46, 47, 48, 49, 50, 51, 52, 53, 54, 55, 56, 57, 84, 85, 86, 87, 88, 89, 90]"
6554,Cái lôz,"[4, 5, 6]"
6555,Mental Kung fu 🥋,[]
6556,M bị bắt là đáng r thằng ad hãm lz.,"[0, 5, 6, 7, 19, 20, 21, 22, 23, 28, 29, 30, 31, 32, 33]"
6557,nhìu khi mình chẳng còn muốn nói chuyện với ai =)),[]
6558,"Đồng chí cục trưởng chuẩn bị ăn tối món ""chao xả gich"" với đồng chí cấp phó","[41, 42, 43, 44, 45, 46, 47, 48, 49, 50, 51, 52]"
6559,Bò đỏ khá cay trước thắng lợi của dân Hongkong,"[0, 1, 2, 3, 4]"
6560,Dương Quốc,[]
6561,Đồ Uyển Đình Ngọc dcm=)) chai sting vô đầu nha,"[18, 19, 20, 36, 37, 38, 39, 40, 41]"
6562,Phan KimPhu Nhok Yuki Kieu Nguyen hoá ra hồi h mình theo trend đó nhan,[]
6563,O DOI la vay luc nguoi ta ha Minh van con thi  chuoi nguoi ta cang ngay cang manh Bay  gio no tuc roi no quay Lai no can cang nhieu hon xua   nghe Cho da tai nhaoi nguoi that la  mat the dien cua nguoi vn  Bo tay  ban thieu,"[47, 48, 49, 50, 51, 91, 92, 102, 103, 114, 115, 117, 118, 119, 214, 215, 216, 217, 218, 219, 220, 221, 222]"
6564,dm ho chi minh,"[0, 1]"
6565,Ah Độ đẹp đôi với chị trang quá,[]
6566,Hãy nhìn ánh sáng của đảng và quên đi sự bất công của cuộc sống. 👌,"[0, 1, 2, 3, 4, 5, 6, 7, 8, 9, 10, 11, 12, 13, 14, 15, 16, 17, 18, 19, 20, 21, 22, 23, 24, 25, 26, 27, 28, 29, 30, 31, 32, 33, 34, 35, 36, 37, 38, 39, 40, 41, 42, 43, 44, 45, 46, 47, 48, 49, 50, 51, 52, 53, 54, 55, 56, 57, 58, 59, 60, 61, 62]"
6567,thế này thì bọn sán dây tuyên giáo rả rời tay chân cả lủ,"[12, 13, 14, 15, 16, 17, 18, 19, 20, 21, 22]"
6568,Tam tu bi ma mieng thi kem gai,"[0, 1, 2, 3, 4, 5, 6, 7, 8, 9, 10, 11, 12, 13, 14, 15, 16, 17, 18, 19, 20, 21, 22, 23, 24, 25, 26, 27, 28, 29]"
6569,Lại thèm lone Ngọc Trinh chứ sao. Ông cứ văn,"[9, 10, 11, 12]"
6570,Off stream sang động viên anh em Refund thôi a ơiii.,[]
6571,Ưng ý bài chào đón của page,[]
6572,"Đình Quang đm anh đẹp trai vl, anh vậy mà xấu thì đéo đứa nào dám ra ngoài r anh ạ","[11, 12, 27, 28, 42, 43, 44, 50, 51, 52]"
6573,Bích Trâm :))))) làm thì tập trung làm đừng nhớ những buổi vui đùa chị em nha chị Uyên Thảo,[]
6574,Mật danh susan trong phim mr bean là có thật =)),[]
6575,"Có thể các bạn chửi chúng nó là ngu nhưng mà đó là chúng nó lo cho con cháu đấy, có điều không phải con cháu các bạn thôi. Xong phi vụ này con cháu nó đổi màu hộ chiếu các kiểu hết :))","[26, 27, 32, 33, 34, 57, 58, 148, 149, 151, 152, 153, 154, 155, 156, 157, 158, 159, 160, 161, 162, 163, 164, 165, 166]"
6576,"Thiên đường mà, nó lột dân chừng ko còn cái quần thì thôi","[16, 17, 19, 20, 21, 22, 23, 24, 25, 26, 27, 28, 29, 30, 31, 32, 33, 34, 35, 36, 37, 38, 39, 40, 41, 42, 43, 44, 45, 46, 47]"
6577,Vl a ưi,"[0, 1]"
6578,Coi tu chu den khach.met dai qua.noi chui ma deo thay chui toan la quang cao xam lo ko,"[25, 26, 27, 37, 38, 39, 40, 45, 46, 47, 54, 55, 56, 57, 77, 78, 79, 80, 81, 82]"
6579,"đông lào thì sơn nữa xe phía sau là xe tăng ! 2 bên hông ghi rất to hàng chữ "" người có uy tín "" để bà con né cho xa !",[]
6580,Hai con súc vật này trước kia đội nhau Lên đầu bây giờ quay lại cắn nhau hả,"[4, 5, 6, 7, 8, 9, 10, 11, 12, 13, 14, 30, 31, 32, 33, 34, 35, 36, 37, 38, 39, 40, 41, 42, 43, 44, 45, 64, 65, 66]"
6581,Tiền ngta gửi nước ngoài hết rồi lấy đâu ra mà ủng hộ.,[]
6582,"Đây là kết quả quan trắc môi trường do AirVisual đo lúc 4:00 sáng thứ tư 04/12/2019 tại Hà nội, Quận Cầu giấy HN và Saigon.",[]
6583,Nghi vấn thầy chà trộn TTBL tu,[]
6584,Là đúng. Quyết định cắt đi 20cm tóc thật là sáng suốt cđ,[]
6585,"Văn hóa xứ Bắc hà có khác, thô tục","[8, 9, 10, 11, 12, 13, 14, 15, 16, 27, 28, 29, 30, 31, 32, 33]"
6586,Cảm ơn thầy nha,[]
6587,Chặt cái đầu heo nó xuống,"[0, 1, 2, 3, 4, 5, 6, 7, 8, 9, 10, 11, 12, 13, 14, 15, 16, 17, 18]"
6588,Ông bên phải nhìn mặt biết tấu hài từ bé 🤣,[]
6589,"Bọn Việt cộng hầu hết nó khai lý lịch của nó xuất thân từ những gia đình thành phần là bần cố nông, mà bần cố nông thì đéo được học hành đến nơi đến chốn. Hậu quả là bây giờ bọn Việt cộng nó quản lý, điều hành đất nước như cái con C ! Ngóc đầu lên không nổi !","[0, 1, 2, 22, 23, 42, 43, 87, 88, 89, 103, 104, 105, 119, 120, 121, 174, 175, 176, 188, 189, 227, 228, 229, 230, 231]"
6590,Ước gì sự giàu có tỷ lệ thuận với ý thức của Nhung.,"[0, 1, 2, 3, 4, 5, 6, 7, 8, 9, 10, 11, 12, 13, 14, 15, 16, 17, 18, 19, 20, 21, 22, 23, 24, 25, 26, 27, 28, 29, 30, 31, 32, 33, 34, 35, 36, 37, 38, 39]"
6591,:)) Đâu phải sự chờ đợi nào cũng vô nghĩa đâu?,[]
6592,Ông co noi gi đi nua thi ông cung ko dc chết trên đất nước vn đâu phẩn động,"[40, 41, 42, 43, 66, 67, 68, 69, 70, 71, 72, 73, 74, 75]"
6593,Quê vlin,"[0, 1, 2, 3, 4, 5, 6, 7]"
6594,1 lũ ăn cướp.,"[2, 3, 4, 5, 6, 7, 8, 9, 10, 11, 12, 13]"
6595,Du ma may ve viet nam tao la nguoi dau tien bat may,"[0, 1, 2, 3, 4, 5, 6, 7, 8, 22, 23, 24, 44, 45, 46, 47, 48, 49, 50]"
6596,Sống chậm thoiu,[]
6597,"Bọn chó sư khởi nghiệp này, chúng lợi dụng sự thiếu hiểu biết và tư duy kém cỏi của tầng lớp lao động phổ thông, kém tri thức để trục lợi","[0, 1, 2, 3, 4, 5, 6, 7, 8, 9, 28, 29, 30, 31, 32, 34, 35, 36, 37, 38, 39, 40, 41, 46, 47, 48, 49, 50, 51, 52, 53, 54, 55, 56, 57, 58, 59, 60, 72, 73, 74, 75, 76, 77, 78, 113, 114, 115, 129, 130, 131, 132, 133, 134, 135, 136]"
6598,Chậm thôi:)),[]
6599,Đồ giả,"[3, 4, 5]"
6600,Một học kì đầy sóng gió với abe,[]
6601,"Xin lỗi ad chứ nếu ad ở ngoài sáng không thì làm sao ad biết được trong bóng tối đó có cái gì? Trừ khi ad đã nằm trong tối hay có người trong tối đó thì ad mới nắm được tình hình. Và khi chỉ cần thí vài con tốt ad sẽ lên cấp bậc vù vù, lợi cả đôi bên.","[195, 196, 197, 198, 199, 200, 201, 202, 203, 204, 205, 206, 207, 208, 209]"
6602,"CS hô hào, thậm chí còn khủng khiếp hơn để tiến lên thiên đường, giờ tiến mãi mà chưa lên đến. Rất ủng hộ tinh thần của quý vị, quý vị đã đạt được 60% sự thành công, 40 % cần phải thể hiện. Đôi khi hô to chưa chắc đã khỏe.","[24, 25, 26, 27, 28, 29, 30, 31, 32, 33, 34]"
6603,Cô đáng yêu quá,[]
6604,Túm lại: Muốn giết người mà vẫn vô tội hoặc án gãi ghẻ thì phấn đấu làm cán bộ đi.,"[14, 15, 16, 17, 47, 48, 49, 50, 51, 52, 53]"
6605,Sống nhanh lên🤣,[]
6606,Bà bị nhiễm là đúng thôi chẳng có gì là lạ đất nước bà là thánh sống nên coi thường đại dịch mà cả thế giới đang lao đao chống trả . Kỳ thị khi đeo khẩu trang xem như một bệnh cúm bình thường khi nào chết mới trắng mắt ra đúng là ( nước đến trôn l ... mới nhảy),"[58, 59, 60, 61, 62, 63, 64, 65, 66, 67, 73, 74, 75, 76, 77, 78, 79, 80, 81, 82, 133, 134, 135, 136, 137, 138, 200, 201, 202, 203, 209, 210, 211, 212, 213, 214, 215, 216, 217, 246]"
6607,Ủng hộ Abe nào mùa sau thi đấu cko skt,[]
6608,"Đm có nhiu giấu bây nhiu thằng chó tv ad, ko đăng hết cho ng ta xem","[0, 1, 25, 26, 27, 28, 29, 30, 31, 32, 33]"
6609,"Không biết tốt xấu! Chất phát như nào nhưng nghe 10 đời ck thì phát khiếp r, không lẽ 10 lần ck đều là lỗi của ck! Phải xem xét lại nếu như ai còn khen! Miền tây   2 đời ck là với họ nhưng 10 đời thì thật là kịn khủng tởm","[0, 1, 2, 3, 4, 5, 6, 7, 8, 9, 10, 11, 12, 13, 14, 15, 16, 17, 63, 64, 65, 66, 67, 68, 69, 70, 71, 72, 208, 209, 210, 211, 212, 213, 214, 215, 216, 217, 218, 219, 220]"
6610,Bạn nào xin mình gửi hết rồi ạ,[]
6611,Tác hại của mà tuý thật khôn lường,[]
6612,Chi ba thong tam chi trong sang thiet,[]
6613,sao câu nao no cung chưi băc ky vây công an đâu  gô cô no lai chư,"[12, 13, 20, 21, 22, 23, 24, 25, 26, 27, 28, 29, 30, 49, 50, 51, 52, 53, 54, 55, 56, 57, 58, 59, 60]"
6614,Đức'x Bảnh'x ib tán luôn đi,[]
6615,Thì đúng vậy mà ...,[]
6616,Fan minh Hiếu,[]
6617,"Pha sấy chỉ có game thủ chuyên nghiệp mới thực hiện được. Quá hoàn hảo, đậm tính giải trí đi sâu vào lòng người =)))",[]
6618,Thà bây giờ câm mẹ cho rồi. Càng nói càng lộ cái ngu bị dân chửi thêm chứ làm được gì,"[12, 13, 14, 15, 16, 17, 49, 50, 51, 60, 61, 62, 63, 74, 75, 76, 77, 78, 79, 80, 81, 82, 83, 84]"
6619,Ý thức còn ít hơn cả số tiền trong túi t,"[0, 1, 2, 3, 4, 5, 6, 7, 8, 9, 10, 11, 12, 13, 14, 15, 16, 17, 18, 19, 20, 21, 22, 23, 24, 25, 26, 27, 28, 29, 30, 31, 32, 33, 34, 35, 36, 37, 38, 39]"
6620,Võ Minh Hiếu xin video pro,[]
6621,"Nhìn anh tôi tấu hài quen rồi, bật mode này tưởng nhầm kênh",[]
6622,Cực kì thất nghiệp:(,[]
6623,Nay cô đẹp nhất đêm nay,[]
6624,học putin chỉnh đồng hồ à?,[]
6625,Bay đến đít rồi mà h vẫn la liếm ở đây,"[8, 9, 10, 25, 26, 27, 28, 29, 30, 31]"
6626,Yêu thầy. Dấu bé 3,[]
6627,Dm pr game nào để t còn chốn,"[0, 1, 24, 25, 26, 27]"
6628,Thoa Phạm ô kê,[]
6629,Linh GiaChuối sếp nhà ngta :))),[]
6630,Giông giống con tâm thân,"[12, 13, 14, 15, 16, 17, 18, 19, 20, 21, 22, 23]"
6631,ủa khánh là ca sĩ hả mọi người 😽,[]
6632,CON QUI CAI CHUYEN DI LUA GAT... MAY GAT CHI MINH HIEU ... SAO LON,"[4, 5, 6, 7, 8, 9, 10, 22, 23, 24, 25, 26, 27, 28, 33, 34, 35, 59, 60, 61, 62, 63, 64, 65]"
6633,mình chuyển cho Phan Anh 5 tỷ đấy nhé bạn :)),[]
6634,"Tiên tri vũ trụ múa võ vui kinh nhể, thấy tiên tri dùng thế cuối rồi nói câu: ""súng bắn không trúng, dao chém không lủng"" tự dưng muốn cười kinh khủng ka ka ka.""",[]
6635,"Chị oiem mem chi lắm em muốn nói chuyện với chị ,tâm sự với chị du chi một lần nhà chi",[]
6636,Đm lại còn 1 1 với supper fake. Nói mẹ ra là fake đi,"[0, 1, 36, 37]"
6637,con quỷ cái,"[0, 1, 2, 3, 4, 5, 6, 7, 8, 9, 10]"
6638,linh khùng,"[5, 6, 7, 8, 9]"
6639,"má nó vào đọc vnexpress toàn lũ bợ đít cho chúng nó ko,chúc mừng đồ,lạy mấy cô hồn.","[0, 1, 2, 3, 4, 29, 30, 31, 32, 33, 34, 35, 36, 37, 43, 44, 45, 46, 47, 48, 49, 50, 76, 77, 78, 79, 80, 81]"
6640,Combat lùi abe ơiii,[]
6641,thôi ông im mẹ mồm :)),"[12, 13, 14, 15, 16, 17]"
6642,Vừa dùng vừa sạc lại toang,[]
6643,cái lồn má,"[4, 5, 6, 7, 8, 9]"
6644,Đốt nhà cực mạnh :)),[]
6645,Cày nào mn top 3 rồi,[]
6646,Linh Chó biệt danh linh cau,[]
6647,Đào Mạnh An chưa đọc bài post mà tay nhanh hơn não vô cmt hả :(,"[33, 34, 35, 36, 37, 38, 39, 40, 41, 42, 43, 44, 45, 46, 47, 48, 49]"
6648,kiểu như này này :))),[]
6649,Đố anh bắt được e đấy :))) toangg,[]
6650,"họ nhận lương từ chính quyền , chính quyền làm sai, mọi người hảy chửi chính quyền, bộ đội họ không có lỗi, họ đáng đc xem trọng nhiều hơn thế, còn về MC phan anh, mình không làm đc như a ấy nên không bình luận",[]
6651,Huy Đill Lần đầu 😂,[]
6652,còn trận cuối anh êi,[]
6653,Khó vẽ nụ cười,[]
6654,A di đà phật :))),[]
6655,Cố gắng dành giải nhất để về ăn tết với vợ con nhé,[]
6656,Nhanh chậm cái con mẹ chúng mày =))),"[17, 18, 19, 20, 21, 22, 23, 24, 25, 26, 27, 28, 29, 30, 31, 32, 33, 34, 35]"
6657,Nguyễn Long con bệnh,"[12, 13, 14, 15, 16, 17, 18, 19]"
6658,Cưng muốn xĩu luôn á :33,[]
6659,Bệnh của m còn nặng hơn ung thư đấy thằng ngu ạ,"[9, 36, 37, 38, 39, 40, 41, 42, 43, 44]"
6660,Hihi fan cứng,[]
6661,Đã tẩy chay nó từ lâu...quân khốn nạn,"[3, 4, 5, 6, 7, 8, 9, 10, 12, 13, 24, 25, 26, 27, 28, 29, 30, 31, 32, 33, 34, 35, 36]"
6662,Em hỏi nhiều cái Chị hok biết đường trả lời :)))),[]
6663,99% dân tộc này là vậy đó. Đáng được làm nô lệ cho tàu.,"[49, 50, 51, 52, 53, 54]"
6664,Tôi lại thấy chỗ này cute hơn :)),[]
6665,Mình không quan tâm cô đơn cho lắm,[]
6666,"Lên youtube xem cho nhanh, mạng như l",[36]
6667,Mệt 😒😩,[]
6668,vcl đấy,"[0, 1, 2]"
6669,Lam Thuy Vy,[]
6670,Ok thầy nha,[]
6671,thịt gà mà,[]
6672,Mặt dầy như đít trâu,"[0, 1, 2, 3, 4, 5, 6, 7, 8, 9, 10, 11, 12, 13, 14, 15, 16, 17, 18, 19]"
6673,Hưng Vlog thơm đc mấy tiếng anh,[]
6674,Chậm thôi các a,[]
6675,Giống abe vailon,"[10, 11, 12, 13, 14, 15]"
6676,Skin mới mọi người ơi,[]
6677,Ông ấy không có mưu đồ chính trị ji đâu. Nói xàm xàm cho vui ấy mà với lại người ta cũng già rồi ông ấy khác bọn việt tân,"[45, 46, 47, 48, 49, 50, 51, 109, 110, 111, 112, 113, 114, 115, 116, 117, 118, 119, 120]"
6678,Trần Nhật Hoài nhai lại nhiều thì nó quen ông ạ,[]
6679,Nguoi ta chuyen gioi rôi. No lam lôn roi đê đu thăng cha tyi bay.,"[26, 27, 33, 34, 35, 44, 45, 46, 47, 48, 49, 50, 51, 52, 53, 54, 55, 56, 57, 58, 59, 60, 61, 62, 63]"
6680,Chờ Cái loz 😉,"[8, 9, 10]"
6681,"đây là doanh nghiệp đề nghị nhé, chứ chính quyền chưa đề nghị đâu",[]
6682,con di~ dang hang leo rank,"[0, 1, 2, 3, 4, 5, 6, 7, 8, 9, 10, 11, 12, 13, 14, 15, 16]"
6683,Dan lm kho dan.do ngu,"[7, 8, 9, 15, 16, 17, 18, 19, 20]"
6684,Cảm ơn các vị lãnh đạo đảng ta đã tạo điều kiện cho những đứa trẻ như con của tao vừa sinh ra đã mang nợ trong mình.,"[0, 1, 2, 3, 4, 5, 6, 7, 8, 9, 10, 11, 12, 13, 14, 15, 16, 17, 18, 19, 20, 21, 22, 23, 24, 25, 26, 27, 28, 29, 30, 31, 32, 33, 34, 35, 36, 37, 38, 39, 40, 41, 42, 43, 44, 45, 46, 47, 48, 49, 50, 51, 52, 53, 54, 55, 56, 57, 58, 59, 60, 61, 62, 63, 64, 65, 66, 67, 68, 69, 70, 71, 72, 73, 74, 75, 76, 77, 78, 79, 80, 81, 82, 83, 84, 85, 86, 87, 88, 89, 90, 91, 92, 93, 94, 95, 96, 97, 98, 99, 100, 101, 102, 103, 104, 105, 106, 107, 108, 109, 110, 111, 112, 113, 114]"
6685,Anh ở cuối đẹp trai :)),[]
6686,Hết R rồi Abe nó hết hay em hết :)),[]
6687,Bộ tài nguyên và môi trường chết mẹ đau hết rôi?!,"[28, 29, 30, 31, 32, 33, 34]"
6688,KHON NAN,"[0, 1, 2, 3, 4, 5, 6, 7]"
6689,"Khinh ng,khẩu nghiệp,sân si,có ngày tr cho bà ăn xin đấy nha,hok có đất mà chôn thân đấy","[0, 1, 2, 3, 4, 5, 6, 7, 9, 10, 11, 12, 13, 14, 15, 16, 17, 18, 19, 21, 22, 23, 24, 25, 26, 75, 76, 77, 78]"
6690,cả đoàn trốn trại...nói chuyện điên khùng,"[8, 9, 10, 11, 12, 13, 14, 15, 16, 31, 32, 33, 34, 35, 36, 37, 38, 39, 40]"
6691,"Ciel Phạm thôi b ơi nói mấy nhiều ng vẫn cố chấp thôi. Bản tính ích kỷ cùng chung dòng máu VN mà ăn thua sân si. Bm ngta luôn muốn cái nào tốt đẹp nhất, tin tưởng VN điều trị thì phải đưa về VN chứ sao","[41, 42, 43, 44, 45, 46, 47, 64, 65, 66, 67, 68, 69, 97, 98, 99, 100, 101, 102, 103, 104, 105, 106, 107, 108, 109, 110]"
6692,Phước Hữu anh thì double ngon dồiiiii,[]
6693,Dỗi ngược là cách nhanh nhất :),[]
6694,Thuốc lào phê hơn 😂,[]
6695,Muốn vả mấy cái mỏ của mấy đứa cực kì thuyết phục ghê :>,[]
6696,"Hồi nào tới giờ cứ ngỡ Lưu Vĩnh Phúc là anh hùng tàu giúp dân Nam diệt Pháp, không ngờ hắn là thổ phỉ còn ác hơn cả quân Pháp.","[87, 88, 89, 94, 95, 96, 97, 98, 99, 100]"
6697,Dân InDo m chọc mù,"[9, 11, 12, 13, 14, 15, 16, 17]"
6698,"PhoBolsaTV :bien me đi,phỏng vấn tao lao,may về phong van gia đình mày đi.nhin may nguoi gia ma con ko tha,phoBolSa rất sam","[12, 13, 14, 15, 17, 18, 33, 34, 35, 36, 37, 38, 39, 41, 42, 43, 67, 68, 69, 79, 80, 81, 120, 121, 122]"
6699,Trang Ngân Tran Thu Trang Ngọc Khánh Duy Nguyễn ôi câu chuyện tứ quý...,[]
6700,"Mấy chú cầu thủ VN cố mà vô địch thêm 13 lần nữa rồi anh mày sẽ ra đường đi bão một thể, vì lúc đó mới xứng đáng vô địch Đông Nam Á. PS: VNCH giúp mấy chú em 1 lần, so, VN có 2 lần Vô địch.","[19, 20, 21, 22, 23, 24, 25, 26, 27, 28, 29, 30, 31, 32, 33, 34, 35, 36, 37, 38, 39, 40, 41, 42, 43, 44, 45, 46, 47, 57, 58, 59]"
6701,❤️,[]
6702,Thúy Nguyễn 🤣🤣như phim hành động,[]
6703,Tô Ngọc Cầm game liên minh huyền thoại mobi của riot sắp ra mắt =))) nên nó phải mạnh mẽ chứ :))) sợ bị lật ngôii đó mà,[]
6704,Đổi thành gặp nhau cuối năm hay gì mà.,[]
6705,Ăn mặc như cái đ.buoi,"[15, 16, 17, 18, 19, 20]"
6706,M im đi add,[0]
6707,HỢP LÝ :)),[]
6708,Chào các dân chơi,[]
6709,0.01% mà bạn êi,[]
6710,Sat mui vo lon no co hieu no vua sau vua nao yeu nua,"[11, 12, 13, 15, 16, 26, 27, 29, 30, 31, 32, 33, 34, 35, 36, 37, 38, 39, 40, 41, 42, 43, 44, 45, 46, 47]"
6711,"Phan Ngọc Thanh Tùng dép của Zara á bạn, mà đây là dép của anh chủ page Momo Inu chứ kphai của chủ top đâu =))",[]
6712,Có  tiền  mua  lưới  lam đâu.,[]
6713,Fc nè,[]
6714,Thuyết phục cái đell gì đâu đâu cũng thuyết phục,"[16, 17, 18, 19]"
6715,chi de thương quá ❤️,[]
6716,Bớt giận chế ơi.,[]
6717,Sum vầy với pháo tết chả liên quan :),[]
6718,Cười từ đầu đến cuối,[]
6719,Chi ba la vang ngoc vao qui qua,[]
6720,Đm quả nhạc 🤣,"[0, 1]"
6721,Đm. Rẻ rách dlv,"[0, 1, 4, 5, 6, 7, 8, 9, 10]"
6722,Tôi đang mong đợi sản phẩm kế tiếp của J97,[]
6723,I love u chu cờ mo :))),[]
6724,"Địt mẹ. Ông chú mình đc bạn ổng gửi cái hộp quẹt zippo hơn 100 đô. Lúc nhận hàng thì chỉ có cái hộp ko, hộp quẹt bị bọn cho này luộc cả","[0, 1, 2, 3, 4, 5, 116, 117, 118, 119, 120, 121, 122]"
6725,Sai lầm lớn nhất là mong mình lớn thật nhanh :v,[]
6726,cao cao quyen cua chu tran dan,[]
6727,Xàm lồn gay cấn,"[0, 1, 2, 3, 4, 5, 6]"
6728,"A Ku Lộc k phải nó thì là ai, đến bh còn bảo k phải do nó. Khai gian dối để qua cửa kiểm soát là tội đồ lớn rồi. Làm gì dễ có chuyện gần như cả khoang hạng thương gia lây như thế","[16, 17, 55, 56, 97, 98, 99, 100, 101, 102]"
6729,Rất vô lý mà lại rất thuyết phục,[]
6730,Cực kỳ thuyết phục :))),[]
6731,Nó xui vl,"[0, 1, 7, 8]"
6732,Ăn nhiều rồi lú nó không có phúc đâu đời cha ăn mặn đời con khát nước,"[13, 14, 16, 17, 19, 20, 21, 22, 23, 24, 25, 26, 27, 28, 29, 30, 31, 37, 38, 39, 40, 41, 42, 43, 44, 45, 46, 47, 48, 49, 50, 51, 52, 53, 54, 55, 56, 57, 58, 59, 60, 61, 62, 63, 64, 65, 66, 67, 68]"
6733,"Nhà mặt tiền cái l*n, mặt l*n thì có","[17, 18, 19, 26, 27, 28]"
6734,mày về đái lên bàn thờ nhà mày đi ad :)) xong lúc đó họ hàng khen mày giỏi ( vì từ trước đến nay chưa ai làm được thế ) hay chửi mày ngu =))))),"[0, 1, 2, 7, 8, 9, 27, 28, 29, 66, 67, 68, 124, 125, 126, 127, 128, 129, 130, 131, 132, 133, 134, 135]"
6735,Kẻ tổn thương lại muốn tổn thương người khác....??,[]
6736,Chị này chốt đơn là thật mọi người đừng làm như vậy nữa,[]
6737,từ thành phố Huế xuống Đô Đô có xa không nhỉ 😕,[]
6738,Cái đất nc nhiều chó giấy nhưng sáng chế toàn nông dân thì hy vọng cc gì?,"[17, 18, 19, 20, 21, 22, 23, 24, 67, 68]"
6739,Mk nghe k thấy hay mấy hay là chưa nghe kĩ lời nhỉ,[]
6740,Xạo lồn mày bú lồn nhiều quá nên ngáo hả thằng chó,"[0, 1, 2, 3, 4, 5, 6, 7, 8, 10, 11, 12, 13, 14, 15, 16, 17, 18, 19, 20, 21, 39, 40, 41, 42, 43, 49, 50, 51, 52, 53, 54, 55, 56, 57, 58, 59]"
6741,Dm,"[0, 1]"
6742,lêu lêu🤣,[]
6743,Vui thật,[]
6744,Trường hợp này ở địa phương khác kêu là gì ko biết còn địa phương mình gọi là khùng á,"[78, 79, 80, 81, 82]"
6745,SAO KHÔNG MỞ ĐẦU BẲNG CÂU '' ĐỊT MẸ '' NGHE CÓ PHẢI HẤP DẨN HƠN KHÔNG,"[29, 30, 31, 32, 33, 34]"
6746,"Đéo biết gì thi ngồi im . chỗ đấy có long mạch của đất nước đấy "" chuẩn bị đầu tư 20 tỷ để vét máng cho sạch đó "" :))))).","[0, 1, 2, 3, 4, 5, 6, 7, 8, 9, 10, 11, 12, 13, 14, 15, 16, 17, 18, 19, 20, 21, 22, 91, 92, 93, 94, 95, 96, 97, 98]"
6747,"Theo ý thằng ad là: cứ hùng hồn qua trung quốc mà bảo: mày xả đập cho tao, ko tao sẽ ném boom mày. Ad mộng du","[8, 9, 10, 11, 12, 13, 64, 65, 66, 67, 82, 83, 84, 90, 91, 92, 103, 104, 105, 106, 108, 109, 110, 111, 117, 118, 119, 120, 121, 122, 123, 124]"
6748,"Ngày xưa, với chỉ nước VNCH nhỏ bé, mà đã Ngự trên ngai vàng rồi, vậy mà khi Thống Nhất (sợ từ này lắm) đất nước gần nữa thế kỷ, với sự lãnh đạo tài tình, sáng suốt, đào Nam lấp Bắc của đảng, Vịt Lam mới mon men ""bò lết"" lên tới nơi. Vịt Lam vô địch.","[166, 167, 168, 169, 170, 171, 172, 173, 174, 175, 176, 177, 178, 179, 180, 192, 193, 194, 195, 196, 197, 198, 212, 213, 214, 215, 216, 217, 218, 219, 234, 235, 236, 237, 238, 239, 240]"
6749,Mixi không đan em một ai một mình Mixi chấp hết 💣,[]
6750,E muốn gặp c e phải làm sao ạ,[]
6751,Looks like lon,"[11, 12, 13]"
6752,Cứ 1 tiếng lại có 1 ca nhiễm thế này. Nên đổi tên Corona thành Conchodinhung,"[63, 64, 65, 66, 67, 68, 69, 70]"
6753,Cho Lên Top Nào Tộc Nhà Ta Ơi <333333,[]
6754,Đợi Đợi Đợi con cặc thích câu này v*l 😂,"[12, 13, 14, 15, 16, 17, 18, 34, 35, 36]"
6755,lương 7-8 triệu :((,[]
6756,"- Dạ kính chúc cô luôn dồi dào sức khỏe , để cô giúp đở những người nghèo khó..",[]
6757,Đúng...ng việt nam rất là xạo lồn nghèo mà nổ lắm,"[26, 27, 28, 29, 30, 31, 32, 34, 35, 36, 37, 38, 39, 40, 41, 42, 43, 44, 45, 46, 47, 48]"
6758,"lâu lâu bới lên kiếm cái chửi , xong về nhận tiền từ bọn 3 que thì tội gì ko bới","[8, 9, 10, 25, 26, 27, 28, 53, 54, 55, 56, 57, 58, 59, 60, 61, 77, 78, 79]"
6759,"đc dậy là hay rồi , mấy sân bay khác trên thế giới sao làm được như dậy :3",[]
6760,Hoi nao noi tot nguoi ta bay gio chac an kg duoc nua nen xoay qua chi tui la nguoi kg biet ai het nhung xem ba thay ghet qua ba hieu oi lat qua lat lai cung la ba mot cung chi ba hai cung chi ba bay gio chui tan nat ba la loai gi vay ba hieu be de nghe ma thay ghet,"[38, 39, 40, 41, 42, 43, 44, 45, 46, 47, 66, 67, 68, 116, 117, 118, 119, 203, 204, 205, 206, 208, 209, 210, 211, 212, 213, 214, 222, 223, 224, 225, 242, 243, 244, 245, 246, 261, 262, 263, 264]"
6761,Nhìn cái mặt thớt đã biết tại sao thớt nói cmt như vậy. Ae thông cảm người khuyết tật tí đê,"[69, 70, 71, 72, 73, 74, 75, 76, 77, 78, 79, 80, 81, 82, 83, 84]"
6762,Còn đây là đỉnh cao trí tuệ VN,[]
6763,@@,[]
6764,👍👍👍😔,[]
6765,em ở quận hai bà trưng hà nội cơ,[]
6766,Em chửi bỏ mẹ chúng nó đi cái nich em chửi trần dần anh nghe xương quá nhất là quả quyền èm sàng hay gữi luôn cảm ơn nhé xêm buôn cười quá đi,"[3, 4, 5, 6, 11, 12, 14, 15, 16, 17, 18, 19, 20, 21, 38, 39, 40, 41, 83, 84, 85, 86, 87]"
6767,mai đến mua khô gà có dc chụp ảnh cùng thầy k ạ 🤣,[]
6768,Nào cưới cũng phải đi chụp ntn nn,[]
6769,"Hồ Hoàng Huy thế từ 17 đến 33 là bao nhiêu mà nói là \""chỉ\"" ?",[]
6770,"Nguyễn Hoàng Đan Phương t nhớ là m lẳng , k k tự nhiên bộc phát r cười như điên 😂",[]
6771,"Hải Yến vl chưa xem đã cảm thấy chán hơn r, thì thôi lạy m 🙏🙏🙏","[8, 9, 57]"
6772,"Fan cu Tiệp, =)))",[]
6773,Tứ chi phát triển mà não đéo phát triển 😔,"[21, 22, 23, 24, 25, 26, 27, 28, 29, 30, 31, 32, 33, 34, 35, 36, 37, 38]"
6774,Chào cô minh hiếu cô lam  ăn khấm khá quá xin  cô giúp cho anh mượng số dốn jam ăn cám ơn em,[]
6775,Còn ngưỡng mộ có ba nhé hihihi,[]
6776,Bên nc ngoài làm thấy mẹ bày đặt đm,"[22, 23, 33, 34]"
6777,Càng nói càng ngu.. học bk nhìu qa đâm ra bị lú... cũng tội mà thôi cũng kệ,"[14, 15, 16, 45, 46, 56, 57, 58]"
6778,Ai hợp tác tương lai làm đứa ko ??,[]
6779,Mời tiên sư dũ chụ trần dần về sống tại vn kkkk,[]
6780,Tào lao,"[0, 1, 2, 3, 4, 5, 6]"
6781,"ủa, có gì lạ hả :))",[]
6782,"Sẵn tiền ởVN thì cho người ta đi chứ qua Mỹ rồi tiền không dễ kiếm đâu . Ở VN dễ bị lường gạt vì với những người trình độ lớp ba trường làng như chị sức lan tỏa rất nhanh vì sự thiếu hiểu biết. Mũi thì bị lệch , miệng thì phun ra toàn Đ,M,C,L cộng với cái cười vô nghĩa, vô thức trông thật tội nghiệp","[84, 85, 86, 87, 88, 89, 90, 91, 92, 107, 108, 109, 110, 111, 112, 113, 114, 115, 116, 117, 118, 119, 120, 121, 122, 123, 124, 125, 126, 127, 128, 129, 130, 131, 132, 133, 134, 135, 136, 137, 138, 139, 177, 178, 179, 180, 181, 182, 183, 184, 185, 186, 187, 188, 189, 190, 191, 194, 195, 196, 197, 198, 199, 200, 201, 202, 203, 204, 205, 206, 207, 208, 212, 213, 214, 215, 216, 217, 218, 219, 220, 221, 222, 223, 224, 225, 235, 236, 237, 238, 239, 240, 241, 256, 257, 258, 259, 260, 261, 262, 263, 264, 265, 266, 267, 268, 269, 270, 271, 272, 273, 274, 275, 276, 277, 290, 291, 292, 293, 294, 295, 296, 297, 298, 299]"
6783,Phá hết đi rồi chết. Cuộc sống thật mong manh,"[0, 1, 2, 15, 16, 17, 18]"
6784,Lường Văn Đức như đấm vào tai,[]
6785,Đúng ời,[]
6786,về với Độ tộc nào,[]
6787,Sống lố quá thể 😓😓😓,"[5, 6]"
6788,Xin tên hoạc link vs,[]
6789,Thời trang với thời chủng nhìn mất hết cảm tình 😬😬,[]
6790,Tết đến rồi,[]
6791,Chứ hàng thiệt kiểu gì mua mấy trăm nghìn rồi còn tặng thêm 1 chai =)),[]
6792,Cm thời gian rồi sẽ chữa lành tất cả,[]
6793,Sách lược diệt chủng dân tộc Việt Nam của Tàu cộng!,"[10, 11, 12, 13, 14, 15, 16, 17, 18, 19, 42, 43, 44, 45, 46, 47, 48, 49]"
6794,bức xúc đỏ mặt,[]
6795,Nguyễn Thanh Tín thằng đàn bà mồm dính cut à =)),"[17, 18, 19, 20, 21, 22, 23, 24, 25, 26, 27, 28, 39, 40, 41]"
6796,"TRẦM NGÂM CỨT,,tên nào đi ngược lợi ích nhân dân đều là bò ngu tung HỨNG HÒ BẢ CHÓ,,CSVN là chúa lừa dân và ăn cướp đồng bào ,,loại bỏ cs là nhiệm vụ chính của nhà báo ngu dốt và chính nhân dân","[10, 11, 12, 15, 16, 17, 56, 57, 58, 59, 60, 61, 63, 64, 65, 66, 67, 68, 69, 70, 71, 72, 73, 74, 75, 76, 77, 78, 79, 80, 81, 92, 93, 94, 95, 96, 97, 98, 99, 100, 101, 102, 103, 108, 109, 110, 111, 112, 113, 114, 127, 128, 129, 130, 131, 132, 133, 168, 169, 170, 171, 172, 173, 174]"
6797,Hướng Dương Ừ vừa lên đọc lại thì xác nhận là chuẩn,[]
6798,Rất thuyết phục =)),[]
6799,ai cũng như vậy có phải tốt ko :(,[]
6800,Lần này sẽ khác,[]
6801,Mai Anh Tuân sủa cmm à,"[13, 14, 15, 16, 17, 18, 19]"
6802,Chi chui cho no biec do khung do,"[4, 5, 6, 7, 13, 14]"
6803,Ngứa dái chưa kkkkk,"[5, 6, 7]"
6804,Thành Cương nghĩ ló chán đmmmm,"[25, 26, 27, 28, 29]"
6805,3 tiếng thoai haha,[]
6806,M ngu qquua m chết mẹ m đi i ad,"[0, 2, 3, 4, 12, 14, 15, 16, 17, 18, 19, 20, 22]"
6807,"Thien Binh Trang \"" bạn lịch sự- admin lịch sự, b cục súc , - admin dí l vào mặt b luôn \"" =)))","[50, 51, 52, 53, 54, 55, 56, 68, 69, 70, 71, 72, 73, 74, 75, 76, 77, 78, 79]"
6808,clm oke abe,"[0, 1, 2]"
6809,Tưởng gì - bắt chước trend của mình hồi nhỏ 1 ngàn 9 trăm hồi đó,[]
6810,Lê Nguyễn Thảo Nhi thuyết cái loz què !,"[30, 31, 32, 33, 34, 35, 36]"
6811,"Con điên, next mẹ mày đi","[0, 1, 2, 3, 4, 5, 6, 7, 10, 11, 12, 13, 14, 15, 16, 17, 18, 19, 20]"
6812,chú nầy râu mọc nhìu wa,[]
6813,"Yên tâm về Việt Nam thành phế vật ngay ae ạ . Nước ngoài nó chỉ có fuck you , oh shit ... còn về Việt Nam thì k đc đmm thì đcmm hoặc độu má m ... phế chắc chắn 🤣🤣🤣","[26, 27, 28, 29, 30, 31, 32, 57, 58, 67, 68, 69, 70, 71, 72, 73, 74, 81, 82, 83, 84, 115, 116, 117, 123, 124, 125, 126, 133, 134, 135, 136, 137, 138, 140, 146, 147, 148]"
6814,"I love you chu cà mo . Chúc cô và gd thật nhiều sức khoẻ . Mong chương trình ngày càng thành công hơn nữa , để ngày càng có những mảnh đời , những góc khuất cộng đồng LGBT được chia sẻ , lan toả sự cảm thông từ tất cả mọi người ❤️",[]
6815,Hồng phúc.. sam nha bạn 😪 chứ bạn nghĩ ở dưới kia có intonet cho mình sài à 😅,[]
6816,Chị ba xạo lồn quá. Chị giàu quá mà đi làm youtube,"[7, 8, 9, 10, 11, 12, 13]"
6817,K ai. Dem. Ba. Nay. Di benh. Vien. De ba khung. Z. Ai. Chieu noi. Troi,"[6, 7, 8, 9, 10, 11, 12, 13, 14, 15, 16, 17, 18, 19, 20, 21, 22, 23, 24, 25, 26, 27, 28, 29, 30, 31, 32, 41, 42, 43, 44, 45]"
6818,Con này chắc ko dc di học,"[0, 1, 2, 13, 14, 15, 16, 17, 18, 19, 20, 21, 22, 23, 24]"
6819,Con nay no khung con hon con linh ca loc nua,"[0, 1, 2, 8, 9, 11, 12, 13, 14, 15, 25, 26, 27]"
6820,Đm chuẩn bị đi học tiếng tàu thôi là vừa,"[0, 1, 25, 26, 27]"
6821,Anh độ cứ gọi là phong độ :)),[]
6822,Đúng mệt : v mà em cũng mệt với bọn sống nhanh chậm vãi cả lồn =))),"[38, 39, 40, 41, 61, 62, 63, 64, 65, 66, 67, 68, 69, 70, 71, 72, 73]"
6823,Mỹ Châu nhìn bếck vđ,"[18, 19]"
6824,"Bọn nó chọn tôm hùm, cá mú khơi ... nó đéo chọn cá gần bờ","[0, 1, 2, 3, 4, 5, 36, 37, 39, 40, 41]"
6825,Yêu A hưng nhất,[]
6826,"Con này nói chuyện thì biết 0 có học ,bit đường sống của nó là đúng, đó cũng là thay trời hành đạo","[0, 1, 2, 28, 29, 30, 31, 32, 33, 34, 35, 57, 58]"
6827,Chi goc hong nó luôn đi,[]
6828,Chào cô minh hiếu cô dể.thương quá,[]
6829,anh tik nói quá đúng luôn,[]
6830,Chuẩn ko cần chỉnh,[]
6831,Tết không nhạt đi. Chỉ là chúng ta không còn là những đứa trẻ nữa =))).,[]
6832,Ở Nhật nhưng làm việc hành chính theo kiểu Việt Nam - Buồn,"[54, 55, 56, 57]"
6833,Họ đang coi đá banh r 😌,[]
6834,Đúng là chó làm người phải chịu ... haizzz,"[8, 9, 10, 11, 12, 13, 14, 15, 16, 17, 18, 19, 20, 21, 22, 23, 24, 25, 26, 27, 28, 29, 30]"
6835,mua bo hay lắm anh ơiii,[]
6836,TD yêu quỷ nói chả đúng gì cá,"[7, 8, 9]"
6837,công nhận giống y đúc. khác mỗi cái mặt,[]
6838,Nghe đc gì cht liền,[]
6839,High fashion lắm á anh,[]
6840,Nghĩ ló chán :),[]
6841,Giọng cô mina nay nghe kỳ vậy :)),[]
6842,"Cm nó 50 ,k","[0, 1, 3, 4]"
6843,Chó cs bán nước hại dân.,"[0, 1, 2, 3, 4, 5, 7, 8, 9, 10, 11, 12, 13, 14, 16, 17, 18]"
6844,Không thắng Pháp đuổi Mỹ nhưng rất thanh bình!,[]
6845,Rãnh đít là đây.,"[0, 1, 2, 3, 4, 5, 6, 7]"
6846,Dm bọn Việt tân nhé,"[0, 1, 3, 4, 5]"
6847,Nguyễn Định tui xợ á,[]
6848,bUồN 😌,[]
6849,yêu cô <3,[]
6850,Ui dào tòan cái lũ tham ô tham nhũng. Hốc hết cứt của dân thôi,"[16, 17, 18, 19, 20, 21, 22, 23, 24, 25, 26, 27, 28, 29, 30, 31, 32, 33, 34, 35, 38, 39, 40, 41, 42, 43, 44, 45, 46, 47, 48]"
6851,:)))) a tôi đấy các ô ạ,[]
6852,ai coi trần dần và ngô kỷ là kẻ ngu ngóc...,"[29, 30, 31, 32, 33, 34, 35, 36, 37, 38, 39]"
6853,Xuân đương tới nghĩa là xuân đương qua,[]
6854,Abe là một huyền thoại 😉,[]
6855,Lại là con ml nhung rồi,"[7, 8, 9, 10, 11, 12]"
6856,Đợt này thấy toàn tầng lớp đại gia ko ý nhờ.có tiền đi du lịch kug khổ mà,[]
6857,she and Cam Ly looks alike,[]
6858,Trang điểm đẹp nè chị,[]
6859,Nước có màu cũng la không màu cũng la. Nhờ ơn cộng sản mới đc vầy,[]
6860,"nhìn bác tôi chợt nhớ tới những tượng đài nghìn tỉ đồng, cụ Hồ ơi sao cụ không sống mãi để lãnh đạo. thối nát thối nát.","[101, 102, 103, 104, 105, 106, 107, 108, 109, 110, 111, 112, 113, 114, 115, 116, 117]"
6861,"Tới già câu cửa miệng Ao Làng vẫn là Hello các bạn, anhem nhỉ :D?",[]
6862,Đã ngu còn hay phát biểu,"[3, 4, 5, 6, 7, 8, 9, 10, 11, 12, 13, 14, 15, 16, 17, 18, 19, 20, 21, 22, 23]"
6863,Mình mạnh dạn dự đoán là Jack thích các bạn nữ xinh gái nha ❤️,[]
6864,Sốt thực sự :)),[]
6865,"dùng tiền ém nhẹm cu ơi. từ nguyên đơn thành bị đơn thôi, 1 người ko thể chống cả tập đoàn được","[10, 11, 12, 13, 14, 15, 16, 18, 19]"
6866,Hay thặc sự 🤣,[]
6867,Cường vậy đúng k?,[]
6868,Nhìn Chú gầy đi nhiều quá. Tóc thì bạc. Khổ thân.,[]
6869,Lê Văn Quật Minh Hậu,[]
6870,0562559893 bà giỏi bà gởi đi,[]
6871,xạo vl,"[0, 1, 2, 4, 5]"
6872,Méo hiểu thể loại fashion gì luôn 🙄 nhìn bẩn con mắt 😵,"[0, 1, 2, 36, 37, 38, 39, 40, 41, 42, 43, 44, 45, 46, 47, 48, 49, 50, 51]"
6873,Thiên tai hạn hán cũng đổ lỗi cho chính phủ. Vậy có lẽ tao cũng nên coi mày là thất bại của việc bố mẹ mày làm tình phải ko thằng ad óc chó?,"[55, 56, 57, 72, 73, 74, 79, 80, 81, 82, 83, 84, 85, 86, 87, 88, 89, 90, 91, 92, 93, 94, 95, 96, 97, 98, 99, 100, 101, 102, 103, 104, 105, 106, 107, 108, 109, 110, 111, 112, 113, 114, 124, 125, 126, 127, 128, 129, 130, 131, 133, 134, 135, 136, 137, 138]"
6874,ổn thầy,[]
6875,Tuấn Mạnh Thật bác ạ :)),[]
6876,Tập này là 86 mà 🤔,[]
6877,Giới ơi la trời oiiii,[]
6878,Cực kỳ thuyết phục 🤣,[]
6879,"Vào đọc hộ cái xem từ bh,thiển cận vcl :))) auto chó hùa","[25, 26, 27, 28, 29, 30, 31, 32, 33, 35, 36, 37, 49, 50, 51, 52, 53, 54, 55]"
6880,"dẹp mịe cái "" hội bảo vệ người tiêu dùng đi. tốn tiền","[4, 5, 6]"
6881,Và *Bùmmmm* hôm nay không có ao làng các bạn nhé :))),[]
6882,"Không chết vì ô nhiễm cũng chết vì hoá chất, còn không lại chết vì tai nạn giao thông hoặc chết vì ung thư hay bệnh tật. Quá lắm là chết vì tàu xâm lăng thôi. Thằng Ad mày lo nhiều quá nên đăng tải lung tung chớ dân Đông Lào mình đồng, da sắt, c.*.t bằng bù lon mà sợ chi hahahaha","[6, 7, 8, 9, 27, 28, 29, 30, 59, 60, 61, 62, 91, 92, 93, 94, 132, 133, 134, 135, 140, 141, 142, 159, 160, 161, 162, 163, 168, 169, 170, 244, 245, 246, 247, 248, 249, 250, 251, 252, 253, 254, 255, 256, 257, 258, 259, 260]"
6883,Đúng rồi 🤣🤣🤣,[]
6884,"Ủa.. E chị quen quá !! À đúg rồi em thấy chị ở 'chùa phật quang' thầy chi.. TpChâu Đốc, bữa ngày 20/4âl🙏",[]
6885,"cái cách nói chuyện của bà này rất khó nghe. nói dài dòng mà toàn nói linh tinh trên trời dưới biển gì đâu, chẳng nói vào đúng trọng tâm gì","[35, 36, 37, 38, 39, 40, 41, 42, 49, 50, 51, 52, 53, 54, 55, 56, 70, 71, 72, 73, 74, 75, 76, 77, 78, 80, 81, 82, 83, 84, 85, 86, 87, 88, 89, 90, 91, 92, 93, 94, 95, 96, 97, 98]"
6886,Má 🙂 Kiều Oanh Nguyễn Thị,"[0, 1]"
6887,Đéo ai bắt xem ??=}},"[0, 1, 2]"
6888,Chi ba de thuong qua ha,[]
6889,Con người yêu đỏng đảnh thật nhỉ,"[0, 1, 2]"
6890,Cái giá của 1 tỷ Nhân Dân Tệ của nó !!!,[]
6891,"Mọi người cứ yên tâm ở Việt Nam Covid-19 rất khó lây, nó chỉ dễ lây khi đứng đối diện, nói thẳng bắn nước bọt vào mặt nhau thôi. Mà người Việt lại hay nói sau lưng","[151, 152, 153, 154, 155, 156, 157, 158, 159, 160, 161, 162]"
6892,"Đéo hiểu nổi style kiểu gì? "" con c* hưng phấn "" hay gì?","[0, 1, 2, 28, 29, 30, 31, 32, 33, 34, 35, 36, 37, 38, 39, 40, 41, 42, 43, 44, 45, 46, 47]"
6893,"Những thằng đàn ông có vợ còn đi thả thính và những con đàn bà trơ trẽn thông dâm với chồng người khác thì rồi cũng không có được cái kết tốt đẹp đâu. Gieo nhân nào ắt gặp quả đấy, sinh con đẻ cái có khi còn không có lỗ đít để đi ị í :))))","[6, 7, 8, 9, 10, 52, 53, 54, 55, 56, 57, 58, 59, 60, 61, 63, 64, 65, 66, 67, 68, 69, 70, 72, 73, 74, 75, 76, 77, 78, 79, 80, 181, 182, 183, 184, 185, 186, 187, 188, 189, 190, 191, 192, 193, 194, 195, 196, 197, 198, 199, 200, 201, 202, 203, 204, 205, 206, 207, 208, 209, 210, 211, 212, 213, 214, 215, 216, 217, 218, 219, 220, 221, 222, 223, 224, 225, 226, 227, 228, 229, 230]"
6894,Coi chừng bị nghiệp quật,"[13, 14, 15, 16, 17, 18, 19, 20, 21, 22, 23]"
6895,bắn chết mẹ nó đi,"[0, 1, 2, 3, 4, 5, 6, 7, 8, 9, 10, 11, 12, 13]"
6896,♡,[]
6897,Đụ mẹ. Mang tiếng việt kiều. Có cái loz thúi rùm. Có quần què gì,"[0, 1, 2, 3, 4, 36, 37, 38, 40, 41, 42, 43, 44, 45, 46, 47, 53, 54, 55, 56, 57, 58, 59, 60]"
6898,"Hào Quang chán,tết trực ko cậu ơi",[]
6899,giống con cặc🤣🤣,"[6, 7, 8, 9, 10, 11, 12]"
6900,Má thuộc loại nhiều chuyện. Trai không ra trai.gai không ra gái.ma bay đặt lên làm live chim ma.,"[0, 1, 2, 11, 12, 13, 14, 15, 33, 34, 35, 36, 37, 38, 39, 40, 41, 42, 43, 44, 45, 46, 47, 48, 49, 50, 51, 52, 53, 54, 55, 56, 57, 58, 59, 60, 61, 62, 63, 64, 65, 66, 67, 68, 101, 102]"
6901,Dạng háng chờ gánh,"[0, 1, 2, 3, 4, 5, 6, 7, 8]"
6902,Cô nói con cười chết,[]
6903,Buồn giúp HQ nhiều quá :(((,[]
6904,live tiếp đi a làm top 1 nữa,[]
6905,Ai đó làm ơn chỉ mình edit Font chữ như kia vớii,[]
6906,Biệt tài trả lời xong chẳng biết trần dần nói gì. Vũ Hoàng Lân thiếu người để kiếm viu đi phỏng vấn người điên.,"[106, 107, 108, 109]"
6907,Đan Nguyễn nhưng ở đây k liên quan b à 🥴🥴.,[]
6908,Dờ.... đéo phải đờ nghe chưa thằng hl :3,"[7, 8, 9, 29, 30, 31, 32, 33, 34, 35, 36]"
6909,nhìn cứ tưởng anh em sinh 3,[]
6910,Vương Thị Ly nghe a Độ chia sẻ bí kíp để có bộ tóc đẹp l lộn kìa :)))),[]
6911,nghe hư trúc nhưng rất mộ dung phục,[]
6912,Catherine YangYến Đỗ a thề là a ứ có bệnh nha. Cho a về đi,[]
6913,nhìn có vẻ mắt iphone nhưg thật ra là mắt mixi 🤣,[]
6914,4 cái hoa.trend,[]
6915,Đó là biểu hiện xl mà những thằng xl y như v sẽ có kết cục ntn đây 😌,"[16, 17, 28, 29, 30, 31, 32, 33, 34, 35, 67]"
6916,"Đm cả ngày trương lone đánh bài với đám bạn, mặc đồ chi cho đẹp đúng không cả nhà?","[0, 1, 18, 19, 20, 21]"
6917,cái đệch nó nhét tiền cho lòi họng rồi,"[4, 5, 6, 7, 9, 10, 12, 13, 14, 15, 16, 17, 18, 19, 20, 26, 27, 28, 29, 30, 31, 32, 33]"
6918,Quyền riêng tư của người ta mà mỗi người một số có ai muốn vậy sao khi dễ người ta. Bạn đã sai,[]
6919,Bố m đéo sợ ok,"[0, 1, 2, 3, 5, 6, 7]"
6920,Câu chuyện về 5 thầy trò và những đồi giày bạc tỉ :)),[]
6921,:>> củng là hoa chắc,[]
6922,"AE NÀO ĐAM MÊ KÈO BANH BÓNG THÌ QUA TƯỜNG ÔNG Tuấn TommyTHAM KHẢO KÈO, KÈO LÊN HAY VKL, CÓ LINK FB CHO AE NÀO CẦN THÌ VÀO",[]
6923,Nói xấu vợ là cứ phải ngó ngó nghiêng nghiêng nhìn trước nhìn sau :))))),[]
6924,Ả duconme 😂😂😂,"[0, 2, 3, 4, 5, 6, 7, 8]"
6925,Nhìn tướng của nhà tiên tri mà tôi thấy bần tiện lưu manh thế nào í,"[40, 41, 42, 43, 44, 45, 46, 47, 48, 49, 50, 51, 52, 53, 54, 55, 56]"
6926,Già rồi còn đéo gì mà ráng nhoai lên chứ địt cụ,"[12, 13, 14, 41, 42, 43, 44, 45, 46]"
6927,Fan thầy lắm đấy 3 heo à,[]
6928,"đây là nhà của thần tượng cho những ai cần AMEN.https://www.google.com/maps/place/572+L%C3%AA+Quang+%C4%90%E1%BB%8Bnh,+Ph%C6%B0%E1%BB%9Dng+1,+G%C3%B2+V%E1%BA%A5p,+H%E1%BB%93+Ch%C3%AD+Minh,+Vi%E1%BB%87t+Nam/@10.8175314,106.6891305,21z/data=!4m13!1m7!3m6!1s0x317528ef4626ef2b:0xbaad215491e63c25!2zNTcyIEzDqiBRdWFuZyDEkOG7i25oLCBQaMaw4budbmcgMSwgR8OyIFbhuqVwLCBI4buTIENow60gTWluaCwgVmnhu4d0IE5hbQ!3b1!8m2!3d10.8175667!4d106.6891347!3m4!1s0x317528ef4626ef2b:0xbaad215491e63c25!8m2!3d10.8175667!4d106.6891347?hl=vi-VN",[]
6929,e chúc panda của abe iu dấu 20/10 vui vẻ nhé và đừng quên xoá kênh,[]
6930,Ngọc Hậu cả khối con chực,"[17, 18, 19]"
6931,Ba sạo lồn thì có,"[3, 4, 5, 6, 7, 8, 9]"
6932,Lisa cai lậy 😍,[]
6933,Cũng đéo làm gì cho đời,"[5, 6, 7]"
6934,"đcm cái bọn ""Animal"" ""TAND BT"" ăn tiền nên mới xử như vậy.","[0, 1, 2, 4, 5, 6, 7, 8, 9, 10, 11, 12, 13, 14, 15, 16, 17, 18, 31, 32, 33, 34, 35, 36, 37, 38, 39, 40, 41, 42, 43, 44, 45, 46, 47, 48]"
6935,Khói dm giốg vãi loz khác mỗi cái mặt,"[5, 6, 13, 14, 15, 16, 17, 18, 19]"
6936,"1 lũ đu càng,tụt quần,liếm đít giờ đang chửi cs bán nước :))","[2, 3, 4, 5, 6, 7, 8, 9, 10, 11, 13, 14, 15, 16, 17, 18, 19, 20, 22, 23, 24, 25, 26, 27, 28, 29, 40, 41, 42, 43, 48, 49, 50, 51, 52, 53, 54, 55]"
6937,Cô rất là có duyên và đc ông trời cho cái hài hước nữa .,[]
6938,"Lũ bán nước thì đang bận bán nước chớ đâu, hỏi cái lồn !","[0, 1, 2, 3, 4, 5, 6, 7, 8, 9, 10, 25, 26, 27, 28, 29, 30, 31, 32, 51, 52, 53]"
6939,"Nhìn cái mỏ nó kìa , già lớn rùi hok phải chửi lộn là hay ,","[15, 16, 17, 51, 52, 53, 54, 55, 56, 57, 58, 59, 60]"
6940,Sẽ bị quạ bắt diều hâu tha 🤣,[]
6941,L** mày cho chó nó còn không Liếm nữa có đâu mà mày đưa lộn cho người ta ăn con thú vật đầu thai,"[0, 1, 2, 3, 4, 5, 6, 12, 13, 14, 16, 17, 29, 30, 31, 32, 48, 49, 50, 76, 77, 78, 79, 80, 81, 82, 83, 84, 85, 86, 87, 88, 89, 90, 91, 92, 93, 94, 95]"
6942,Quần què là có thật,[]
6943,Em còn chưa giận đây :v,[]
6944,Ở VN thì biết bọn nó bắn về phía nào rồi đó bác!,[]
6945,Việt Nam mình số dzách.. 😗😗,[]
6946,Mấy thằng cứ cực kì thuyết phục k chán à hay là k có não vậy !!!,"[5, 6, 7, 8, 9, 10, 64, 65, 66, 67]"
6947,Con nay tamthan nangkhung batron,"[0, 1, 2, 8, 9, 10, 11, 12, 13, 14, 20, 21, 22, 23, 24, 26, 27, 28, 29, 30, 31]"
6948,Á á dm.,"[4, 5]"
6949,"Đừng lấy lí do trời mưa nên ko stream đc nha anh già , anh trốn việc hơi lâu r đấy =)))) kệ con mẹ giải đi , mấy giải Thái Lan ai mà thèm , em chỉ thèm giải ao làng của anh thôi","[92, 93, 94, 95, 96, 97, 127, 128, 129, 130, 131, 132, 133, 134, 135, 136]"
6950,Trung như con CHÓ,"[10, 11, 12, 13, 14, 15, 16]"
6951,"Hiếu Đặng Úc nè b , bay qua đi",[]
6952,"Đm nó biểu tình rầm rầm đòi mỹ cút khỏi okinawa kìa :v Nhật bản chất đéo khác gì mỹ,mạnh 1 tí là đòi đem ánh sáng đại đông á soi rọi cho các dân tộc man di chả khác buồi gì mỹ ban phát dân chủ cả,có cái đánh nhau thua nên chịu nhục vài chục năm,bây giờ xe tăng,máy bay thế hệ 5,tàu sân bay núp bóng tàu chở trực thăng đóng ầm ầm kia,chờ mỹ cút là vinh quang nhật bổn lại chiếu rọi 5 châu ngay :v","[0, 1, 3, 4, 31, 32, 33, 69, 70, 71, 165, 166, 167, 168, 203, 204, 205, 206, 207, 208, 209, 210, 211, 227, 228, 229, 230, 340, 341, 342]"
6953,Đình Quang Trưởng thành vì có vô chục cái sừng mà mình không biết :)),[]
6954,Thái Dương Nguyễn là sao bạn,[]
6955,khi k con vb,[]
6956,Mấy thằng già làm bộ trưởng này nọ mà đầu óc thua cả 1 bác nông dân,"[4, 5, 6, 7, 8, 9, 10, 11, 12, 38, 39, 40, 41, 42, 43, 44, 45, 46, 47, 48, 49, 50, 51, 52, 53, 54, 55, 56, 57, 58, 59, 60, 61, 62, 63, 64, 65, 66]"
6957,Trần Thu Trengg nhìn rất chi là cuteeeee,[]
6958,Dung la y nghĩa dan giàu nuoc manh luon,[]
6959,"Kệ đi thớt , 1 lũ trẻ trâu","[15, 16, 17, 18, 19, 20, 21, 22, 23, 24, 25]"
6960,Ông Trần Dần nói đúng đấy! Tôi cũng đang nghĩ như ông là Trung Quốc sẽ trả giá rất đắt đối với Mỹ và đồng minh sau vụ đại nạn corona virus này.,[]
6961,nghĩ mà chán ...!!!,[]
6962,Ba gà,[]
6963,Chất khỏi nói,[]
6964,Phụng Mỹ e lai dưới lon e lại lên,"[11, 12, 13, 20, 21, 22, 26, 27, 28]"
6965,1 đống chiws ít gì,[]
6966,"Ủa thế bác dần của tui có nằm vùng bên đó k kk,🇻🇳♥️♥️♥️♥️",[]
6967,Bọn nhật nó biến thái lắm,"[0, 1, 2, 9, 10, 12, 13, 14, 15, 16, 17, 18, 19]"
6968,❤❤ 😞😞,[]
6969,Ca nha oi co 1 ba khung bi tam than .kieu no di cau an cuc di......,"[18, 19, 20, 21, 22, 42, 43, 55, 56, 57]"
6970,"Ai làm đc gì ngoài dùng võ mồm ca thán, thơ vịnh vè trào phúng, chửi đổng, AHBP, và xuất phát từ cái tâm vì nước vì dân thực sự? Ai làm gì đó đi chứ, đừng thủ dâm kiểu này mệt lắm :(( Với lại gần tết, ai cũng cố gắng tìm lương tháng 13 mà .. gắng cày thêm job cho tốt. Bên kia mới thưởng tốt","[24, 25, 26, 27, 28, 29, 64, 65, 66, 67, 75, 76, 77, 78, 155, 156, 157, 158, 159, 160, 161]"
6971,Lại Thế Cường rẻ tiền,"[14, 15, 16, 17, 18, 19, 20]"
6972,Đợi đợi cl :)),"[8, 9]"
6973,Top 1 thịnh hành là điều đương nhiên thôi 😊😊😊,[]
6974,Vũ Mai Ly ui thật á,[]
6975,Ngực nhỏ quá đi,"[0, 1, 2, 3, 4, 5, 6, 7, 8, 9, 10, 11, 12, 13, 14]"
6976,máy ảnh đúng rõ nét :v,[]
6977,Mới nêu được thực trang. Nêu được giải pháp thì đáng nể,[]
6978,"Cứ chửi bọn tư bổn, mà sao con cái, quan chức ko ở xứ thiên đường mà trốn ở lại xứ dẫy chết là sao.","[3, 4, 5, 6, 7, 8, 9, 10, 11, 12, 13, 14, 15, 16, 17, 46, 47, 48, 49, 50, 51, 52, 53, 54, 55, 56, 57, 58, 59, 60, 61, 62, 63, 64, 65, 66, 67, 68, 69, 70, 71, 72, 73, 74, 75, 76, 77, 78, 79, 80, 81, 82, 83, 84, 85, 86, 87, 88, 89, 90]"
6979,Vũ Văn Hiệp học trò như đách lồn :)),"[24, 25, 26, 27, 28, 29, 30, 31]"
6980,Valerie Nguyen tính ra tụi mình có hơi bị nhìu hình kiểu này nè 🙂 Ngọc Thúyy,[]
6981,Đã chụp màng hình ... Tiếp theo là báo công an,[]
6982,Dang Khoa Nguyen đã bảo nói nhỏ thôi k nghe.ông thấy mấy đứa tự nhục vào sủa chưa,"[53, 54, 55, 56, 57, 58, 59, 60, 61, 62, 63, 64, 65, 66, 67, 68, 74, 75, 76]"
6983,Có ai là quan chức mad ko lạm quyền đâu,"[3, 4, 5, 6, 7, 8, 9, 10, 11, 12, 13, 14, 15, 16, 17, 18, 19, 20, 21, 22, 23, 24, 25, 26, 27, 28, 29, 30, 31, 32, 33, 34]"
6984,duo với levi khác hẳn so với tiểu levi :)),[]
6985,Thằng Trung có con *** to lắm,"[19, 20, 21]"
6986,Tìm mọc râu mới thấy cmt anh,[]
6987,"Mày chửi LQ xong bị thằng âm binh 11 nó lừa cho hơn trăm triệu, nhục mặt, gậy mày đập vào mặt mày ,đáng đời, chửi người ta làm sao mày gánh hết.","[0, 1, 2, 3, 4, 5, 6, 7, 20, 21, 22, 23, 24, 25, 26, 27, 28, 29, 30, 31, 32, 40, 41, 42, 64, 65, 66, 67, 68, 69, 70, 71, 74, 75, 76, 77, 78, 79, 80, 81, 82, 83, 84, 85, 86, 87, 88, 89, 90, 91, 92, 93, 94, 95, 96, 99, 100, 101, 102, 103, 104, 105, 106, 109, 110, 111, 112, 113, 114, 115, 116, 117, 118, 119, 120, 121, 122, 123, 124, 125, 126, 127, 128, 129, 130, 131, 132, 133, 134, 135, 136, 137, 138, 139, 140, 141, 142]"
6988,Ko còn gì để nói ...!!!,[]
6989,"nhìn cái mỏ giống cái L quá, cho nên mở miệng ra là L kg hà.","[9, 10, 22, 52]"
6990,Na Tít Vân Hí pải cty kangaroo ko kkk,[]
6991,Lâu lâu xanh đc ván :))),[]
6992,"Sẽ có 1 ngày những người ủng hộ tự do, chống độc tài sẽ bị đám cầu thủ đỏ chửi bới, tục tằn ko khác gì đám bò đỏ chửi","[59, 60, 61, 62, 63, 64, 65, 66, 67, 68, 69, 70, 71, 72, 74, 75, 76, 77, 78, 79, 80, 81, 84, 85, 86, 87, 88, 89, 90, 103, 104, 105, 106, 107, 108, 109, 110, 111, 112, 113, 114, 115, 116]"
6993,Fb a tống hạo linh e,[]
6994,"Nãy vào tường nhà "" con "" này. Đọc vài bình luận trong đấy,rồi tự nhủ "" hoá ra khi qua tuổi trưởng thành thì con người suy nghĩ thật kinh tởm,dù là chung dòng máu"". Lòng người khó đoán thật,cái gì cũng có thể nói được. Đọc nhiều khéo bị tẩy não cũng nên. Ahihi !!","[18, 19, 20, 21, 22, 23, 24, 133, 134, 135, 136, 137, 138, 139, 140, 237, 238, 239, 240, 241, 242, 243]"
6995,Thích quảng cáo k :))),[]
6996,"Bói ra ma, quét nhà ra rác",[]
6997,Pé Nguyễn : mày bị não phẳng à. Tao chửi bọn nhai đi nhai lại. Chứ fan cứng đi chửi boss bao giờ ? Hay thì share. Thuyết phục con cặc nè,"[12, 13, 14, 19, 20, 21, 22, 23, 24, 25, 26, 27, 32, 33, 34, 36, 37, 38, 39, 41, 42, 43, 44, 45, 46, 47, 48, 49, 50, 51, 52, 53, 54, 55, 56, 57, 58, 59, 60, 79, 80, 81, 82, 130, 131, 132]"
6998,Người ta có j người ta có đừng có tức mà nói người ta,[]
6999,1 ty ma ko bang mieng vai chui lon con nguoi an noi biet la do vo học ko co dao dục  thu do se bi qua bao se chẹt tham  ...,"[31, 32, 33, 60, 61, 62, 63, 64, 65, 66, 67, 68, 69, 70, 71, 72, 73, 74, 75, 76, 77, 78, 79, 80, 81, 82, 83, 84, 87, 88, 89, 90, 91, 92, 93, 94, 95, 96, 97, 98, 99, 100, 101, 102, 103, 104, 105, 106, 107, 108, 109, 110, 111, 112, 113, 114, 115, 116, 117, 118, 119, 120]"
7000,Tẩy chai các sản phẩm của Tân Hiệp Phát..,[]
7001,Hôm nay bỏ liêm xỉ ra xin 1 like AVATAR ạ !!,[]
7002,"Thân Thị Bích Quyên cái này là những con người phá nc, bán ns","[47, 48, 49, 50, 51, 52, 53, 54, 55, 56, 57, 58, 59, 60]"
7003,Má nó mới chết mà nó tạo nghiệp ghê thiệt.,"[0, 1, 2, 3, 4, 10, 11, 12, 13, 18, 19, 25, 26, 27, 28, 29, 30]"
7004,Báo công an đi rồi quản lý thị trường hốt em luôn thể.,[]
7005,Đúng là bọn mắt híp lò xo thụt :))) bên việt nam t cái này ra cách đây 10 năm r và bọn t gọi là cái L :))),"[8, 9, 10, 11, 12, 13, 14, 15, 16, 17, 18, 19, 20, 21, 22, 23, 24, 25, 26, 27, 28, 29, 49, 87, 96, 97, 98, 99, 100]"
7006,Đt xịn chụp đẹp quá thầy,[]
7007,:))) ăn ở thôi abe,[]
7008,Bà chị tao để quên tiền ở quán bị giấu đi. Dm ra báo công an nó đòi cưa đôi vkl,"[43, 44, 61, 62, 68, 69, 70, 76, 77, 78]"
7009,Nhìn mặt là biết lòng dạ con mụ này thế nào rồi🤮,"[25, 26, 27, 28, 29, 30]"
7010,Đụ mẹ a be,"[0, 1, 2, 3, 4]"
7011,Giúp e làm đẹp với . E ko có điều kiện. Ko có khả năg nhưg thấy có người đẹp e rất thích,[]
7012,Nguyễn Trọng Hiệp cấy tội xl,"[26, 27]"
7013,"Không phải ai khuyết tật cũng bán vé số hay ăn xin , vẫn có thằng khuyết tật đầu ngoẹo sang một bên vẫn được làm quan thái thú cai trị một dân tộc đó !","[60, 61, 62, 63, 64, 65, 66, 67, 68, 69, 70, 71, 72, 73, 74, 75, 76, 77, 78, 79, 80, 81, 82, 83, 84, 85, 86, 87, 88, 89, 90, 91, 92, 93, 94, 95, 96, 97, 98, 99, 100, 101, 102, 103, 104, 105, 106, 107, 108, 109, 110, 111, 112, 113, 114, 115, 116, 117, 118, 119, 120, 121, 122, 123, 124, 125, 126, 127, 128, 129, 130, 131, 132, 133, 134, 135, 136, 137, 138, 139, 140, 141, 142, 143, 144, 145]"
7014,Chấm hỏi,[]
7015,"chửi cái qq gì, ko làm đúng quy trình thì bị loại đúng rồi","[0, 1, 2, 3, 9, 10]"
7016,2013 :)))))),[]
7017,Nhìn con này thấy gê quá,"[5, 6, 7, 18, 19]"
7018,"mấy lần trước ko ý kiến, lần này chửi thẳng luôn: AD NGU","[33, 34, 35, 36, 38, 39, 40, 41, 42, 53, 54, 55]"
7019,Rồi sao mày làm đc củ c gì ... hay viết đọc cho hay?,"[8, 9, 10, 19, 20, 21, 22]"
7020,"Đi qua Ý cách ly đi anh à, đúng chuẩn Châu Âu 🤣",[]
7021,Chuyển sang showbiz r,[]
7022,"Đinh Nhật Uy cho ra lò ""chuyện vui cuối tuần "" vui thật !! vì chỉ xin đi phụ bếp mà đòi phải biết 29 thứ tiếng thì gắt quá! Chỉ có bác hù mới đủ thông minh để đáp ứng sự đòi hỏi này vì nghe nói bác củng biết 29 thứ tiếng,phải công nhận bác sáng suốt qu","[131, 132, 133, 134, 135, 136]"
7023,Nhị Thắng vãi cả đc lên fan cứng. 🤣🤣🤣,"[10, 11, 12]"
7024,Thôi a ơi Nhím khóc đấy,[]
7025,Thảo Vi căng bạn ơi 😭😭😭,[]
7026,"ĐM. DN nào cũng đóng thuế cả nghìn tỉ. Thế có nghĩa là DN nào cũng đc phép làm ăn bố láo à? Mà tiền thuế đó ở đâu? Cướp ra chắc. Do người tiêu dùng, làm ăn sai thì tìm cách đẩy người tiêu dùng vào tù. :v","[0, 1, 75, 76, 77, 78, 79, 80, 81, 82, 83, 84, 85, 86, 87, 115, 116, 117, 118, 173, 174, 175, 176, 177, 178, 179, 180, 181, 182, 183, 184, 185, 186, 187, 188, 189, 190, 191, 192, 193, 194, 195, 196, 197, 198]"
7027,"Chơi với thằng nào cũng được,trừ thằng tàu cộng ra,ok","[9, 10, 11, 12, 13, 33, 34, 35, 36, 37, 39, 40, 41, 42, 43, 44, 45, 46]"
7028,Ai dè 0155 rồi nên tính làm 0175,[]
7029,Hay quá chị ơi,[]
7030,Hải Linh Đồng Ánh Thùy Nguyễn Ngọc Đồng Thị Ngọc đỡ 1 khoản,[]
7031,"Ây za, cẩn thận ko lại bóc 7 quyển!",[]
7032,Cũng muốn mặc đồ hàng hiệu của dân chơi Cao Bằng :<< ahihi,[]
7033,Tôi đã thấy chó cs trên đất dân.,"[12, 13, 14]"
7034,Con điên con hâm con chập cheng,"[0, 1, 2, 3, 4, 5, 6, 7, 8, 9, 10, 11, 12, 13, 14, 15, 16, 17, 18, 19, 20, 21, 22, 23, 24, 25, 26, 27, 28, 29, 30]"
7035,Nghiệp nha Tiết cưng,[]
7036,trả fan cứng lại cho iem =((((,[]
7037,6 tuổi xinh quá các bác ạ ♥️♥️,[]
7038,Về lập kênh mới à ?,[]
7039,Ngô Duy Tân bạn là người làm trong cty st à,[]
7040,Chị xinh quá em tức quá chị,[]
7041,Mấy thằng k chịu tìm hiểu đọc được cái tít cắt xén của thằng ad rồi vào sủa :) bây giờ cmay thích đánh TQ nhưng thằng nào dám ra mặt trận hay chỉ ngồi nhà gõ phím cho sướng tay ? Ai cũng ghét TQ nhưng cắt đứt với nó nước mình được lợi gì? Ở thế trung lập không theo nước nào mà cũng không quay lưng với nước nào há chẳng phải là kế sách đối ngoại khôn ngoan?,"[4, 5, 6, 7, 8, 55, 56, 57, 58, 59, 72, 73, 74, 87, 88, 89, 90, 98, 99, 100, 101, 112, 113, 114, 115, 116, 122, 123, 124, 125, 126, 127, 128, 129, 130, 131, 132, 133, 134, 135, 136, 155, 156, 157, 158, 159, 160, 161, 187, 188, 189, 190, 213, 214]"
7042,Chị ba vàng Ngọc là má mày mà chưởi gi chị ba về Việt Nam! Em có bảy miếng đất em cho chi một miếng mà con đĩ hiếu ngu,"[20, 21, 23, 24, 25, 30, 31, 32, 33, 34, 103, 104, 105, 107, 108, 115, 116, 117]"
7043,Chua soi hay sao mà con chui túc  tiêu qua  tay chay luon di  moi xl do  vua xong  la chui nua  dung la ngua quen dương cu,"[24, 25, 26, 27, 66, 67, 86, 87, 88, 89, 104, 105, 106, 107, 108, 109, 110, 111, 112, 113, 114, 115, 116, 117, 118, 119, 120, 121]"
7044,"Đmm chúng nó cứ giết người kiều này, có ngày người nhà người ta đánh bomm chết cha lũ bác sỹ như mày.!!!","[0, 1, 2, 10, 11, 16, 17, 18, 19, 64, 65, 66, 67, 68, 69, 70, 71, 72, 73, 74, 75, 76, 77, 78, 79, 80, 81, 83, 84, 85, 86, 87, 88, 89, 90, 91, 92, 93, 94, 95, 96, 97, 98, 99]"
7045,Đặng Tiến Hoàng sếpp,[]
7046,Anh cho hỏi tối nay bắn đúng ko ..... Mấy h vậy mấy bác,[]
7047,có mặc quần ko a,[]
7048,Tôi gồng này :)),[]
7049,Thanh Trà Trương ?,[]
7050,Chị ba tiền chị như miếng giấy chùi lol em ne mặt chị xấu hơn lol em nữa ne chị ba chị sủa nhiều vậy em ko cần đồng tiền vơ bẩn của chị,"[42, 43, 44, 71, 72, 73, 99, 100, 101, 102, 127, 128, 129, 130, 131, 132, 133, 134, 135, 136, 137, 138, 139, 140, 141, 142, 143, 144, 145]"
7051,Trần Dần bị đồng tính thôi,[]
7052,Mầy lên mạng xã hội mà mầy vỗ lồn con nầy quá trời sao ko ai dám làm gì nó hết dậy trời tức muốn ói máu,"[0, 1, 2, 23, 24, 25, 30, 31, 32, 34, 35, 36, 97, 98, 99, 100, 101, 102]"
7053,ra biển team up xem có mở rộng nuôi tôm ngoài đó được k đó mà,[]
7054,Đài Loan chửi láo quá thì an tâm nhé ko ai đánh đập đâu mà mấy nghìn quả trứng vào nhà luôn. Các bạn nào gần nhà linh cá lóc cho mấy nghìn quả trứng vô nhà nó cho nó biết thế nào là lễ độ.,"[9, 10, 11, 12, 13, 14, 15, 16, 43, 44, 45, 46, 47, 48, 49, 50, 156, 157, 163, 164]"
7055,Nguyễn kim chuẩn bị được buff cực mạnh rồi Nam Nguyen,[]
7056,Lương 7-8 triệu được ăn mì tôm Thái đã là cả 1 giấc mơ :'(,[]
7057,"@AK47 AK47 ổng ko đồng ý thì kệ mẹ ổng,thích thì lấy hình ra chế giễu kêu ổng về kiện đi","[29, 30, 31, 32, 33, 61, 62, 63, 64, 65, 66, 67, 68]"
7058,Hahahahahahahaha,[]
7059,Bà điên đi lang thang,"[3, 4, 5, 6]"
7060,Nó đéo phải như trong phim mà còn phải đợi xem xét tình cảm như thế nào đây là ngoài đời nhá đợi đợi ccc,"[0, 1, 3, 4, 5, 101, 102, 103]"
7061,Đình Quang thô nhưnh thật quá bác ạ =))),[]
7062,Nhìn bê tha vl,"[12, 13]"
7063,Cảm giác ông cố nội tiệp lúc này :))) trong đó thiếu quần xì của Ngọc Trinh hửi nên buồn phải rồi 🤣,"[9, 10, 11, 12, 13, 14, 15, 16, 17, 18, 53, 54, 55, 56, 57, 58, 59]"
7064,Đụ mẹ chị Witch của tao =)))),"[0, 1, 2, 3, 4, 20, 21, 22]"
7065,":)) làm loạn không phải cách hay, giờ giả sử phá hết đó nó bắt đền bù ngược lại thì dân mình ko những còn ko đc đền bù mà còn chịu thiệt, hơn nữa mình tưởng những người công giáo sẽ ôn hòa chứ tức nước vỡ bờ thì cũng một ruột với lũ công an '' lỡ vuốt má '' à. cứ như buổi đầu của phong trào công nhân họ nghĩ họ chịu cực khổ vì do máy móc nên họ đập phá máy móc vậy","[56, 57, 230, 231]"
7066,Cô đáng yyyyyêu quá,[]
7067,TPHCM nhé. Sài Gòn không như vậy.,[]
7068,Còn ban sáng họp giao ban của CỤC CỨC,"[30, 31, 32, 33, 34, 35, 36]"
7069,"<(\"")",[]
7070,"Nghe đâu mỗi năm mất gần hơn 900 tỷ để duy trì cái xác ấy sống mãi trong sự nghiệp cướp bóc của chúng nó. Kinh , xác cha già chúng nó mà chúng nó cũng ko tha, xơi luôn.Bao nhiêu năm rồi nhỉ?!","[51, 52, 53, 83, 84, 85, 86, 87, 88, 89, 90, 96, 97, 98, 99, 100, 101, 102, 103, 113, 114, 115, 125, 126, 127, 128, 129, 130, 131, 132, 137, 138, 139, 140, 141, 142, 143, 144, 159, 160, 161]"
7071,Mixi mixi mixigaming - đitconme vô lý,"[23, 24, 25, 26, 27, 28, 29, 30]"
7072,Được anh,[]
7073,Bạn trẻ ở trên là acc của ad hả :)) nó chửi ad chứ có chửi m đâu kệ mẹ chúg nó đi,"[36, 37, 59, 68, 69, 71, 72, 73, 74, 75, 76, 77]"
7074,Điz mé thanh niên,"[0, 1, 2, 3, 4, 5]"
7075,Trung đa cấp,[]
7076,@Hoàng Phúc Lê bik đâu bạn chưa gặp nên chưa bik,[]
7077,Huy Mikochi in ở đâu v ta. Ib cho ai bh,[]
7078,nghe bảo kp bị gay,[]
7079,tiền này coi cái mặt hồ còn gớm hơn... và phải có tiếng Tàu vào mới chịu được,[]
7080,MH nay đẹp hú hồn luôn hà,[]
7081,Con đỉ chó xl này nó ở vn nó chết me lien,"[0, 1, 2, 3, 4, 5, 6, 7, 8, 9, 10, 11, 12, 18, 19, 26, 27, 29, 30, 31, 32, 33, 34, 35]"
7082,Trưởng thành vl,"[13, 14]"
7083,Bui Hoang My Trang điiii,[]
7084,nghe hok có zui,[]
7085,Kiệt Phạm abe giữ vd ko che rồi,[]
7086,Bán kênh đi thầy,[]
7087,Anh ba tư duy cao y như bò cube😂,"[7, 8, 9, 10, 11, 12, 13, 14, 15, 16, 17, 18, 19, 20, 21, 22, 23, 24, 25, 26, 27, 28, 29, 30]"
7088,Nguyễn Trang nói thật mị 🤣,[]
7089,Nguyễn Văn Chung ai thế,[]
7090,Jaha,[]
7091,Đầy ng cmt sao a k hỏi 😆,[]
7092,Nhà Linh cá lóc ở Hậu Giang sao Chị đi Sài Gòn làm gì ở trên,[]
7093,Coi chừng nha Abe đừng gáy như yásuo nhiều quá nha,[]
7094,Tao thấy nhiễm covid này toàn bọn nhiều tiền và thích đi du lịch đấy..,"[0, 1, 2, 30, 31, 32]"
7095,Trường Quang Thái,[]
7096,Má bữa giờ tao tưởng ông ba là ng cha mẫu mực,"[0, 1, 11, 12, 13]"
7097,Về bản làm 1 bộ như tộc trưởng em ưi Thụy Hân,[]
7098,Cho liếm hậu m*n cái abe :)),"[4, 5, 6, 7, 8, 9, 10, 11, 12, 13, 14, 15]"
7099,Captain lấy bỉm của cáo mấy đứa ạ!!,[]
7100,"Thái Lan hèn thật, người ta là đội ngũ tiên phong của giai cấp công nhân, là đảng của dân do dân và vì dân mà chơi cấm người ta, sao không đem ra ..... bắn mịa nó hết cho nhanh","[9, 10, 11, 115, 116, 117, 152, 153, 154, 155, 156, 157, 158, 159, 160, 161]"
7101,chuẩn nhá,[]
7102,Đập đá ít thôi thầy,"[0, 1, 2, 3, 4, 5]"
7103,Nhỏ thì muốn lớn thật nhanh,[]
7104,Minh Khang Cùng câu hỏi với bác,[]
7105,cúng cô hồn cho tụi nó đi r xây tiếp,"[5, 6, 7, 8, 9, 10, 20, 21]"
7106,Chừng nào cái bọn súc sinh này mới tha cho dân VN đây,"[14, 15, 16, 17, 18, 19, 20, 21, 22, 23, 24, 25]"
7107,Kiều bào ở usa thật may mắn khi có được ông trần cọp để giải trí!!!,[]
7108,Đm người ta ở tù mà bản mặt thằng phía sau cười như trẩy hội vại á,"[0, 1, 16, 17, 18, 34, 35, 36, 37, 38, 39]"
7109,ông làm bố tôi hơi lâu rồi đấy' Tùng sói said,[]
7110,Gặp du học sinh Ma Cao Bằng tắt nắng hết,[]
7111,Nói như shjt làm nô lệ cho bọn nào cungz khổ cả ... Tự thân vận động,"[8, 9, 10, 11, 17, 18, 19, 20, 21, 27, 28, 29]"
7112,Con nay ban do nhu vay ma cung  co nguoi mua nua ha toi,"[0, 1, 2]"
7113,kho than ta sinh ra nham dat nuoc nay` =)),"[12, 13, 14, 15, 16, 17, 18, 19, 20, 21, 22, 23, 24, 25, 26, 27, 28, 29, 30, 31, 32]"
7114,13:20 chời qươi nhắc chi zậy ông nội Tuân này,[]
7115,"từ từ đừng cmt nhanh quá, từ từ nghệ sĩ nỗi noi vào 1 2 câu rồi cái tụi mầy lại dơ cái tánh chó ra tung hô à, lũ đa nhan cách :))))))","[68, 69, 70, 71, 72, 73, 74, 80, 81, 82, 83, 84, 85, 86, 87, 88, 89, 90, 91, 92, 93, 94, 110, 111, 112, 113, 114, 115, 116, 117, 118, 119, 120, 121, 122, 123, 124]"
7116,Trường hợp này có cho tao cũng đéo húp Levi said,"[31, 32, 33, 34, 35, 36, 37]"
7117,ngủ đi thầy ơi,[]
7118,Du ma tu thg cho giu xe den thg suc vat chuyen hanh ly,"[0, 1, 2, 3, 4, 9, 10, 11, 12, 13, 14, 15, 28, 29, 30, 31, 32, 33, 34, 35, 36, 37, 38]"
7119,Lấy búa liềm TQ để treo nữa chứ :),"[4, 5, 6, 7, 8, 9, 10, 11, 12, 13, 14]"
7120,Ad ngày càng thể hiện bản chất xàm loz tốt hơn trước :))),"[31, 32, 33, 34, 35, 36, 37]"
7121,Tình đồng chí thật kiên trung!Sách lịch sử dạy giặc tra tấn dã man thế nào cũng không mở mồm có #,"[47, 48, 49, 50, 51, 52, 53, 54, 55, 56, 57, 58, 59, 60, 61, 62, 63, 64, 65, 66, 67, 68, 69, 70, 71, 72, 73, 74, 75, 76, 77, 78, 79, 80, 81, 82, 83, 84, 85, 86, 87, 88, 89, 90, 91, 92, 93, 94, 95, 96]"
7122,: D,[]
7123,"1 quốc gia không có đường để ĐI, SỐ BOT thật chóng mặt",[]
7124,Ý thức của chị Nhung còn ít hơn cả nhân bánh mì của t :)),"[0, 1, 2, 3, 4, 5, 6, 7, 8, 9, 10, 11, 12, 13, 14, 15, 16, 17, 18, 19, 20, 21, 22, 23, 24, 25, 26, 27, 28, 29, 30, 31, 32, 33, 34, 35, 36, 37, 38, 39, 40, 41, 42, 43, 44, 45, 46, 47, 48, 49, 50, 51, 52]"
7125,Cln lồn này xàm lồn,"[0, 1, 2, 4, 5, 6, 12, 13, 14, 15, 16, 17, 18]"
7126,Có bác Đam là yên tâm quá.,[]
7127,Đậu rồi má hay đậu má rồi các bạn nhỏ ??? :))),"[0, 1, 2, 3, 4, 5, 6, 7, 8, 9, 15, 16, 17, 18, 19, 20]"
7128,Ai muốn video ib mình gửi nha 😊,[]
7129,Huyền thoại mẹ rồi thầy ơi,[]
7130,Cđ châu md quá tr r🤣🤣,"[0, 1, 8, 9]"
7131,Ncc,"[0, 1, 2]"
7132,má dầu thơm giả sức cho ghẻ người,"[0, 1, 24, 25, 26]"
7133,"Tran Dan, ong co binh thuong khong vay ong?, ong nen di gap bac si de tri binh hoang tuong nhe ong, chuc ong khoe va bot di su hoang tuong.","[10, 11, 12, 13, 14, 15, 16, 17, 18, 19, 20, 21, 22, 23, 24, 25, 26, 27, 28, 29, 30, 31, 32, 33, 34, 35, 36, 37, 38, 39, 40, 41, 42, 79, 80, 81, 82, 83, 84, 85, 86, 87, 88, 89, 127, 128, 129, 130, 131, 132, 133, 134, 135, 136, 137]"
7134,Việt Hưng,[]
7135,May quá tóc mình đỡ đỡ :((,[]
7136,Ông nội nào cũng ở không lắm khi không gọi điện cho bà Linh hỏi người ta đ* không Bởi vậy người ta chửi đâu có quan,"[0, 1, 2, 3, 4, 5, 6, 73, 74, 99, 100, 101, 102]"
7137,Ủa nó đẹp chỗ nào vậy,[]
7138,"Đúng là mạng của bọn nó là vàng còn với dân đen như cỏ rác, mong rằng trong đám thối nát sẽ xuất hiện 1vị bao thanh thiên tái sinh.","[8, 9, 10, 11, 12, 13, 14, 15, 16, 17, 18, 19, 20, 21, 22, 23, 24, 25, 26, 27, 28, 29, 30, 31, 32, 33, 34, 35, 36, 37, 38, 39, 40, 41, 42, 43, 44, 45, 46, 47, 48, 49, 50, 51, 52, 53, 54, 55, 56, 57, 76, 77, 78, 79, 80, 81, 82, 83, 84, 85, 86, 87]"
7139,Con nầy tới số chửi đến lũ Bắc kỳ,"[0, 1, 2, 3, 4, 5, 6, 8, 9, 10, 11, 12, 13, 15, 16, 17, 18, 24, 25, 27, 28, 29, 30, 31, 32]"
7140,mưa gió tối đến chỉ muốn xem stream,[]
7141,Co hình ảnh mấy bà nầy mà nhiều ng lấy làm kênh YouTube quá há,[]
7142,cho xin facebook của đệ nhất danh hài,[]
7143,sao em chưa được fan cứng nhỉ =((,[]
7144,Thế mày ăn rồi ỉa k đc cũng tại cs á,"[4, 5, 6, 15, 16]"
7145,Trường Giang nói mới tỉnh ra bạn à. Chứ đâu ai ác như chị Nhung bạn nói chết bh mới là mấy người xung quanh kìa haha.,"[72, 73, 74, 75]"
7146,Hay kkk,[]
7147,"đúng là cái dân Bắc Kỳ, tội này là do Đảng cả - ad cho hay :3","[12, 13, 14, 15, 16, 17, 18, 19, 20, 21]"
7148,Có gì đâu rần rần 🙂,[]
7149,thế thì sói lấy gì uống sữa ạ???,[]
7150,Dep nhu con gai vay á,[]
7151,Lmht2020xthayba nha ae,[]
7152,Dong di troi danh khanh dam xe dung be dau . No banh xac . Do thu khau nghiep,"[8, 9, 10, 11, 12, 13, 14, 15, 16, 24, 25, 26, 27, 28, 29, 36, 37, 38, 39, 40, 41, 45, 46, 47, 48, 49, 50, 51, 52, 53, 54, 55, 62, 63, 64, 65, 66, 67, 68, 69, 70, 71, 72, 73, 74, 75, 76]"
7153,trong ảnh nhìn đẹp trai mà sao trong clip nhìn hãm loll vậy a,"[47, 48, 49, 50, 51, 52, 53, 54]"
7154,em lập xong cho thầy r thầy ơi,[]
7155,B52 thích láy máy bay bà già =)),[]
7156,ngu thì,"[0, 1, 2]"
7157,"Đào Q.Anh Q.Anh Đào câu kia là ông Độ nói, người lớn th cha m","[53, 54, 55, 56, 57, 58, 59, 60]"
7158,Mi Rose đâu cũng gặp thiệt luôn,[]
7159,hơi tiếc k có ny xem cùng :(,[]
7160,chuẩn giáo án cặc to,"[14, 15, 16]"
7161,năm nay chương trình tấu hài táo quân dẹp tiệm ! nói về diễn hài chỉ đáng xách dép quan chức việt !,"[38, 39, 40, 56, 57, 58, 59, 60, 61, 62, 63, 64, 65, 66, 67, 68, 69, 70, 71, 72, 73, 74, 75, 76, 77, 78, 79, 80, 81, 82, 83, 84, 85, 86, 87, 88, 89, 90, 91, 92, 93, 94, 95, 96]"
7162,Chỉ sợ khi a thành công r thì ng phụ nữ bên cạnh a kh phải là e thôi🙈🙈,[]
7163,Và từ đó ko ai thấy anh độ nữa,[]
7164,Vui quá cô ơii,[]
7165,Lệ xồn...=]],"[0, 1, 2, 3, 4, 5]"
7166,Ba nay nge noi bu cu chau ba ne,"[15, 16, 17, 18, 19]"
7167,Hầy cx khá gần chỗ mình 🙄,[]
7168,"bố nó làm to, mẹ nó làm bự","[3, 4, 17, 18]"
7169,Có link cho xem với mấy bạn,[]
7170,đâu?,[]
7171,Địt cụ chúng nó muốn người dân chở về thời đồ đá mất rồi? Như thế này đỡ phải sử dụng phương tiện? Địt mẹ thằng nào nghĩ ra cái luật lồn này,"[0, 1, 2, 3, 4, 5, 7, 8, 9, 10, 11, 12, 13, 14, 99, 100, 101, 102, 103, 104, 106, 107, 108, 109, 110, 133, 134, 135]"
7172,"Giàu thì nói cứt cũng thành cơm,nói gì chả đúng","[13, 14, 15, 16, 17, 18, 19, 20, 21, 22, 23, 24, 25, 26, 27, 28, 29, 30]"
7173,Noi chuyen tao lai nguoi ta hoi ong mot duong ong tra loi mot neo tao Lao,"[66, 67, 68, 69, 70, 71, 72]"
7174,Hoàng Thu Hà thế là ảnh sẽ vui lắm nha kkk,[]
7175,Gánh gánh cái l má tui bây à. Cái gì củng dân.,"[14, 15, 16, 17, 18, 19, 20, 21, 22, 23, 24, 25]"
7176,Bà này thèm chích thiệt,"[0, 1, 12, 13, 14, 15, 16]"
7177,Hiếu Lư cmm,"[8, 9, 10]"
7178,"Page thối nát ..:)) cứ ông ổng như lợn rống..có giỏi về đây mà cách mạng,tao theo..:))","[5, 6, 7, 8, 9, 10, 11, 12, 23, 24, 25, 26, 27, 28, 29, 30, 31, 32, 33, 34, 35, 36, 37, 38, 39, 40, 41, 42, 73, 74, 75]"
7179,Nghe pepsi nhưng lại rất coca :))),[]
7180,Bác mạnh khỏe nhé bác,[]
7181,cutee thật sự ❤️,[]
7182,Hát như cái đb v,"[12, 13]"
7183,Lần đầu tiên nhìn thấy ông đã cảm thấy rất cảm tình mong ông mãi khỏe mạnh ❤,[]
7184,GỌI TRẦN DẦN LÀ CON TINH TRÙNG KHUYẾT TẬT.,"[16, 17, 18, 19, 20, 21, 22, 23, 24, 25, 26, 27, 28, 29, 30, 31, 32, 33, 34, 35, 36, 37, 38, 39, 40]"
7185,Chỉ cần kí 1 cái là đc cả trăm tỉ mà éo phải đi tù thì tội j ko làm - một a bụng bự cho biết,"[8, 9, 10, 11, 12, 13, 14, 15, 16, 17, 18, 19, 20, 21, 22, 23, 24, 25, 26, 27, 28, 29, 30, 31, 32, 33, 34, 35, 36, 37, 38, 39, 40, 41, 42, 43, 44, 45, 46, 47, 48, 49, 74, 75, 76, 77, 78, 79, 80, 81, 82]"
7186,Sam lon la nhieu,"[0, 1, 2, 3, 4, 5, 6]"
7187,Cố lên Việt Nam ❤️,[]
7188,Huynh Tin Đúng drama,[]
7189,8:50,[]
7190,Giờ là tới lúc bọn chúng trả thù người biểu tình,"[15, 16, 17, 18, 19, 20, 21, 22, 23, 24, 25, 26, 27, 28, 29, 30, 31]"
7191,Ai xin inb tôi đi,[]
7192,Bảo dan tri thap thì tự ái :),[]
7193,#VTV1 tẩy chai con đỉ Trần Mu,"[6, 7, 8, 9, 10, 11, 12, 13, 15, 16, 17, 18, 19, 20]"
7194,Phan Thị Mỹ Dung like đê dm,"[25, 26]"
7195,Danh hài vẫn mãi mãi là danh hài thôi thầy ạ.,[]
7196,Con bóng này vào làm gì me bóng,"[0, 1, 2, 3, 4, 5, 6, 7, 29, 30, 31, 32, 33]"
7197,Cha oi khau nghiep coi chung cai mieng cam bay gio,[]
7198,Uầy,[]
7199,thương cô thiệt,[]
7200,Giờ xem tinh ngủ luôn,[]
7201,Ai cho lũ chống Tổ Quốc về nước? Bọn mày mơ...,"[7, 8, 10, 11, 12, 13, 14, 15, 16, 17, 18, 19, 20, 21, 22, 33, 34, 35, 36, 37, 38, 39]"
7202,Nhiều người nỗ lực từ lúc đầu thai nên sinh ra đã ở vạch đích 😂😂😂,[]
7203,Vậy nên bầu thằng chó ad này làm đê. Nó giỏi lắm,"[14, 15, 16, 17, 18, 19, 20, 21, 22, 23, 24, 43, 44, 45]"
7204,Bài nào cũng cmt nhưng vẫn đ đc fan cứng 🤦‍♀️,[27]
7205,Thắm thối lồn viết văn dài quá. Cần địt gì để ý cái bọn ko biết gì . :)))),"[5, 6, 7, 8, 9, 10, 11, 12, 36, 37, 38, 48, 49, 50, 51, 52, 53, 54]"
7206,"Còn mùng còn Tết, hết mùng qua mền ;)",[]
7207,triệu hồi phúc nghẹo..trọng lú,"[10, 11, 12, 13, 14, 15, 16, 17, 18, 19, 22, 23, 24, 25, 26, 27, 28, 29]"
7208,Ông này bị không bình thường hả mọi ngừi 🤧,"[11, 12, 13, 14, 15, 16, 17, 18, 19, 20, 21, 22, 23, 24, 25, 26, 27]"
7209,ông già hay xaolon phết Tùng sói said :)),"[12, 13, 14, 15, 16, 17]"
7210,Tôi nói chung chung thế chứ nói riêng mỗi vụ ở Võ Văn Kiệt này hả mấy ông :),[]
7211,Chị đẹp lắm,[]
7212,Nguyễn Phương Linh sống thật đéo gì,"[29, 30, 31]"
7213,Mà sợ r anh à,[]
7214,Ko ai cấm ổng : mà xąo múôn chết ông cư' đi tự do kể cả nơi djch bệch già lẩm cẩm ko hiểu nguươì ta nói gì bíên,"[19, 20, 21, 28, 29, 30, 31, 74, 75, 76, 77, 78, 79, 80, 107, 108, 109, 110]"
7215,:)))) alo có thằng ngu Mr Gripex ở đây không :v,"[13, 14, 15, 16, 17, 19, 20, 21]"
7216,"Xương máu của đồng chí mà chúng nó còn trục lợi, thì mạng sống dân đen có là gì.","[26, 27, 28, 29, 30, 31, 32, 33, 39, 40, 41, 42, 43, 44, 45, 46]"
7217,Chào chi .em thích chi nói chuyên quá,[]
7218,Nghĩ đến lúc anh k còn stream nữa thì buồn nhỉ:(),[]
7219,Hôm qua em ngủ mơ thầy lập kênh mới 🙂,[]
7220,"Trúc Ngân đứng view nha, lượt like còn nhiều hơn lượt xem. 25p đã đc 1tr rồi",[]
7221,assmin đi chơi gái bị tống à :)),"[0, 1, 2, 3, 4, 5, 10, 11, 12, 13, 14, 15, 16, 17]"
7222,Hư cấu,[]
7223,Chi có đôi bàn tay rât đep,[]
7224,buồn nôn quá nè anh ơi :)),"[5, 6, 7]"
7225,Từ bé đến lớn con chưa bao giờ được chạm vào cái này. Cầu trời 🙏 con chỉ cần được chạm vào nó thôi.,[]
7226,Ý thức như l dị đó,"[0, 1, 2, 3, 4, 5, 6, 7, 8, 9, 10, 11]"
7227,Việt Nam là 4 còn Thái Lan là 0,[]
7228,"đéo làm được con cặc gì ngồi múa phím suy diễn đm tụi bây , làm được cái gì như người ta rồi hãy nói loại ghen ăn tức ở","[0, 1, 2, 13, 14, 15, 16, 17, 18, 19, 29, 30, 31, 32, 33, 34, 35, 36, 47, 48, 50, 51, 52, 53, 54, 55, 56, 101, 102, 103, 104, 105, 106, 107, 108, 109, 110, 111, 112, 113, 114, 115, 116, 117, 118]"
7229,Bố yêu dz lắm tym tym❤️,[]
7230,thề chứ ăn mặc như đái tật thế =))),"[19, 20, 21, 22, 23, 24, 25]"
7231,Cực kì thuyết phục thầy ơi,[]
7232,Cho đi học múa bale luôn,[]
7233,Ở cùng một diễn biến 😆😆,[]
7234,vừa khóc vừa cười :V,[]
7235,Hùng Công Trương Huy Nguyễn Xuân Dong Nguyen mấy xếp coi tình hình cho ae nghĩ để phòng dịch 😄😄😄,[]
7236,Quá là phí thời gian,[]
7237,9 năm  nữa  Trần  Dân  đã  chết  mất  rồi,"[30, 31, 32, 33, 34, 35, 36, 37, 38, 39, 40]"
7238,Đức Tài em đang ở tâm dịch đây anh 😒,[]
7239,Đậu xanh rau má thằng DLV nào vào đỡ dùm cái chủ đề này cái :v ? Giải thích sao định hướng XHCN mà lỗ nhiều vậy ?,"[0, 1, 2, 3, 4, 5, 6, 7, 8, 9, 10, 11, 12, 13, 14, 16, 17, 18, 19, 20, 99, 100]"
7240,Con xài sim mobi,[]
7241,Co dep qua co oi,[]
7242,Nghe như bị hiếp dâm vậy đó :)),"[12, 13, 14, 15, 16, 17, 18, 19]"
7243,Tim hieu tai lieu khoa hoc di roi noi,[]
7244,Sau mà hổn hào quá sau mày lại phân biệt chủng tộc .mày quá đáng rồi linh oi,"[7, 8, 9, 10, 11, 12, 13, 23, 24, 25, 31, 32, 33, 34, 35, 36, 37, 38, 39, 40, 41, 42, 43, 44, 45, 46, 47, 48, 49, 52, 53, 54]"
7245,Ok thầy ơi =))),[]
7246,Chị Ba làm đéo gì có lol đâu để mà xài giẻ rách hahaha,"[11, 12, 13, 21, 22, 23, 39, 40, 41, 42, 43, 44, 45, 46]"
7247,"Hoan nghênh ông Trần Dần có tư tưởng tiến bộ, không chống cộng sản Việt Nam nữa. Chỉ có quên đi quá khứ để yêu thương . Ai cũng về già lo tu thân sám hối là điều lựa chọn tốt nhất. Chúc ông Trần Dần sống lâu 130 tuổi và luôn khỏe mạnh đẹp lão.",[]
7248,Nát từ trên xuống. Hỏi ai ra cái quyết định không được trinh sát đó?,"[0, 1, 2]"
7249,Sạo lol hổng có gì vui nên chúng ta đừng nên sạo lol 😂,"[0, 1, 2, 3, 4, 5, 6, 45, 46, 47, 48, 49, 50, 51]"
7250,Hải Đăng t gọi tường gió oánh bỏ mịa bây giờ :((,"[9, 25, 26, 27, 28, 33, 34, 35]"
7251,Mỗi tháng đc có 600 bạc tiền lương mà ngu như chó. Đây gọi là con chó và ng đi săn.,"[38, 39, 40, 41, 42, 43, 44, 45, 46, 47, 48, 66, 67, 68]"
7252,Nieu mấy bà này sống thật thì phải có đạo đức! mấy bà này ko có đạo đức nói chuyện nghề ko có lót lỗ tai cái đồ quốc gia chế độ cũ bị lật đổ,"[105, 106, 107, 108, 109, 110, 111, 112, 113, 114, 115, 116, 117, 118, 119, 120, 121, 122, 123, 124, 125, 126, 127, 128, 129, 130, 131, 132, 133, 134, 135, 136, 137, 138, 139]"
7253,Đã tiếp xúc với bao nhiêu người r,[]
7254,Chị ba ơi chị thiệt là đẹp gái. Mà chị có hai cái hòn dái.,"[35, 36, 37, 38, 39, 40, 41, 42, 43, 44, 45, 46, 47, 48, 49, 50, 51, 52, 53, 54, 55, 56]"
7255,Nhờ thằng Mỹ mà Tàu Khựa đã chiếm bải cạn năm 2012. Cảm ơn thằng chó ad đã chỉ điểm nhé,"[5, 6, 7, 8, 9, 10, 20, 21, 22, 23, 24, 25, 26, 27, 28, 29, 35, 36, 37, 38, 39, 40, 70, 71, 72, 73, 74, 75, 76, 77, 78, 79, 80, 89, 90, 91, 92, 93, 94, 95, 96, 97, 98]"
7256,Định hợp tác sản xuất âm nhạc hay gì v Thầy 😂,[]
7257,Ha ha!🤣,[]
7258,cũng hay đóng học phí lắm :)),[]
7259,Ủa rồi ai muốn yêu mình cả đời dị ! Chồng tương lai ơi anh lên tiếng đi :)))),[]
7260,Bảo vệ thì ăn chia rồi. Còn lãnh đạo trường thì đang cố giấu!,"[11, 12, 13, 14, 15, 16, 17, 28, 29, 30, 31, 32, 33, 34, 35, 36, 37, 38, 39, 40, 41, 42, 43, 44, 45, 46, 47, 48, 49, 50, 51, 52, 53, 54, 55, 56, 57, 58, 59]"
7261,Luôn tin tưởng bác và nhà nước,[]
7262,Ngứa dái quá thầy,"[5, 6, 7]"
7263,Xã hội... À mà thôi.,[]
7264,Chen ơi em ko biết luôn. Người chuyển giới,[]
7265,Tin tức như cc,"[12, 13]"
7266,Chào mừng bạn đến việt nam. Xhcn do dân vì dân,[]
7267,Hỏi thui mừ :( =))),[]
7268,Rất là ... 😑,[]
7269,David Tùng,[]
7270,Cô ba cọ lông lồn chứ mình cạo bàn thời nhà nó luôn,"[6, 7, 14, 15, 16, 31, 32, 33, 34, 35, 36, 37, 38, 44, 45]"
7271,Bèo khùng,"[0, 1, 2, 3, 4, 5, 6, 7, 8]"
7272,dân bà rịa khi biết tin :))),[]
7273,"đúng thế, lòng tin của bác rất chắc chắn, ngay cả học sinh cấp 3 vẫn còn đi học được thì sợ j con virus :))",[]
7274,Kinh doanh mà suốt ngày than lỗ.kinh doanh để ăn lol ak.dkm,"[49, 50, 51, 56, 57, 58]"
7275,Hoàng Đình Sơn mấy bửa nữa hai ae ta đi biết chổ k,[]
7276,Con bóng sa đéc,"[0, 1, 2, 3, 4, 5, 6, 7]"
7277,E nghĩa chao chi ba vang ngoc,[]
7278,Châu Minh Đặng tâm thần có hệ thống,"[15, 16, 17, 18, 19, 20, 21, 22]"
7279,Clm =)),"[0, 1, 2]"
7280,mặc dù có RTX 2080 và RX580 rồi nhưng thôi nếu a cho thì e nhận .,[]
7281,"Mày đang quay phim nó, nó liền ""trưng dụng thiết bị kỹ thuật"" của mày. Nó sẽ xoá hết những cảnh quay mà nó vòi tiền hay làm luật với mày từ nãy giờ. Hiểu chưa thằng ngu","[0, 1, 2, 19, 20, 23, 24, 32, 33, 34, 35, 36, 37, 38, 39, 40, 41, 66, 67, 68, 71, 72, 104, 105, 133, 134, 135, 159, 160, 161, 162, 163, 164, 165, 166, 167]"
7282,"Dume. Đầu óc đ gì cứ như gói trà túi lọc ấy, tinh tuý thì thoát hết ra ngoài, cặn bã thì ở lại","[0, 1, 2, 3, 6, 7, 8, 9, 10, 11, 12, 13, 14, 15, 16, 17, 18, 19, 20, 21, 22, 23, 24, 25, 26, 27, 28, 29, 30, 31, 32, 33, 34, 35, 36, 37, 38, 39, 78, 79, 80, 81, 82, 83]"
7283,Vu Nguyen,[]
7284,Thầy Giáo Ba ngu như Ba Rọi Béo :)))),"[13, 14, 15, 28, 29, 30]"
7285,:)) dm thối nát,"[4, 5, 7, 8, 9, 10, 11, 12, 13, 14]"
7286,vn thi deo no no cho trung Quốc bon dien,"[7, 8, 9, 32, 33, 34, 35, 36, 37, 38, 39]"
7287,Để đây và ko nói gì,[]
7288,Hải Yến con thần kinh lạy m. Chả muốn xem cũng kệ cả họ nhà m nói để thiên hạ nó điss cho vô mồm,"[8, 9, 10, 11, 12, 13, 14, 15, 16, 17, 18, 19, 20, 22, 23, 24, 53, 54, 55, 56, 57, 58, 59, 60, 78, 79, 81, 82, 83, 84, 93, 94, 95]"
7289,Tránh ra để t bắn chết mẹ nó......,"[14, 15, 16, 17, 18, 19, 20, 21, 22, 23, 24, 25, 26, 27]"
7290,Hào Nguyễn xin vid brooo,[]
7291,Nguyễn Thu Hường xin nghỉ về đi. Cuối tuần còn ngày truyền thống,[]
7292,Dạng háng bắt Sele buscu chứ gì thầy 😍,"[0, 1, 2, 3, 4, 5, 6, 7, 8, 9, 10, 11, 12, 13, 14, 15, 16, 17, 18, 19, 20, 21, 22, 23]"
7293,không a ưi,[]
7294,Chẳng thấy nó đẹp ở chỗ nào cả 😤,"[11, 12]"
7295,😊😊,[]
7296,Lau qua moi gap dep qua,[]
7297,Cụ này vừa bị lẫn vừa bị hoang tưởng rồi....,"[14, 15, 16, 25, 26, 27, 28, 29, 30, 31, 32, 33, 34, 35]"
7298,Chắc bệnh này mấy người có tiền sẽ bị nhiều nhỉ ...ng nghèo lo trồng lúa nuôi bò tiền đâu mà bay để rồi mắc bệnh,"[14, 15, 16, 17, 18, 19, 20, 21, 22, 23, 24, 25, 26, 27, 28, 29, 30, 31, 32, 33, 34, 35, 36, 37, 38, 39, 40, 41, 42]"
7299,",..",[]
7300,Anh Minh chậm cdmm,"[14, 15, 16, 17]"
7301,"Kệ mẹ lồi báo, bé này dễ thương.","[0, 1, 2, 3, 4, 5, 6, 7, 8]"
7302,Cái nào không bao che cho nhau được là lôi bệnh tâm thần ra làm lá Che chắn để chối tội vậy là tưởng như căn bệnh hiểm nghèo đối với dân đen nhưng là một cái phao để cứu cho những tên cs.,"[14, 15, 16, 17, 18, 19, 20, 21, 22, 23, 24, 25, 26, 27, 28, 29, 39, 40, 41, 42, 43, 44, 45, 46, 47, 48, 49, 50, 51, 52, 53, 54, 55, 56, 57, 58, 59, 60, 61, 62, 63, 64, 65, 66, 67, 68, 69, 70, 71, 72, 73, 74, 75, 76, 77, 78, 79, 80, 81, 82, 83, 84, 85, 86, 133, 134, 135, 136, 137, 138, 139, 154, 155, 156, 157, 158, 159, 160, 161, 162, 163, 164, 165, 166, 167, 168, 169, 170, 171, 172, 173, 174, 175, 176, 177, 178, 179, 180, 181, 182, 183, 184, 185]"
7303,Ngọc Đặng Lắt léo sao lại vào sở trường của bọn mình mới đau chứ hiuhiu,[]
7304,"Báo chí vn như cái củ căc vậy,tụi nó có con có cháu có ba có mẹ,mà ăn ở k có đức,v thôi cho con ở nhà mẹ di,cho di học làm mẹ gì,an nói xạo xược,ăn k nói có mà cũng bày đặt đẻ con,giáo dục con,cho con di học đm t khinh cái xã hội vn,khinh cái đám báo chí","[19, 20, 21, 22, 23, 24, 30, 31, 32, 33, 34, 35, 67, 68, 69, 70, 71, 72, 73, 74, 75, 76, 77, 78, 79, 102, 103, 123, 124, 136, 137, 138, 139, 140, 141, 142, 143, 145, 146, 147, 148, 149, 150, 151, 152, 153, 154, 155, 156, 157, 158, 159, 160, 161, 162, 163, 164, 165, 166, 167, 168, 169, 170, 171, 172, 173, 174, 175, 176, 177, 178, 179, 180, 181, 182, 183, 184, 185, 186, 187, 188, 189, 190, 191, 192, 193, 194, 195, 196, 197, 198, 199, 200, 201, 202, 203, 204, 205, 206, 208, 209, 211, 213, 214, 215, 216, 217, 233, 234, 235, 236, 237, 243, 244, 245]"
7305,Có đéo đâu chỉ khoe của người khác thì làm cái lồn què gì,"[3, 4, 5, 47, 48, 49, 50, 51, 52, 53]"
7306,"Thực ra: ba que là bọn ăn trên ngồi chốc. Chỉ mị dân cai trị để tham nhủng làm đất nước tụt hậu.. chúng là thầy của bọn bò đỏ.. mà bò mãi O nhận ra vì nhồi sọ umê, chửi càng, bò ơi nghỉ lại đi, chứ đừng để bị làm nội tạng cho giặc tàu..!","[9, 10, 11, 12, 13, 14, 23, 24, 25, 26, 27, 28, 29, 30, 31, 32, 33, 34, 35, 36, 37, 38, 39, 64, 65, 66, 67, 68, 69, 70, 71, 72, 73, 107, 108, 109, 110, 111, 112, 113, 114, 115, 116, 117, 118, 119, 120, 121, 122, 123, 124, 131, 132, 133, 134, 135, 136, 137, 138, 139, 140, 141, 142, 143, 144, 145, 146, 147, 148, 149, 150, 151, 152, 153, 154, 155, 156, 157, 158, 159, 160, 161, 164, 165, 166, 167, 168, 169, 170, 171, 172, 175, 176, 177, 178, 179, 180, 181, 182, 183, 184, 185, 186, 187, 188, 189, 190, 191, 192, 193, 194, 195, 196, 197, 198, 199, 200, 201, 202, 203, 204, 205, 206, 207, 208, 209, 210, 211, 212, 213, 214, 215, 216, 217, 218, 219, 220, 221, 222, 223, 224, 225, 226, 227, 228, 229, 230, 231, 232, 233]"
7307,Dự tuyển ở đâu vậy,[]
7308,mặc cái quần giống thằng biến thái,"[19, 20, 21, 22, 23, 24, 25, 26, 27, 28, 29, 30, 31, 32, 33]"
7309,Ông  Trần  Dần  nói  Chung  Chung  . Ko cụ  thể  !!!?,[]
7310,Nguyễn Thuận ca sĩ ra bài fan ý kiến chứ clg căng,"[41, 42, 43]"
7311,Ông đấy đang ở Hà Nội ý =)),[]
7312,Dk vay,[]
7313,Phan Phan Huy bay về núi ở ẩn thôi cháu ak 🤧🤧🤧,[]
7314,Em sẽ đến đơm cái lỗ nhị thầy đêm giáng sinh🙃,"[10, 11, 12, 18, 19, 20, 21, 22, 23]"
7315,Quá đáng vl anh ơi ngồi nấu mì ăn xem review thịt trâu:((,"[9, 10]"
7316,Bị môi a khóa ngay😂,[]
7317,ko đc mô anh ơi,[]
7318,chưa bở phiếu mà đã cơ cấu 4 chức vụ chủ chốt rồi thì bỏ phiếu làm gì nhỉ??,"[0, 1, 2, 3, 4, 5, 6, 7, 8, 9, 10, 11, 12, 13, 14, 15, 16, 17, 18, 19, 20, 21, 22, 23, 24, 25, 26, 27, 28, 29, 30, 31, 32, 33, 34, 35, 36, 37, 38, 39, 40, 41, 42, 43, 44, 45, 46, 47, 48]"
7319,Nên kết nạp lảo ta vào Đcs vn để làm chủ tịch nước hay thủ tướng để lèo lái vn trở nên hùng mạnh như nam Hàn để không còn ai trốn qua đó làm công hay ở đợ nữa !,[]
7320,"bao phòng chưa anh, chứ em thấy giá đó hơi chua",[]
7321,"cơ mà cũng phải nể mấy ông cầm cờ thật, dù rất dở hơi nhưng cũng phải nể vì đã tạo nên hình ảnh gây mâu thuẫn tới cấp độ quốc gia (khủng bố chống khủng bố, rốt cục đéo biết đâu là khủng bố thực sự)","[47, 48, 49, 50, 51, 52, 96, 97, 98, 99, 100, 101, 102, 103, 104, 105, 106, 107, 108, 164, 165, 166]"
7322,chị ăn gì xạo lồn chó vậy chị 3. đụ mẹ chị 3 chó hoang,"[10, 11, 12, 13, 14, 15, 16, 17, 18, 19, 20, 33, 34, 35, 36, 37, 45, 46, 47, 48, 49, 50, 51, 52, 53]"
7323,Con bé này nên xuống địa ngục quá tởm,"[15, 16, 17, 18, 19, 20, 21, 22, 23, 24, 25, 26, 27, 28, 34, 35, 36]"
7324,"Nam Đặng đời nó là thế ,lồn mẹ dell thấy có cái lồn gì là vui cả","[24, 25, 26, 27, 28, 29, 31, 32, 33, 34, 48, 49, 50]"
7325,Noooooooooo,[]
7326,",ai ho ông khùng trần dần len nói xàm lúc nầy vậy?","[11, 12, 13, 14, 15, 34, 35, 36]"
7327,Hoàn Thành anh muốn về đâu cũng được hết 🤤,[]
7328,Sang VN thành cái l cat khong...🙈🙈🙈,[18]
7329,"co ai biet cach nao mo nhan xet e chui con Trang Tran hok ta.con gai dan ba gi mo mieng ra la đit mè suot,ua no cung đong tinh nu ha moi nguoi","[34, 35, 36, 37, 39, 40, 41, 69, 70, 71, 72, 73, 74, 94, 95, 96, 97, 98, 99, 109, 110]"
7330,20-10 vui vẻ con bóng sadec:)),[]
7331,"Đã tham mà còn đi với ngu thì ngồi tù là đúng rồi, cứ cho là thằng khốn kia nó ma ranh đi nhưng mà nếu thằng này biết khôn mà đề phòng thì là cái mẹ gì tới mức ở tù??? Tham thì thâm thôi","[3, 4, 5, 6, 22, 23, 24, 35, 36, 61, 62, 63, 64, 65, 66, 67, 68, 69, 70, 76, 77, 79, 80, 81, 82, 83, 84, 85, 103, 104, 105, 106, 107, 146, 147, 162, 163, 168, 169, 170, 171, 172, 173, 174, 175, 176, 177, 178, 179, 180]"
7332,Nghĩ có lộn ruột không 🤣🤣🤣,[]
7333,Người ta ra biết bao công sức tiền bạc. Mà giờ nghe nói như vậy như thay lời cảm ơn.Vãi lol thiệt 😏,"[84, 85, 86, 87, 88, 89, 90]"
7334,Sao t gửi đc bây,[]
7335,1 tỷ như cái vải chùi lol 😏😏😏,"[17, 18, 19, 20, 21, 22, 23, 24]"
7336,Bọn chó chỉ biết ăn thôi,"[0, 1, 2, 3, 4, 5, 6, 7, 8, 9, 10, 11, 12, 13, 14, 15, 16, 17, 18, 19, 20, 21, 22]"
7337,Thôi bớt ngựa ông... đừng đi tùm lum để khéo mắc bệnh rồi cách li... là dân việt nam mừng lắm rồi,"[9, 10, 11, 12]"
7338,Anh hai ổn không dợ 😭,[]
7339,Dân có phải toàn đầu bó đâu . Mà đcm lấy cái lý do THUỶ TRIỀU ĐỎ ra loè nhau,"[17, 18, 19, 20, 21, 22, 33, 34, 35, 68, 69, 70]"
7340,Tội cái quần khi không bị què. Mé nó cay.,"[31, 32, 33, 34, 35]"
7341,siêu to khổng lồ :)),[]
7342,Ko biết có ý gì luôn,[]
7343,Dương =)) Làm gì kệ mẹ bạn,"[20, 21]"
7344,Chế độ hiện thời chỉ còn tồn tại nhờ vào dối trá và mị dân.,"[41, 42, 43, 44, 45, 46, 47, 48, 49, 50, 51, 52, 53, 54, 55, 56, 57]"
7345,Dừng suy nghĩ và đứng dậy hành động 😬,[]
7346,Nhưng mà khi tỏ tình xong rồi bất bại vừa mất ng mình thương vừa mất luôn bạn 🙂,[]
7347,Được anh ui,[]
7348,tuân thủ đúg luật,[]
7349,Phải công nhận a độ nhà mình lời thoại nhiều thật sự,[]
7350,Tóc đẹp vai lon :)),"[8, 9, 10, 11, 12, 13, 14]"
7351,Khi K còn cs. ĐMCS,"[14, 15, 16, 17]"
7352,"Trần Vỹ thật chất thì giọng k thích hợp với bài này , như mấy bài trc nghe còn có chút gọi là nhạc quê hương , giờ thì khác r",[]
7353,Cái đứa đăng bài này ngu v~ chưởng :)))) ( cả cái đứa share bài này nữa),"[4, 5, 6, 21, 22, 23, 24, 25, 26, 27, 28, 29, 30, 31, 32, 33, 50, 51, 52]"
7354,Khoảng cách lúc nào cũng là lí do nhỉ:)),[]
7355,Con ở cai lậy nè cô ơi,[]
7356,Cực kì thuyết phục :),[]
7357,Mù mắt gaming :v,[]
7358,"Nếu tính ra toàn bị ở ngoài nước không chứ không bị trong nước , nước mình vẫn phòng dịch tốt phết đó chứ đùa",[]
7359,"Mấy chú mấy bác trị tham nhũng mạnh tay tử hình hết dùm, rồi lấy tiền lo cho dân đâu ra đó thì đéo có thằng nào rảnh phản động đâu mấy chú mấy bác ạ.","[20, 21, 22, 23, 24, 25, 26, 27, 28, 29, 40, 41, 42, 43, 44, 45, 46, 95, 96, 97, 102, 103, 104, 105, 106, 117, 118, 119, 120, 121, 122, 123, 124, 125]"
7360,1 Điếu cho K-ATM Cao Lãnh=)),[]
7361,Ai là người bắc ở đài loan tìm tới nhà xử con này đánh cho cái mỏ nó sưng lên là nó hết chửi ah,"[39, 40, 42, 43, 44, 50, 51, 52, 53, 59, 60, 61, 62, 63, 64, 65, 66, 67, 68, 69, 70, 71, 72, 81, 82, 88, 89, 90, 91]"
7362,"Tàu cộng bản chất của nó là hèn và ảo tưởng sức mạnh, võ mồm, bay lượn y như trong mấy cái phim chưởng của nó thôi.","[0, 1, 2, 3, 4, 5, 6, 7, 22, 23, 28, 29, 30, 35, 36, 37, 38, 39, 40, 41, 42, 43, 44, 45, 46, 47, 48, 49, 50, 51, 54, 55, 56, 57, 58, 59, 107, 108]"
7363,"Nguyen Binh thằng kicm nó đánh đàn chẳng ra đánh, hát cũng ko dc, có ra gì đâu","[12, 13, 14, 15, 16, 66, 67, 68, 69, 70, 71, 72, 73, 74, 75, 76, 77]"
7364,Nguyễn Trương Bửu Tấn bạn nghĩ virus nó sống ở đâu nào :))).,[]
7365,"Lâm Nhi vn cũng tư bản thôi, mấy thằng lãnh đạo nhà giàu 3 họ nứt vách như tiểu bá tước chứ dân đen có đc gì đâu","[8, 9, 10, 11, 12, 13, 14, 15, 16, 17, 18, 19, 20, 21, 33, 34, 35, 36, 37, 38, 39, 40, 41, 42, 43, 44, 45, 46, 88, 89, 90, 91, 92, 93, 94, 95, 96, 97, 98, 99, 100, 101, 102, 103, 104, 105, 106, 107, 108, 109, 110, 111]"
7366,🤣🤣🤣🤣🤣,[]
7367,Anh Thu for u,[]
7368,Theo khía cạnh mình thì mình nhận xét bài này như lồn nhé không hay bằng mấy bài trước 😁,"[50, 51, 52]"
7369,Mà ở đó họ còn xây dựng trên sa mạc :(,[]
7370,dm việc gì rồi cũng đến tay tao - Sói said,"[0, 1, 28, 29, 30]"
7371,Bo này bố tốn mấy chục hộp sữa của sói đấy...🤣🤣,[]
7372,Một câu nói sạo lon nhưng hợp lý đến từ vị trí của Độ Phùng :)),[]
7373,Nói đạo lý thì phải nhắc đến anh huấn với a khá trước nhé,[]
7374,Ủa? Công an và côn đồ không phải là 1 hả?,"[15, 16, 17, 18, 19, 20]"
7375,Trần Sang bếp trưởng đấy à,[]
7376,Like 👍👍👍👍👍,[]
7377,đéo hiểu sao em mất mẹ fan cứng of có 1 buổi😂😂,"[0, 1, 2, 20, 21]"
7378,Vừa xem xong and ông Độ vẫn cứ là giải trí hhhahahah,[]
7379,Cô giàu có j kệ cô chứ nữa cô chết đéo người đội tan giàu cở nào cở alibaba chưa mà nói chuyện kinh người rồi 👎,"[30, 31, 32, 33, 35, 36, 37, 95, 96, 97, 98, 110]"
7380,Nếu ông Lân cười sợ Trần Dần không diễn hài nữa,[]
7381,"Ad óc cứt vkl. Ngu còn tỏ ra nguy hiểm, ra gặm xương đi ad.","[3, 4, 5, 6, 7, 8, 9, 10, 11, 12, 15, 16, 17, 29, 30, 31, 32, 33, 34, 35, 36, 37, 43, 44, 45, 46, 47, 48, 49, 50, 51]"
7382,Xao lon,"[0, 1, 2, 3, 4, 5, 6]"
7383,Học chôn chất thải độc hại gần nguồn nước cho dân dùng nữa nha,"[4, 5, 6, 7, 8, 9, 10, 11, 12, 13, 14, 15, 16, 17, 18, 19, 20, 21, 22, 23, 24, 25, 26, 27, 28, 29, 30, 31, 32, 33, 34, 35, 36, 37, 38, 39, 40]"
7384,Ko liên quan lắm 🤣🤣,[]
7385,Tầm này cấm nhập cảnh hết 😢😢😢,[]
7386,Bớt xạo loz nha,"[4, 5, 6, 7, 8, 9, 10]"
7387,Tèo Tèo tú joker ;))),[]
7388,nhìn giông cẩm ly mọi người nhỉ,[]
7389,Xong vụ này chắc a sẽ bị rất nhiều fan tẩy chay đây kkk,[]
7390,Trần Nhật Hoài ai bit,[]
7391,gdd t vs t làm đc gì cho xh thig lquan đéo gì tới m với cái ch đang nói? thành phần như m tốt nhất nhập tịch TQ đi. xấu mặt VN lắm,"[4, 9, 39, 40, 41, 50, 73, 74, 75, 76, 77, 78, 79, 80, 81, 82, 83, 84, 85, 86, 87, 88, 89, 90, 91, 92, 93, 94, 95, 96, 97, 98, 99, 100, 101, 102, 103, 104, 105, 106, 107, 108, 109, 110, 116, 117, 118]"
7392,sau vc ra,"[0, 1, 2, 3, 4, 5]"
7393,"Ta ước gì có một lão Hitler tái sinh trên đất nước này, làm sạch hết lũ cặn bã dơ bẩn","[17, 18, 19, 20, 21, 22, 23, 24, 25, 26, 69, 70, 71, 72, 73, 74, 75, 76, 77, 78, 79, 80, 81, 82, 83, 84]"
7394,Vũ Thanh Huyền khi bạn cmt nhưng lại quên lắp não :v,"[46, 47, 48]"
7395,"Tầm này mới nói thì còn đéo gì nữa, bọn nó bây giờ đã chết trên sông Hương hết rồi. Số còn lại may mắn sống sót thì đến chiều nay bị Đẳng thức và Tích phân đè chết. Đm idol","[24, 25, 26, 36, 37, 38, 39, 40, 41, 54, 55, 56, 57, 156, 157, 158, 159, 160, 161, 162, 165, 166]"
7396,mênh m0ng toàn là nu0c eyy,[]
7397,"Tết đương tới , nghĩa là tết đương qua",[]
7398,mình nghe nói corona lây qua đường sách vở mà trường mình vẫn học,[]
7399,Chắc do đi đái quên chưa kéo quần ngoài vội quá nên kệ mẹ thế đi ra 😞,"[11, 12, 13, 20, 21, 22, 23, 24, 25, 26, 27, 28, 29, 30, 31, 32, 33, 34, 35, 36, 37, 38, 52, 53, 54, 55, 56]"
7400,game dễ,[]
7401,"Dkm, chan Vkl","[0, 1, 2, 10, 11, 12]"
7402,Làm đéo gì có vụ thắng kiện phải trả án phí . Ngu người 😟,"[4, 5, 6, 46, 47, 48, 49, 50, 51, 52, 53, 54]"
7403,Em xin video với bác ơi.😂,[]
7404,đút vào mồm thầy,"[0, 1, 2, 3, 4, 5, 6, 7, 8, 9, 10]"
7405,"Ko cộng thì cho biết đề, đáp án trc. Đâu cũng vào đó thôi! ĐỜI...",[]
7406,Dị dùm,"[0, 1, 2]"
7407,9x5 vẫn bằng 35 :3,[]
7408,Cô thật là dễ thương,[]
7409,facebook mình bị lỗi hay sao ấy????,[]
7410,Tôi không tin chị này là con người đâu.,"[4, 5, 6, 7, 8, 9, 10, 11, 12, 13, 14, 15, 16, 17, 18, 19, 20, 21, 22, 23, 24, 25, 26, 27, 28, 29, 30, 31, 32, 33]"
7411,☻,[]
7412,Éo thích thì biến đi thọc con mắt chóng cái tai lên xem làm ghì,"[0, 1, 13, 14, 15, 16, 21, 22, 23, 24, 25, 26, 27, 28, 29, 30, 31, 32, 33, 34, 35, 36, 37, 38, 39, 40, 41, 42, 43, 44, 45, 46]"
7413,Lag cmnr,"[4, 5, 6, 7]"
7414,Phương Minn k nghe nổi thì out mắc cailon gì dislike🙂,"[35, 36, 37, 38, 39, 40]"
7415,Như 💩,[4]
7416,Đỗ Thanh Nhàn chuyên cơ riêng cũng không thoát. Sợ =))),[]
7417,28:03 cô đang tính nói thêm cái LKC cắt ngang nên mặt cô quạo haha,[]
7418,Huỳnh Tấn Phương nhảy xem hoài k chán ln,[]
7419,Cực kì thuyết phục 🥺🥺,[]
7420,1đảng là do dân vì cán bộ.....vcc,"[30, 31, 32]"
7421,"Clip của thằng mặt lồn vks long an yêu cầu ""giết quách"" Hồ Duy Hải vì giam giữ ""loại"" này ""rất cực ảnh hưởng đến tình hình an ninh chính trị""","[19, 20, 21, 44, 45, 46, 47, 48, 49, 50, 51, 52, 53, 80, 81, 82, 83]"
7422,Trần Vinh :) về nhà mà giúp mẹ giúp cha ở đây thuyết phục cái mả cha nhà mày,"[62, 63, 64, 65, 66, 67, 68, 69, 70, 71, 72, 73, 74, 75]"
7423,Kỳ này mỗi lãnh đạo chắc chắn có máy bay riêng tha hồ mà đi!,"[7, 8, 9, 10, 11, 12, 13, 14, 15, 16, 17, 18, 19, 20, 21, 22, 23, 24, 25, 26, 27, 28, 29, 30, 31, 32, 33, 34, 35, 36, 37, 38, 39, 40, 41, 42, 43, 44, 45]"
7424,Anh thi đấu bên đức về đấy các em ạ,[]
7425,ung thư giờ đó mà,"[0, 1, 2, 3, 4, 5, 6]"
7426,"Đề nghị add cắt ngay chức vụ fan cứng của mình, và trao cho người xứng đáng ! Mình chỉ xem chùa thôi bực mình =))",[]
7427,Sao giờ nhiều chương trình nhố nhăng thế khg biết,"[27, 28, 29, 30, 31, 32, 33, 34, 35]"
7428,Nghe mà giận tím người,[]
7429,"Thạch Sa Na ôi trời ạ , chú trùng họ với con",[]
7430,vài trăm nghìn luôn chứ,[]
7431,Bao giờ cho đến ngày xưa?chúng ta hãy biết ơn lịch sử suốt từ thời 3 lần đánh Nam hán trên sông Bạch đằng.đừng như bây giờ tên cũng không dám gọi.chúc Bác Lượng luôn an toàn!,"[106, 107, 108, 109, 110, 111, 112, 113, 114, 115, 116, 117, 118, 119, 120, 121, 122, 123, 124, 125, 126, 127, 128, 129, 130, 131, 132, 133, 134, 135, 136, 137, 138, 139, 140, 141, 142, 143, 144, 146, 147, 148, 149, 150, 151, 152, 153, 154, 155, 156, 157, 158, 159, 160, 161, 162, 163, 164, 165, 166, 167, 168, 169, 170, 171, 172]"
7432,HN Thu Nguyên nói câu mát hết cả lòng :)),[]
7433,Ngứa hết cả cặc,"[12, 13, 14]"
7434,Đéo phải đá vs MC chả cười?,"[0, 1, 2]"
7435,Lại mọc thêm 1 trang của viẹt tân ag. Đkm bọn chó đẻ,"[38, 39, 40, 41, 42, 43, 44, 45, 46, 47, 48, 49, 50, 51]"
7436,"Thật ra rất thích cái quần nhưng nay nó chật tiếc ko bỏ nên mặc tạo thành mẫu quần độc lạ , nhưng độc lạ đâu ko thấy chỉ thấy chỉ thấy lố","[135, 136]"
7437,"Lại ra thế giới Tấu Hài, hay lắm abe",[]
7438,"Dân trả nợ , chứ các lãnh đạo đâu trả ? Nên vay cho lún lun ?","[0, 1, 2, 3, 4, 5, 6, 7, 8, 9, 10, 11, 12, 13, 14, 15, 16, 17, 18, 19, 20, 21, 22, 23, 24, 25, 26, 27, 28, 29, 30, 31, 32, 33, 34, 35, 36]"
7439,Bui Hoang hay anh ơi,[]
7440,Các em nên nhớ:trượt tốt nghiệp hay k đỗ đh chưa hẳn là hết hi vọng.biết đâu sau này mấy đứa nó đỗ đh nó lại là lính của các em,[]
7441,Sống chậm lại đi,[]
7442,Trần Bình An đâu mình tưởng là bài nước ngoài trùng với tên của bài thần tượng mình nên mới nói vậy chứ thật ra mình nghe rồi nha😝,[]
7443,Các bạn có thấy các ông mấy bà mấy năm nay toàn đề ra những cái rất là vớ vẩn vô ích vô nghiã không... Éo thấy làm gì có lợi cho đất nước?,"[71, 72, 73, 74, 75, 76, 78, 79, 80, 81, 82, 83, 85, 86, 87, 88, 89, 90, 91, 92, 103, 104]"
7444,Cũng may là liên tục phát hiện được các trường hợp dương tính đều chung chuyến bay vs Nhung,[]
7445,Chuẩn anh,[]
7446,Mẹ đang bận đi ỉa lại gọi đi khét quất,"[0, 1, 15, 16]"
7447,"báo cáo bò đỏ bọn Thanh Niên và nhiều tờ báo uy tín khác của Đảng đang phản động , giật tít câu view ! truyền lệnh tấn công đi lũ bò !","[8, 9, 10, 11, 12, 14, 15, 16, 71, 72, 73, 74, 75, 76, 77, 78, 79, 127, 128, 129, 130, 131]"
7448,Đm chị tao bị mất gần 700tr. Có cmr ghi đc hình ăn trộm nhưng cũng botay :v,"[0, 1, 7, 8, 9, 48, 49, 50, 51, 52, 53, 54, 67, 68, 69, 70, 71]"
7449,đại gia,[]
7450,Bùi Đức HậuHậu nếu nó cười vào mặt bn thì chứng tỏ bn không phải là j của ngta thì vc Dell gì phải sợ chỉ là thích sai người thôi,"[19, 20, 86, 87, 88, 89]"
7451,Ăn nói như bộ phận sinh dục vậy bạn,"[0, 1, 2, 3, 4, 5, 6, 7, 8, 9, 10, 11, 12, 13, 14, 15, 16, 17, 18, 19, 20, 21, 22, 23, 24, 25, 26]"
7452,Ông tuân ổng cười đỏ mặt luôn,[]
7453,Võ Thành Nhân huyền thoại :((,[]
7454,Hãy nhớ: con người hơn con vật ở cái ý thức 🙂,[44]
7455,Cô 3 oi...con ham chiếc xe SH 150! lâu lắm rồi mà con không thể nào mua nó được nổi. Cô 3 giúp con 1 lần đi Cô 3,[]
7456,Dê Kiên lỗi đéo phải do m.mà là ngta do ngta đéo xứg.hiểu k ???,"[12, 13, 14, 24, 45, 46, 47]"
7457,Tiền Giang nè,[]
7458,Like 10 năm chất Liek bằng đầu bùi,"[27, 28, 29, 30, 31, 32, 33]"
7459,Lại phải nghỉ học:((,[]
7460,Ai nguoi bac  vao nghe no chui nay     Con nay gap no phai xe hang no ra sat muoi thoi.  Chu khg cho no len mang xin nua,"[23, 24, 26, 27, 28, 29, 39, 40, 41, 51, 52, 62, 63, 64, 65, 67, 68, 101, 102]"
7461,Bên mỹ thiếu bệnh viện thần kinh?,[]
7462,Cái quần in hệt cái ý thức,"[0, 1, 2, 3, 4, 5, 6, 7, 8, 9, 10, 11, 12, 13, 14, 15, 16, 17, 18, 19, 20, 21, 22, 23, 24, 25]"
7463,Ghép làm chó nha ae,"[9, 10, 11]"
7464,Haha thầy đang nằm mơ hả thầy,[]
7465,Tú chúc mừng anh ba,[]
7466,Toang rồi ông giáo ạ :)),[]
7467,Trụ lóng,[]
7468,"Thảo Lê lỡ mấy ng trong khoang thg gia ấy lây cho N17 thì sao, T21 chẳng hạn. Ai biết ai lây cho ai.",[]
7469,Sy Nguyen flycam,[]
7470,HN Thu Nguyên nhìu cái siêu z mà thíu cái siêu thoát thì phải 😂😂,"[14, 15, 16, 17, 18, 19, 20, 21, 22, 23, 24, 25, 26, 27, 28, 29, 30, 31, 32, 33, 34, 35, 36, 37, 38, 39, 40, 41, 42, 43, 44, 45, 46, 47, 48, 49, 50, 51]"
7471,Dì kim:trẤN THÀNH DẸP TRAI VỚI HA RI quon .,[]
7472,Có chiếc hơn 1 nửa,[]
7473,Mãi yêu cô ! Kkk,[]
7474,"Chửi vô tội vạ mà đéo biết báo từ đời nào rồi,và chỉ phạt các doanh nghiệp mua điện nhưng lại k sử dụng để tránh lãng phí thôi chứ dân dùng bằng nào thu bằng đấy,toàn những con bò","[0, 1, 2, 3, 4, 5, 6, 7, 8, 9, 10, 11, 12, 13, 14, 15, 16, 22, 23, 24, 25, 205, 206, 207, 208, 209, 210, 211]"
7475,Gái còn trinh mà cây đinh đứng xững,[]
7476,Cương Đặng con người chứ con chó đâu,"[25, 26, 27, 28, 29, 30, 31]"
7477,Sản phẩm vs tiểu tiểu ak abe,[]
7478,Cái phiếu phạt 20k này csgt đéo bao giờ nghi cái gì hết nha tao bị mấy tờ có cả 50k nữa chỉ là bọn nó tự nghi vào rồi làm màu thôi,"[28, 29, 30, 60, 61, 62, 95, 96, 97, 98, 99, 100, 118, 119, 120, 121, 122, 123, 124]"
7479,Ở 1 diễn biến khác 😂,[]
7480,dỗi thật sự..,[]
7481,Gặp máy chị Ninja thì né luôn. trước mình đang đi lúc tắc đường có mụ đi giữa đường rẻ phải vào mua hoa quả luôn k cần xi nhê gì. :3 tức mà đéo làm gì đc bác ak.,"[4, 5, 6, 7, 8, 9, 10, 11, 12, 13, 14, 15, 16, 67, 68, 140, 141, 142]"
7482,Cuối năm xem gặp nhau cuối năm rồi. Tình hình tham nhũng ở mức ổn định 😂😂😂😂😂😂,[]
7483,😞 tập gym nữa cơ mà,[]
7484,Loại  Viết chính tả còn không rành còn đòi bàn chính trị . Ngu dốt thất học.,"[0, 1, 2, 3, 4, 5, 6, 7, 8, 9, 10, 11, 12, 13, 14, 15, 16, 17, 18, 19, 20, 21, 22, 23, 24, 25, 26, 27, 28, 29, 30, 31, 32, 33, 34, 35, 36, 37, 38, 39, 40, 41, 42, 43, 44, 45, 46, 47, 48, 49, 50, 51, 52, 53, 54, 55, 59, 60, 61, 62, 63, 64, 65, 66, 67, 68, 69, 70, 71, 72, 73, 74]"
7485,Kute qua,[]
7486,Hai cái bánh mỳ tại sài gòn,[]
7487,"Nguyễn Hữu Minh mua đôi này hàng fake đủ mua bitis real cmnr , chất lượng ăn đứt con hàng dởm này","[28, 29, 30, 31, 32, 33, 34, 35, 36, 56, 57, 58, 59, 85, 86, 87, 88, 89, 90, 91, 92]"
7488,Nguyễn Thuận clone sủa cc gì em,"[13, 14, 15, 16, 17, 18, 19, 20, 21, 22, 23, 24]"
7489,dm linkkkkkkkkkkkk,"[0, 1]"
7490,Okela sơnbamtp,[]
7491,mn,[]
7492,Thương Thương 😂😂,[]
7493,Cô cho tiền góp...cần làm từ thiện lại thật nhiều nha cô...,[]
7494,bá dơ quá a be ơi 3,"[0, 1, 2, 3, 4]"
7495,Thầy về SKT rồi ạ,[]
7496,Ông nói clg nghe cũng thấy hay :)) đợi concard :)),"[8, 9, 10, 39, 40, 41, 42, 43, 44, 45]"
7497,"Noi nhu vay thi ban lanh ra ho tro thien tay giúp dan di.hay nhu co suc thiet phuc thi manh dan dung len kiu goi quyên gop di.neu k giúp dc thi im lang di.noi ra lam nhu gioi lam do.nhung that chat chi co cai mieng phat lac va doi tay,doi chan vo vung.song k bang con chùm.","[198, 199, 200, 201, 202, 203, 204, 205, 206, 207, 208, 209, 210, 211, 212, 213, 215, 216, 217, 218, 219, 220, 221, 222, 244, 245, 246, 247, 248, 249, 250, 257, 258, 259, 260, 261, 262, 263, 264, 265, 266, 267, 268, 269, 270, 271]"
7498,Ghê... Con bú trên bố bú dưới ::::)),"[0, 1, 2, 11, 12, 13, 14, 15, 16, 17, 22, 23, 24, 25, 26, 27, 28]"
7499,Dlv vào sủa đi nào các con,"[0, 1, 2, 8, 9, 10, 23, 24, 25]"
7500,Tú Nguyễn  nước hoa mà tính vài trăm ngàn thì lấy đâu ra loại tốt b.,[]
7501,Rớt nước mắt,[]
7502,thực ra bên nước ngoài nghỉ phép thì vẫn được nhận lương nhé ad,[]
7503,con mẹ mày chửi anh độ,"[0, 1, 2, 3, 4, 5, 6, 7, 8, 9, 11, 12, 13, 14]"
7504,anh tôi đó mn ạ,[]
7505,Hứa Lý Thảo Vy lo thì lo mà vẫn hông giảm cân ăn Tết nghe =)) vừa nằm ăn vừa lo,[]
7506,"DM...thằng assmin này phản lại cái động...bố nó thông minh,tài giỏi mới làm lãnh đạo...nó có gen di truyền thông minh,tài giỏi đó mới làm lãnh đạo như bố nó...không lẽ mày muốn thằng phụ bếp làm ""tủ lạnh"",thằng thiến heo làm TBT...v..v..DM có mà xuống hố cả nút đất nước này ah...DM...","[0, 1, 5, 6, 7, 8, 9, 11, 12, 13, 22, 23, 24, 25, 26, 27, 28, 29, 30, 31, 32, 33, 34, 35, 36, 37, 38, 45, 46, 87, 88, 154, 155, 168, 169, 170, 177, 178, 179, 180, 181, 182, 183, 184, 185, 186, 187, 188, 189, 190, 191, 192, 193, 194, 195, 196, 197, 198, 199, 200, 201, 202, 205, 206, 207, 208, 209, 210, 211, 212, 213, 214, 215, 216, 217, 218, 219, 220, 221, 222, 223, 224, 225, 226, 227, 237, 238, 246, 247, 248, 249, 250, 251, 252, 253, 254, 255, 256, 257, 258, 259, 260, 280, 281]"
7507,xạo bà nói câu đó có ngày bà nghèo cho biết,"[0, 1, 2, 7, 8, 9, 10, 11, 12, 13, 14, 15, 16, 17, 18, 19, 20, 21, 22, 23, 24, 25, 26, 27, 28, 29, 30, 31, 32, 33]"
7508,Tức diêng là idol vẫn còn ngon cơm. Tức diêng là mắt thấy tai nghe chứ ko phải nằm chiêm bao,[]
7509,Thằng ad culi của rận chủ vịt tần xuống dưới trả lời chất vấn kìa :)),"[0, 1, 2, 3, 4, 9, 10, 11, 12, 18, 19, 20, 21, 22, 23, 24, 25, 26, 27, 28, 29, 30, 31, 32]"
7510,Huỳnh Hữu Vinh cô áo đen kéo khẩu trang xuống luôn,[]
7511,Á nhà tiên tri ủng hộ nghị quyết 36 rồi nhé 🤣🤣🤣,[]
7512,Lát try hard đi abe sẵn kể tụi em nghe luôn dấu bé 3,[]
7513,Quật chết mẹ nó luôn đeee,"[0, 1, 2, 3, 4, 5, 6, 7, 8, 9, 10, 11, 12, 13, 14]"
7514,"Ok kính lão đắc thọ, với tuổi của bác còn khỏe mạnh minh mẫn như thế này thì phải nói là hạnh phúc.",[]
7515,Con đàn bà lèo lon,"[0, 1, 2, 3, 4, 5, 6, 7, 8, 9, 10, 11, 12, 13, 14, 15, 16, 17]"
7516,Quần như c*,"[9, 10]"
7517,"Nhảm thiệt. Ông Park là HLV, đây là nghề nghiệp của ông ấy, vậy nên ông ấy chỉ thực hiện công việc của mình thôi, mắc mớ gì vận động người ta nhập tịch. Đầu óc có bệnh à. Chưa kể bây giờ còn là kì trăng mật, tung hô ca ngợi, đến lúc ông không mang được thắng lợi tới lại đuổi thẳng cổ thôi, ở đó mà nhập tịch với chả giữ tịch.","[0, 1, 2, 3, 114, 115, 116, 117, 118, 119, 153, 154, 155, 156, 157, 158, 159, 160, 161, 162, 163, 164, 165, 166, 271, 272, 273, 274, 275, 276, 277, 278, 279, 280, 281, 282, 283, 313, 314, 315]"
7518,Dc lắm con gái về già cô cho con 5 cây vàng :v,[]
7519,Chắc trước đây may làm đi ha sao họ cứ gd đu may vậy,"[15, 16, 17, 23, 24, 42, 43, 44, 45, 46, 47]"
7520,Cô nói chuyện thật thà quá.. Thương cô quá trời luôn 😚😚,[]
7521,Cực kì thuyết phục! 🤧,[]
7522,nghiệp,[]
7523,Theo mình thì treo cổ lên chứ đừng nguyền rủa......,"[14, 15, 16, 17, 18, 19, 20, 35, 36, 37, 38, 39, 40, 41, 42, 43, 44]"
7524,Kể từ đó không ai thấy 2 con mãnh thú nữa :)),[]
7525,Nguyễn Hương Giang đúng thật bọn nước ngoài quá ngây thơ ko bt j hết,"[29, 30, 31, 48, 49, 50, 51, 52, 53, 54, 55, 56, 57, 58, 59, 60, 61, 62, 63]"
7526,"Tran Dan ,  nho ong tien doan khi nao Nancy P.   chet, toi rat vui khi nghe tin nay.",[]
7527,Nguyễn Đức Khải cực kỳ thuyết phục😆,[]
7528,TOKYO Drift,[]
7529,loài ấuhồ tuyên giáo thì bài và luận chỉ một giọng điệu bưng bô,"[0, 1, 2, 3, 4, 5, 6, 7, 8, 56, 57, 58, 59, 60, 61, 62]"
7530,uy tín chó gì bọn độc tài,"[7, 8, 9, 14, 15, 16, 17, 18, 19, 20, 21, 22, 23, 24]"
7531,Vinaphone,[]
7532,Cute thật sự 😍,[]
7533,"thấy thương những anh em hải ngoại , và thương luôn nhà ông trần dần , thấy tội quá",[]
7534,Con chúc cô vs ah châu có nhiều sức khỏe nha ❤❤❤,[]
7535,Trần Kim Ngân ủa cánh hoa chỗ nào v e :)))),[]
7536,Thoại Trần “ thâu” ông im mẹ nó ik” :))),"[26, 27, 28, 29, 30]"
7537,Đ m bọn phản động này,"[0, 1, 2, 4, 5, 6, 7, 8, 9, 10, 11, 12, 13, 14, 15, 16]"
7538,Quen lối sống hùa bầy đàng. Mỗi người Viet chúng ta trước khi làm việc gì hãy dùng cái đầu để suy nghĩ.,"[0, 1, 2, 3, 4, 5, 6, 7, 8, 9, 10, 11, 12, 13, 14, 15, 16, 17, 18, 19, 20, 21, 22, 23, 24, 25]"
7539,Chỗ tao làm nhiều đứa đái xong ta nói nước đái nó vương vãi ra thành bồn mà kiểu giống như là nó đái xong nó đứng vẩy vẩy từ con cu ra cho sạch con cu nó vậy đó. Còn bồn cầu dính nước đái vàng khè thì nó đéo quan tâm đâu đm mỗi lần tao vô tao thấy vậy là tao muốn tụi nó thành bê đê hết đi chuyển giới hết mẹ dùm tao để đi đái ngồi. Con người chứ có phải con chó đâu,"[4, 5, 6, 18, 19, 20, 22, 23, 24, 43, 44, 45, 47, 48, 94, 95, 97, 98, 99, 106, 107, 129, 130, 148, 149, 184, 185, 186, 201, 202, 204, 205, 206, 221, 222, 232, 233, 234, 239, 240, 241, 255, 256, 257, 264, 265, 266, 267, 268, 269, 277, 278, 279, 280, 281, 306, 307, 313, 314, 315, 323, 324, 325, 326, 327, 328, 329, 330, 333, 334, 335, 336, 337, 338, 339, 340, 341, 342, 343, 344, 345, 346, 347, 348, 349, 350, 351, 352, 353, 354, 355, 356, 357, 358, 359, 360, 361]"
7540,Mèo tôm có sức mạnh gây nghiện cho tùng sói,[]
7541,Ba dung toi bac ky la ba toi so rui nhe,"[12, 13, 14, 15, 16, 17, 25, 26, 27, 28, 29, 30]"
7542,Hy vọng e bình an :(,[]
7543,Chí quá thầy ơi,[]
7544,Ngơ cái buồi :v,"[8, 9, 10, 11]"
7545,Tự hào quá Việt cộng ơi. Xuất khẩu nổi nhục đi khắp thế giới.,"[11, 12, 13, 14, 15, 16, 17, 18, 19, 39, 40, 41, 42, 43]"
7546,Dạo này nước mỹ ko dc an toàn . Sao không thấy cây súng 🔫🔫🔫 của nhà tien tri vậy,[]
7547,"Trời đất.Dân dừng xe vô tình cán vạch hoặc đi cán làn mà chỉ dừng xe nhắc nhở không xử phạt ?,sao các anh khác xa mấy con ....(định bảo con chó nhung thấy xúc phạm con chó quá) ở Hải Phòng quá vậy ?,chúng nó tìm đủ mọi cách bày binh bố trận để dân hở","[94, 95, 96, 97, 98, 99, 100, 101, 102, 103, 104, 105, 106, 107, 108, 109, 110, 111, 112, 113, 114, 115, 116, 117, 118, 119, 120, 121, 122, 123, 124, 125, 126, 127, 128, 129, 130, 131, 132, 133, 134, 135, 136, 137, 138, 139, 140, 141, 142, 143, 144, 145, 146, 147, 148, 149, 150, 151, 152, 153, 154, 155, 156, 157, 158, 159, 160, 161, 162, 163, 164, 165, 166, 167, 168, 169, 170, 171, 172, 173, 174, 175, 199, 200, 201, 202, 203, 204, 205, 206]"
7548,Lũ bán nước đang ngồi lên mả bố mày ad chủi tiếp đi like,"[0, 1, 2, 3, 4, 5, 6, 7, 8, 9, 10, 29, 30, 31, 32, 33, 34, 39, 40, 41, 42]"
7549,Bên tàu+ chắc chắn cũng có giải cấp nhà nước này 🤣🤣🤣,"[4, 5, 6, 7]"
7550,"Sức nhịn cười , độ đểu của Vũ Hoàng Lân  cao thật  .",[]
7551,"Ngày trước người Nam kỳ chúng ta sống tử tế hơn, bây giờ có lũ ngợm tiểu quốc rau má và lũ ngợm thượng đẳng ngàn năm văn vật đi vào cướp của, cướp đất người Nam kỳ, người Nam kỳ chúng ta bị nhiễm văn hóa của ngàn năm văn vật của lũ ngợm lừa con hoang đ","[60, 61, 62, 63, 64, 65, 66, 68, 69, 70, 71, 72, 73, 74, 75, 76, 77, 78, 79, 80, 81, 82, 83, 88, 89, 90, 91, 92, 93, 94, 96, 97, 98, 99, 100, 101, 102, 103, 104, 105, 106, 108, 109, 110, 111, 112, 113, 114, 115, 116, 117, 118, 119, 120, 121, 122, 123, 132, 133, 134, 135, 142, 143, 144, 145, 208, 209, 210, 211, 212, 213, 214, 215, 216, 217, 218, 219, 220, 221, 222, 223, 229, 230, 231, 232, 233, 234, 235, 236, 237, 238, 239, 241, 242, 243, 244, 245, 246, 247, 248, 249, 251]"
7552,Chửi ý nghĩa đấy nhưng đéo xoay chuyển đc j>>>Khi nào dân đéo ngán nữa thì ắt có mùa xuân,"[23, 24, 25, 58, 59, 60]"
7553,Tinh trùng khuyết tật cã một bè lũ tham quan từ nhỏ tới bé từ thằn bố tới cháu chắc,"[0, 1, 2, 3, 4, 5, 6, 7, 8, 9, 10, 11, 12, 13, 14, 15, 16, 17, 18, 19, 20, 29, 30, 31, 32, 33, 34, 35, 36, 37, 38, 39, 40, 41, 42, 43, 62, 63, 64, 65]"
7554,Ân Phan xanhh :)),[]
7555,Theo tôi ghi sự thật vẫn là sự thật,[]
7556,Nghe có vẻ Hư Trúc nhưng lại Mộ Dung...:)),[]
7557,Ủa sao chửi nhau căng thế,[]
7558,Anh Minh đéo hiểu sao giờ còn làm mấy cái trò trẻ trâu này,"[9, 10, 11, 46, 47, 48, 49, 50, 51, 52, 53]"
7559,Lừa gạt minh hieu,[]
7560,"Bác nào like em thì qua xem face con sinh vật kì bí ở trên biết nhé, nó cũng quyên góp nhưng ko bằng nên ghen ăn tức ở thôi, thứ rác rưỡi, dù sao anh ấy cũng làm được khối điều các quan chức Việt Nam chưa làm được, có bác nào dám đến tâm vùng lũ sớm như anh ấy ko ?","[33, 34, 35, 36, 37, 38, 39, 40, 41, 42, 43, 44, 45, 46, 47, 48, 49, 50, 69, 70, 105, 106, 107, 108, 109, 110, 111, 112, 113, 114, 115, 116, 117, 125, 126, 127, 128, 129, 130, 131, 132, 133, 134, 135, 136]"
7561,Idol một thời.,[]
7562,Quẩy lên mọi người:),[]
7563,DLV thì cần đéo gì biết phải hay trái ?,"[0, 1, 2, 12, 13, 14]"
7564,"Ông này tốt đẹp gì, đi đêm qua lại giữa Mỹ và polpot, ông ta cứ xoay giữa hai trục Mỹ và polpot, gió chiều nào ông ta ngã chiều đó, ngư ông đắc lợi ...Cái chết của hàng triệu người cam trong ít năm ngắn ngủi polpot cầm quyền có tội rất lớn của ông ta.","[8, 9, 10, 11, 12, 13, 14, 15, 16, 17, 20, 21, 22, 23, 24, 25, 26, 27, 28, 29, 30, 31, 32, 33, 97, 98, 99, 100, 101, 102, 103, 104, 105, 106, 107, 108, 109, 110, 111, 112, 113, 114, 115, 116, 117, 118, 119, 120, 121, 122, 123, 124, 125, 126, 127, 128, 129, 132, 133, 134, 135, 136, 137, 138, 139, 140, 141, 142, 143, 144, 145, 146, 155, 156, 157, 158]"
7565,Hau Nguyen rảnh loz hả bà nội,"[16, 17, 18, 23, 24, 25, 26, 27, 28]"
7566,Chúc bác Dần có thật nhiều sức khoẻ ạ,[]
7567,Thuế má đóng đầy đủ! Làm đéo có chuyện t nợ 29t.,"[25, 26, 27, 39]"
7568,Ủa trước giờ toàn làm giả à ?,[]
7569,Page hay mà abe ơii :v,[]
7570,Không sao,[]
7571,Mặt đậm tố chất tộc trưởng,[]
7572,Lam giong bede ws,"[10, 11, 12, 13]"
7573,"Cộng sản toàn lũ tư tưởng độc đảng, Qua bên mĩ còn tư tưởng độc đảng như CHINA","[14, 15]"
7574,"Khoan nói chuyện xây cái cổng nhưng thằng add óc chó quá, người nghèo mà mày cái đéo gì cũng lấy ra làm chuẩn để ko đc làm cái này cái khác. Bây giờ là cho người nghèo cái ""cần"" chứ ko phải bỏ tiền vào mồm người nghèo, ko là nghèo bền vững đấy.","[36, 37, 38, 39, 40, 46, 47, 48, 49, 50, 51, 73, 74, 75, 81, 82, 83, 190, 191, 192, 193, 194, 195, 196, 197, 198, 199, 200, 201, 202, 203, 204, 225, 226, 227, 228, 229, 230, 231, 232, 233, 234, 235, 236, 237, 238]"
7575,Lại tưởng biến thái thì bỏ mẹ :3,"[10, 11, 12, 13, 14, 15, 16, 17, 18]"
7576,Ní nuận của dlv đây 🤣,"[0, 1, 2, 3, 4, 5, 6]"
7577,iPhone 11 pro max có ko,[]
7578,nhím thì bỏ qua đi A,[]
7579,Thuỷ Deema ny nào chưa công khai hay gì mà. Chỉ đi chơi các kiểu chứ chưa chính thức hẹn hò,[]
7580,đm ông điêu ít thôiii :))),"[0, 1, 7, 8, 9, 10]"
7581,Phan Tấn Trung,[]
7582,M làm cc j mà đăg cái bài ngu vậy ad? Cho chúg vào chửi ngược à????,"[0, 6, 7, 26, 27, 28, 42, 43, 44, 45, 51, 52, 53, 54]"
7583,Óc...,"[0, 1]"
7584,Team Xanh vô phá nhà team Đỏ mà team Đỏ không dám ra team Xanh bá đạo thật hâm mộ quá ka ka,[]
7585,Tụi mình có ở trển đâu mà biết người ta thế nào...,[]
7586,Chơi đthoaiii cơ 😂,[]
7587,Như 1 con khùng,"[6, 7, 8, 9, 10, 11, 12, 13, 14]"
7588,Bảo My ui peheo xinh quá haha,[]
7589,Con beat căng :))) ditnhauhong,"[19, 20, 21]"
7590,dm fake rồi.,"[0, 1]"
7591,9:10 MC còn cười chứ nói gì bọn mình 😂😂😂,[]
7592,Giàu thường hay quên cách ăn mặc á :)),"[0, 1, 2, 3, 4, 5, 6, 7, 8, 9, 10, 11, 12, 13, 14, 15, 16, 17, 18, 19, 20, 21, 22, 23, 24, 25, 26, 27, 28, 29, 30, 31, 32, 33]"
7593,"Đối với csbv mà nói thì lợn, bò cũng có thể làm lãnh đạo là chuyện rất bình thường .","[29, 30, 31, 32, 33, 34, 35, 36, 37, 38, 39, 40, 41, 42, 43, 44, 45, 46, 47, 48, 49, 50, 51, 52, 53, 54, 55, 56, 57, 58, 59, 60, 61, 62, 63, 64, 65, 66, 67]"
7594,ở xứ xở thiên đường phải z chứ,[]
7595,Chị Thái và tội phạm. :))),[]
7596,Nguyen Dương Thi Thuy làm quai đeo trên lưng mỗi lần ra đường này😞,[]
7597,Võ hậu,[]
7598,"Virus này bọn Tầu sản xuất ra có tác dụng phụ kích thích ảo giác thì phải, thằng nào con nào bị cũng tìm cách đi du lịch","[10, 11, 12, 13, 14, 15, 16, 75, 76, 77, 78, 79, 85, 86, 87]"
7599,🤪🤪🤪🤪,[]
7600,Nguyễn Đức Hạ Hòa nhà bạn à :((,[]
7601,Chị thích không độc số tài khoản em chuyễn thẳng 10.000 USD tặng chị ăn sáng nè... sao lol phếc ra,"[83, 84, 85, 86, 87, 88, 89]"
7602,chốn thiên đường toà án cũng trở thành nơi diễn hài ! chẳng có tiền nào là của nhà nước cả ! tiền là do dân đóng góp.... nhà nước chỉ phá thôi ! nhoé,"[43, 44, 45, 46, 47, 48, 49, 50, 134, 135, 136]"
7603,Chữ bắt kì nghe thấy thích rồi 🤣🤣,[]
7604,em đang tìm gấu áo xanh AD ơi =)),[]
7605,Nhục cho bạn này là con dân nước Việt ...đang góp phần chia re.thuần hoá dân tộc.và thủ tục dân nước cho bọn trung quốc.đến khi mất nước vào tay bọn tq thì nó là tội nhân thiên cổ,"[0, 1, 2, 3, 55, 56, 57, 58, 59, 60, 61, 62, 63, 64, 65, 66, 67, 68, 69, 70, 71, 84, 85, 86, 87, 88, 89, 90, 91, 92, 93, 94, 95, 96, 97, 98, 99, 105, 106, 107, 128, 129, 130, 131, 132, 133, 134, 135, 145, 146, 147, 162, 163, 164, 165, 166, 167, 168, 169, 170, 171, 172, 173, 174, 175, 176, 177, 178]"
7606,Loạn hết cmn rồi . Hazz .,"[9, 10, 11]"
7607,Chỉ có ở Cao Bằng,[]
7608,:)))))),[]
7609,"Sân bay long thành thiết kế có 2 đường băng, nhưng nhiều đường tham nhũng nên mới 16 tỷ usd.Vậy mà cũng thắc mắc.","[63, 64, 65, 66, 67, 68, 69, 70, 71, 72]"
7610,"Ở nhà giúp mẹ giúp cha , cực kì thuyết phục mã cha chúng mày","[44, 45, 46, 47, 48, 49, 50, 51, 52, 53, 54, 55, 56, 57, 58, 59]"
7611,Thùy Trang tay chơi ngầm đây rồi,[]
7612,Không anh ơi,[]
7613,Trưởng tộc mixi tuổi mới thành công,[]
7614,"Thực sự văng tục , chửi bậy kể cả chửi văn không phải là cái hay để mọi người hưởng ứng......đmm chẳng biết có phải một người viết hay không . Nhưng mà chửi hay vkllllllllll (y) Đọc mà nhiều lúc thấy đời đỡ bất công !","[8, 9, 10, 11, 12, 13, 14, 15, 19, 20, 21, 22, 23, 24, 25, 26, 34, 35, 36, 37, 93, 94, 95, 152, 153, 154, 155, 161, 162, 163, 164, 165, 166, 167, 168, 169, 170, 171, 172]"
7615,Wow,[]
7616,Tên bán nam bán nữ,"[0, 1, 2, 3, 4, 5, 6, 7, 8, 9, 10, 11, 12, 13, 14, 15, 16, 17]"
7617,Mạnh Phúc lũ súc vật. Quê tui 😭,"[10, 11, 12, 13, 14, 15, 16, 17, 18, 19]"
7618,Ông chủ đầm tôm =)),[]
7619,"Dân đen dân bẩn ai mà không biết, chỉ có người trong sạch đứng trong hàng ngũ của Đ là không biết thôi.","[0, 1, 2, 3, 4, 5, 6, 8, 9, 10, 11, 12, 13, 14]"
7620,tôi còn tưởng nó là ( đăng ký cái lồn ),"[14, 15, 30, 31, 32, 33, 34, 35, 36]"
7621,CÓ GIỎI THÌ ANH CHO EM TIỀN ĐI,[]
7622,Nó triết lý lắm nhưng từ ngữ lại ứ thể share được,[]
7623,Đố thầy biết em đang xem gì,[]
7624,Tran Hoang Phuong,[]
7625,Chém bớt đi cho xh phát triển .tốn tiền của nhà nc !,"[0, 1, 2, 3]"
7626,Thanh Trà Trương ?????????????????????????????????????????????????????????????????????????????????????,[]
7627,ああ、王子様、妹を許してください、彼女は呪われています...歌を歌っていたのは私でした...彼女は十分に困っています、悪化させないでください。,[]
7628,Dù sao vẫn trất :v,[]
7629,“Cháu ngoan” boác Hù đây!,"[0, 1, 2, 3, 4, 5, 6, 7, 8, 9, 10, 11, 12, 13, 14, 15, 16, 17, 18, 19]"
7630,Câu cuối cùng chứng tỏ ông Trần Dần thật sự sáng suốt và yêu nước,[]
7631,@Chiến trần Tao lao.,"[12, 13, 14, 15, 16, 17, 18]"
7632,Công nhân sửa chữa đường dùng máy công suất lớn thổi bụi mù mịt giữa phố_Hà nội VN mới có,[]
7633,Chúc bác khỏe mạnh để điều hành đất nước,[]
7634,Có đuỹ nào thả thính hôn,"[3, 4, 5]"
7635,"Trần ĐOÀN chuyên bán mấy cái hàng fake mà nói xạo nói láo, vốn có 40k,50k một chai đi bán 200k,300k. Chưa hết nó còn dám nói hàng chính hãng vài triệu sale còn 200k, thứ lừa đảo, mất dạy. Ai mà mua hàng con này sài coi chừng ung thư da đó nha, nó bỏ ba cái chất gây nghiện vô để ngta mua hoài đó, sài vô đi rồi có ngày ung thư hỏi sao xui, thà mua chai dâu thơm chính hãng sài hơi đắt mà thơm lâu, an toàn nha mọi người!","[34, 35, 36, 37, 42, 43, 44, 45, 46, 47, 48, 49, 50, 51, 52, 53, 54, 55, 56, 110, 111, 166, 167, 168, 169, 170, 171, 172, 173, 174, 175, 176, 179, 180, 181, 182, 183, 184, 185, 203, 204, 205, 225, 226, 227, 228, 229, 230, 231, 232, 233, 234, 244, 245, 246, 247, 248, 249, 250, 251, 252, 253, 254, 255, 256, 257, 258, 259, 260, 261, 262, 263, 264, 265, 266, 267, 268, 269, 270, 271, 319, 320, 321, 322, 323, 324, 325, 335, 336, 337]"
7636,"Vâng! Xin giới thiệu vs các bạn, đây là ông Cao Thất Đức!","[48, 49, 50, 51, 52, 53, 54, 55]"
7637,Anh em Bắc mà bớ được thì được đập mặt xây lại là ít,"[31, 32, 33]"
7638,Đm page của anh tao là nơi để chúng mày vào đây để cực kỳ thuyết phục à :),"[0, 1, 16, 17, 18, 30, 31, 32, 33, 34, 35, 36, 37, 38]"
7639,Lê Danh Đoàn dkm :v,"[13, 14, 15]"
7640,"Chỉ có mấy con chó phản động ba que mới thích thú đọc những tin kiểu này để xuyên tạc chống phá! Nhưng cái bạn yên tâm là lũ chúng nó chỉ là 1 trong hàng triệu người dân vn thôi, ko làm ăn đk gì đâu! :))) chỉ nên mạng sủa sáng, sủa tối, sủa trưa, để","[11, 12, 13, 14, 15, 16, 17, 19, 20, 21, 22, 23, 24, 25, 26, 27, 29, 30, 31, 32, 33, 34, 76, 77, 78, 79, 80, 81, 82, 83, 84, 86, 87, 88, 89, 90, 91, 92, 93, 94, 122, 123, 125, 126, 127, 128, 129, 130, 131, 132, 218, 219, 220, 228, 229, 230, 237, 238, 239]"
7641,Không hiểu clg đang sảy ra😶,"[11, 12, 13]"
7642,tao coi con quỷ mặt rỗ trần đoàn mà tao tức lồng ngực tao ak,"[0, 1, 2, 8, 9, 10, 11, 12, 13, 14, 15, 16, 17, 18, 19, 20, 21, 36, 37, 38, 54, 55, 56]"
7643,Xin info cô này :)),[]
7644,Không phải tụi nó sợ mà tụi nó thù dai. Vì tụi nó là lũ sức sinh.,"[12, 13, 14, 15, 16, 17, 18, 19, 29, 30, 31, 32, 33, 34, 35, 36, 38, 39, 40, 41, 42, 43, 44, 45, 52, 53, 54, 55, 56, 57, 58, 59, 65, 66, 67, 68, 69, 70, 71, 72, 73, 74, 75, 76, 77]"
7645,Đáp máy bay từ mọi miền đất nước để đông vui rồi cách ly từng đợt từng đợt. Cảm thấy sợ hãi lắm luôn.,[]
7646,Hè năm ngoái à :)))),[]
7647,Thịt chó đây này mấy bố ạ,[]
7648,Lê Kiều Sương Lê Diễm tơia bình thuận r chế ơi 😰😰😰,[]
7649,Thử sức mạnh mình một tí xem sao thôi mà.=)))),[]
7650,Sau bác về nước nhé bác,[]
7651,Vl ;)),"[0, 1]"
7652,Nó bán hàng giả đó mọi người. Mình bị rồi nè.,"[0, 1, 3, 4, 5, 6, 7, 8, 9, 10, 11, 12, 13, 14]"
7653,"mẹ, sao bộ k mở cửa hàng kinh doanh bán bình luôn cho dân, ko lại phạt vì mua phải bình đểu :)))","[0, 1, 88, 89, 90]"
7654,"Lúc còn nhỏ chỉ mong nhanh lớn, giờ lớn rồi, chỉ ước có một ngày được làm trẻ con, vô tư vô âu vô lo, thoải mái..!",[]
7655,"hi sinh thầm lặng cho mấy thằng sếp của nó đứng đằng xa, nó cũng có phần chia chát trong đó rồi còn gì bạn ! Tôi muốn cứ 3km lại có 1 trạm bắn tốc độ công khai, hoặc gắn camera. Như thế dân sẽ sợ và tự giác chấp hành hơn. Còn cái thể loại núp lùm ăn tiền thế này ai khen nổi mà đăng bài chia sẻ với cả động viên !","[0, 1, 2, 3, 4, 5, 6, 7, 8, 9, 10, 11, 12, 13, 14, 15, 16, 17, 18, 29, 30, 31, 32, 33, 34, 46, 47, 48, 66, 67, 68, 86, 87, 88, 89, 90, 91, 92, 93, 94, 95, 280, 281, 282, 283, 284, 285, 286, 287, 288, 289, 290, 291, 292, 293, 294, 295, 296, 297]"
7656,T.Q âm mui chê vi trung giết nhân loai toan thể giới . Đê Lây lan chết nhiêu nguoi oan .mang TCB ra toa thêgioi sét su ?,"[24, 25, 26, 27, 67, 68, 69, 70]"
7657,Giờ tính sao :)),[]
7658,Đánh răng lâu v~ 😑,[]
7659,Miba young,[]
7660,ở VN có bọn dư luận viên ăn tiền tài trợ từ TQ. Chấp nhận kiếp sống chó săn :),"[8, 9, 10, 25, 26, 27, 28, 29, 30, 31, 32, 33, 34, 35, 36, 37, 38, 39, 58, 59, 60, 61, 62, 63, 64, 65, 66, 67, 68, 69, 70, 71, 72, 73, 74]"
7661,"Phim hồi hộp, gay cấn, nói chung là cung đáng đồng tiền bát gạo😁",[]
7662,Hạnh fuck nhé đôi bạn trẻ 🤣,"[5, 6, 7, 8]"
7663,Kệ nó đi .mùa dịch bệnh đang lo cho mọi người tâm trí đâu mà hóng ba chuyện tào lao,[]
7664,Nghe có vẻ mina nhưng lại là abe :)),[]
7665,0969779003 gọi lw,[]
7666,Thương chị ghê,[]
7667,Trung bá zoe,"[6, 7, 8, 9, 10, 11]"
7668,Mấy đứa đạo lý toàn sông như bướm,"[0, 1, 2, 3, 4, 5, 6, 29, 30, 31, 32]"
7669,:v sẽ là những ngày off stream vì lí do trông con :v,[]
7670,Một mình chị nhung lây mẹ bệnh cho cả nước,"[23, 24]"
7671,đặc trưng con đường xuống hố cả nước nó thế !,"[10, 11, 12, 13, 14, 15, 16, 17, 18, 19, 20, 21, 22, 23, 24, 25, 26, 27, 28, 29, 30, 31, 32, 33, 34, 35, 37, 38]"
7672,Bọn bò thì vẫn bảo nhau rằng: tự hào vì ông chủ mình thật giàu,"[0, 1, 2]"
7673,- yêu cơ,[]
7674,Chửi cho cả vòng họ noi ngoại nó suốt đời ngóc đầu dậy ko nổi luôn cô,"[0, 1, 2, 3, 30, 31, 42, 43, 44, 45, 46, 47, 48, 49, 50, 51, 52, 53, 54, 55, 56, 57, 58, 59, 60]"
7675,Năm nay chuyển thành táo vi hành,[]
7676,Ông còn khỏe mạnh lắm. Chúc ông luôn có những thông linh hiệu ứng và tiên tri chính xác.,[]
7677,😜😂😂,[]
7678,",😂🤣",[]
7679,"Địt mẹ, kiểm tra nội bộ 😂. Giống như dùng tay sục c#c vậy ad nhỉ.","[0, 1, 2, 3, 4, 5, 46, 47, 48, 49, 50, 51, 52]"
7680,Gửi thầy :)),[]
7681,"VFF đang bận công chuyện rồi, thiết nghĩ năm nay mà bóng đá nữ mà giành vàng thì chớ có cho mấy lão VFF đi nhờ chuyên cơ để ăn hôi như kỳ Seagames trước =))","[96, 97, 98, 124, 125, 126, 127, 128, 129]"
7682,Chao e,[]
7683,Cà khịa cực mạnh,[]
7684,Quỳnh Phạm thì thấy e đau thì a buồn hoy,[]
7685,Ai cũng hung dữ hết,[]
7686,Hiếu Võ ộp pa như cc :)),"[18, 19]"
7687,Muôn đời chung thành Apple thôi :)),[]
7688,Thuykieu Tran chán cực phí tiền . T dễ tính vđ xem xong toàn ngủ,"[34, 44, 45]"
7689,database lấy từ thiên địa à :D,[]
7690,Tên loài sinh vật lạ :Dư luận viên,"[0, 1, 2, 3, 4, 5, 6, 7, 8, 9, 10, 11, 12, 13, 14, 15, 16, 17, 18, 19, 20, 21, 22, 23, 24, 25, 26, 27, 28, 29, 30, 31, 32, 33]"
7691,Minh vân like dn <3,[]
7692,Nguyễn Chí HùngChú ý. nha ba,[]
7693,Ngu vl =))),"[0, 1, 2, 4, 5]"
7694,Vâng quan trọng là chị đã có LỖ chỉ dùng LỰC là tiền nó ra thôi ^^,[]
7695,bắc kỳ con đâu rồi con trai ???mâm nào cũng có mặt con mà @@,"[0, 1, 2, 3, 4, 5, 6, 7, 8, 9, 10, 11, 22, 23, 24, 58, 59, 60]"
7696,"N17 khai gian dối, lây lan cho người nhà, hại bao nhiêu ng Việt Nam bị cách ly nên bị mọi người chửi là đúng.","[9, 10, 11, 12, 13, 14, 15, 16, 42, 43, 44, 96, 97, 98, 99]"
7697,Ai biết tên kiểu này là gì không ạ,[]
7698,Hiếu Bến Tre lũ người haha là cặn bã,"[13, 14, 30, 31, 32, 33, 34, 35]"
7699,Xau cai mieng nhu cai lon nguoi ta cco thang,"[0, 1, 2, 22, 23, 24]"
7700,Nguyễn Trang ủa bữa e nghe a độ nói chị Huyền là con của chú phải không ạ,[]
7701,Thúy Nhi Hieu Nguyen Phạm Khánh Trung mai mốt đừng kể chuyện cười cho Hảo Hảo nghe nha,[]
7702,Nhảm nhí vl,"[0, 1, 2, 3, 4, 5, 6, 7, 8, 9, 10]"
7703,đù má thùng rỗng kêu to,"[0, 1, 2, 3, 4, 5, 6, 7, 8, 9, 10, 11, 12, 13, 14, 15, 16, 17, 18, 19, 20, 21, 22]"
7704,Con.   Quy.  Nãy. Cái.   Miệng.   Nó.  Thúi.  Quá.  Đồ.  Do.   Bán.,"[0, 1, 2, 3, 4, 5, 6, 7, 8, 9, 34, 35, 39, 40, 41, 42, 52, 53, 54, 55, 56, 57, 58, 59, 60, 61, 62, 63, 64, 65]"
7705,Hung Vu khổ thân bạn chủ thớt :)),[]
7706,"Khanh Pham dốt nát kèm nghe bọn ngu 3/// dẻo mồm tiêm nhiễm thì ra thành cái loại như này đó bạn. Có khi mấy đứa 3/// nó tự làm mình nhiễm rồi về VN để lây lan cho dân chúng, sau đó nó đăng tin đăng bài nói nhà nước vô dụng này nọ, gây ra bạo loạn lật","[11, 12, 13, 14, 15, 16, 17, 28, 29, 30, 31, 32, 33, 34, 35, 36, 37, 38, 39, 41, 42, 43, 44, 45, 46, 47, 49, 50, 51, 52, 53, 54, 55, 56, 57, 58, 73, 74, 75, 76, 77, 78, 79, 80, 81, 82, 83, 84, 85, 86, 87, 88, 105, 106, 107, 108, 109, 110, 111, 112, 113, 114, 115, 116, 118, 119, 152, 153, 154, 155, 156, 157, 158, 159, 160, 161, 162, 163, 164, 165, 166, 167, 168, 169, 170, 171, 172, 216, 217, 218, 219, 220, 221, 222, 239, 240, 241, 242, 243, 244, 245, 246]"
7707,Yêu thầy dấu bé 3😊😊,[]
7708,Dân lưu vong vào sủa đi kìa =))),"[0, 1, 2, 3, 4, 5, 6, 7, 8, 9, 10, 11, 17, 18, 19]"
7709,Cảm ơn bạn rất nhiều dã cho chúng tôi biết thông tin này,[]
7710,"Một số lớn người VN phải xếp vào một trong những dân tộc tàn độc nhất thế giới ,mục tiêu là chủ nghĩa cá nhân là trên hết.","[49, 50, 51, 52, 53, 54, 55, 56, 57, 58, 59, 60, 61, 62, 63, 64, 65, 66, 67, 68, 69, 70, 71, 72, 73, 74, 75, 76, 77]"
7711,"Hieu Anh thích mấy bài sâu lắng, nếu sau này có mv đom đóm chắc nghe tháng này qua tháng nọ",[]
7712,PhẠm mạng m lag chứ chậm cc,"[10, 25, 26]"
7713,Hơn một năm cho cái tên gà trống cao bằng :((,[]
7714,cắn đứt long lone??,"[8, 9, 10, 11, 12, 13, 14, 15, 16]"
7715,Huế Đêm trung thu em xách lồn đi chơi :v,"[26, 27, 28]"
7716,Nhìn nhà tiên tri vủ trụ trần dần giống con chó quá trời luôn ta ơi .,"[0, 1, 2, 3, 4, 5, 6, 7, 8, 9, 10, 11, 12, 13, 14, 15, 16, 17, 18, 19, 20, 21, 22, 23, 24, 25, 26, 27, 28, 29, 30, 31, 32, 33, 34, 35, 36, 37, 38, 39, 40, 41, 42, 43, 44, 45, 46]"
7717,:) tao đi sục cặc tiếp đây,"[3, 4, 5, 10, 11, 12, 13, 14, 15, 16]"
7718,"Dang gi thi Dang, dem lai DôcLâp ThôngNhât DâtNuoc, co ngày hôm nay là môt Suc-Manh duy-nhât co môt không hai cua Thuong-Dê ban cho, rât qui-bau con qui hon hêt tât ca kim-cuong, vàng-bac.",[]
7719,Âm Binh 🙂,"[0, 1, 2, 3, 4, 5, 6]"
7720,Ỳe ỳe ỳe :3,[]
7721,t k nuốt nổi thời trang,"[0, 4, 5, 6, 7]"
7722,"Bộ nào mún ra quyết định là ra, đéo hỏi dân tiếng nào thì bố mày chống luôn!","[32, 33, 34, 58, 59, 60, 61, 62, 63, 65, 66, 67, 68, 69]"
7723,coppy anh3 clmm tao rip chet me may,"[11, 12, 13, 14, 16, 17, 18, 24, 25, 26, 27, 28, 29, 30, 31, 32, 33, 34]"
7724,Ông sống hơi lâu rồi đó,[]
7725,Tao sẽ ghé đái 1 bãi ngay,"[0, 1, 2, 11, 12, 13]"
7726,"Trần Dần ăn tục, nói khoét hắn đóan được vận mệnh, tương lai thì nay hắn giàu to rồi, chứ đâu phải xách cần đi câu cơm, có lẻ hắn bị ( bệnh tâm thần).","[9, 10, 11, 12, 13, 14, 15, 16, 17, 18, 19, 20, 21, 22, 23, 24, 25, 27, 28, 29, 69, 70, 71, 99, 100, 101, 102, 103, 104, 105, 106, 107, 108, 109, 110, 111, 112, 113, 114, 115, 116, 117, 126, 127, 128, 140, 141, 142, 143, 144, 145, 146, 147]"
7727,"Tao phải qua phản đối bọn ba que indo nha, bác tao nhìn đẹp chai đoản hậu, lộn phúc hậu thế kia mà nó quất cặp môi như hai miếng thịt trâu là làm thao","[0, 1, 2, 22, 23, 24, 25, 26, 27, 28, 29, 30, 31, 47, 48, 49, 65, 66, 67, 68, 69, 70, 71, 72, 107, 108, 109, 110, 111, 112, 113, 114, 115, 116, 117, 118, 119, 120, 121, 122, 123, 124, 125, 126, 127, 128, 129, 130, 131, 132, 133, 134, 135, 136, 137]"
7728,Thầy xạo lol hả thầy,"[5, 6, 7, 8, 9, 10, 11]"
7729,bản chất phong kiến vẫn thấm sâu vào con ng việt,[]
7730,@Yo Min cc,"[8, 9]"
7731,Động cơ quyên góp tiền là gì?,[]
7732,"ko biết tụi tham ô tham nhũng ăn cướp bán nước hại dân chúng dạy con như thế nào nhỉ, làm sao mà dám thấp hương cho ông bà tổ tiên","[8, 9, 10, 12, 13, 14, 15, 16, 17, 19, 20, 21, 22, 23, 24, 25, 26, 27, 28, 30, 31, 32, 33, 34, 35, 36, 38, 39, 40, 41, 42, 43, 44, 45, 47, 48, 49]"
7733,Mua hay hốt của người ta thế,[]
7734,Đom đóm sắp xuất hiện với cương vị một official mv,[]
7735,Cực kì thuyết phục 🤗,[]
7736,Lol này cây vô đầu nó mới sợ :),"[0, 1, 2, 8, 9, 10, 11, 12, 13, 14, 15, 16, 17, 19, 20, 26, 27]"
7737,"Các ông có làm công ăn lương k?hay hàng tháng cứ đều đặn có thêm nguồn thu nhập khác từ việc nhận hối lộ ,quà biếu?","[98, 99, 100, 101, 102, 103]"
7738,"Mikhai chốp còn biết nhảu khỏi tàu đắm,chứ bọn này đéo nhẩy đâu,ảo thuật gia và phim ở hollywood phải gọi bằng ""Cụ""🤣","[43, 44, 45, 51, 52, 53, 112, 113]"
7739,thật sự éo muốn tin,"[8, 9]"
7740,Chị Ba vàng Ngọc vui tính và hát hay nữa,[]
7741,Anh có thể nói sai được ko,[]
7742,Cưỡi mãnh thú đi chơi đi anh =))),[]
7743,Dm cạn lời với bọn này,"[0, 1]"
7744,Cái mỏ con linh lóc giống cái mỏ chùi lol,"[4, 5, 7, 8, 9, 30, 31, 38, 39, 40]"
7745,Nguyễn Hạnh tiền nhiều để làm gì?? Để đi mang dịch về cho đất nước :((,"[41, 42, 43, 44, 45, 46, 47, 48, 49, 50, 51, 52]"
7746,Đẹp trai nhau nhà giàu sao ma bi nhũng thế này,"[32, 33, 34, 35, 36, 37, 38, 39, 40]"
7747,Đoàn Duy Diện ở đâu thế ạ ah,[]
7748,Bất hạnh nhất cuộc đời là ra trường rồi mà bạn vẫn ngu dốt .😔 đáng buồn cho nghành giáo dục,"[51, 52, 53, 54, 55, 56, 57]"
7749,2 con đien...,"[2, 3, 4, 5, 6, 7, 8, 9]"
7750,:)))) như mấy bác trên,[]
7751,Nguyễn Quang Huy thăng l nào chế cái này @@,"[17, 18, 19, 20, 21, 22, 23]"
7752,"Bây giờ tôi mới vay 250T, trước là đồng chí khác vay tôi ko biết :)",[]
7753,Tâc nhiêng ông trân dân con manh khoe  .. chuc ông khoe con noi zui nghe...tâc nhiêng....ok vây la ca thê gioi quanh no luôn viêt nam pha tan đai luc thanh 6 nuoc tâc nhiêng Tran Dan noi nho Trump.....tâc nhiêng....BINH TRI TU BÊ...,[]
7754,vualonemlabaonhieu cm,"[3, 4, 5]"
7755,một doanh nghiệp đóng thuế cả ngàn tỷ mỗi năm bị lũ ngu chó đẻ giết chết! và 1 thằng add óc éo bằng con chó,"[49, 50, 51, 52, 53, 54, 55, 56, 57, 58, 59, 60, 61, 63, 64, 65, 66, 67, 68, 69, 70, 71, 79, 80, 81, 82, 83, 89, 90, 91, 92, 93, 94, 95, 96, 97, 98, 99, 100, 101, 102, 103, 104, 105, 106]"
7756,những người ở nông thôn thì sao hả các ông,[]
7757,Không thể tưởng tượng nỗi. Nộp thuế nuôi ai đây? Lúc nào cũng chê lương thấp.,"[27, 28, 29, 30, 31, 32, 33, 34, 35, 36, 37, 38, 39, 40, 41, 42, 43, 44, 45, 46]"
7758,Cái quần nhìn tục thấy mợ,"[14, 15, 16, 23, 24]"
7759,Thấy ngta chỉ trích bắt đầu đổi giọng. Kịch bản là đây ! 😑,[]
7760,Họ hàng em đã xuất hiện 😂😂😂😂,[]
7761,Anh tôi đấy :) ước mơ 1 thời làm ...,[]
7762,"Đánh chết cụ mấy tg nhà báo đó đi, láo lz, nta đéo cho còn cố vào tự ý hành động, dm mấy tg nhà báo tốt nghiệp TTGDTX thì có quy củ đb j, đánh chết mẹ nó đi","[0, 1, 2, 3, 4, 5, 6, 7, 8, 9, 10, 11, 12, 13, 14, 15, 16, 17, 18, 19, 20, 21, 22, 23, 24, 25, 26, 35, 36, 37, 38, 39, 40, 47, 48, 49, 82, 83, 89, 90, 132, 133, 138, 139, 140, 141, 142, 143, 144, 145, 146, 147, 148, 149, 150, 151, 152, 153, 154, 155]"
7763,Văn Yên ho vào mắt cũng bị mà,[]
7764,Anh ước gì anh là con gái để đc đi nghĩ vụ quân sự,[]
7765,Bắn chet moe abe h,"[0, 1, 2, 4, 5, 6, 7, 8, 9, 10, 11]"
7766,Mang tiếng fan cứng đăng nhưng đéo đc duyệt 🙂,"[31, 32, 33]"
7767,Không xâm lược mà giờ Hoàng Sa không còn là của Việt Nam :v,[]
7768,Khi bạn xai trính tã nhưng cá ghén vít đún trính tã :)),[]
7769,bóng đỏ !!!,"[0, 1, 2, 3, 4, 5, 6]"
7770,Đuổi mẹ nó đi thầy,"[5, 6, 7, 8, 9]"
7771,Bich Miu thợ có tâm vl đó :))) dm thợ của t chán đ muốn nói còn kêu tóc hỏng phải cắt hết,"[20, 21, 31, 32, 42, 49]"
7772,Nguyễn Thị Phương bạn ơi cho mình xin ảnh để sống ảo đc k ạ?,[]
7773,Hỏng bồi thường cũng từ tiền của dân ra hết đm phải bỏ tù nó nếu nó lộng quyền thì mới đúng,"[0, 1, 2, 3, 44, 45, 52, 53, 54, 55, 56, 65, 66, 68, 69, 70, 71, 72, 73, 74, 75, 76, 77]"
7774,Nghe như cặv,"[9, 10, 11]"
7775,Yêu nghề,[]
7776,"TÌM RA ĐƯỢC THỦ PHẠM TRỰC TIẾP HAY GIÁN TIẾP GIẾT NGƯỜI THÌ ĐÃ BỐN NGƯỜI THEO XÁC CHẾT CỦA NGƯỜI CHẾT XUỐNG ÂM PHỦ RỒI ...TRƯỜNG TỒN THẬT ,LUẬT QUẢ BÁO ĐƯỢC THẤY RÕ ...HAY NHẤT ,HIỆU QUẢ NHỨT ,THÀNH CÔNG NHẤT LÀ THAY ĐỔI CHẾ ĐỘ CSVN VÀ TRUNG CỘNG THÌ H","[45, 46, 47, 48, 78, 79, 80, 81, 82, 83, 84, 85, 97, 98, 99, 100, 108, 109, 110, 111, 112, 113, 139, 140, 141, 142, 143, 144, 145, 146, 147, 148, 149, 150]"
7777,"Ơh khoan khoan, Tùng ơi sao số 1 của con, lại là NGÓN GIỮA vậy :((",[]
7778,"Tiếp đó sinh viên này đã xưng hô không chuẩn mực trên facebook khi gọi Giám đốc là anh, xưng tôi. Không chuẩn mực chỗ nào nhề",[]
7779,Sức khỏe VN ❤️,[]
7780,Đinhh Thị Hoàii Thuu ngủ mẹ m đi,"[25, 26, 27, 28]"
7781,Thằng già sống bẩn quá,"[0, 1, 2, 3, 4, 5, 6, 7, 8, 10, 11, 12, 13, 14, 15, 16, 17]"
7782,đéo hiểu kiểu gì,"[0, 1, 2]"
7783,"Chưa bao giờ nền giáo dục được như ngày hôm nay, học sinh nữ lột quần áo đánh nhau ngoài đường, học sinh nam đứng cổ vũ, thầy giáo giao cấu với học trò đến có thai, cô thì đánh học sinh đến nhập viện cấp cứu, học sinh ra đường như du côn, đánh nhau như phim kiếm hiệp, đấy gọi là hạnh phúc hả ông?","[49, 50, 51, 52, 53, 54, 55, 56, 57, 58, 59, 60, 61, 62, 63, 64, 65, 66, 67, 68, 69, 70, 71, 72, 73, 74, 75, 76, 77, 78, 79, 80, 81, 82, 83, 84, 85, 86, 87, 88, 89, 90, 91, 92, 93, 94, 95, 96, 97, 98, 99, 100, 101, 102, 103, 104, 105, 106, 107, 108, 109, 110, 111, 112, 113, 114, 115, 116, 117, 118, 119, 120, 121, 122, 123, 124, 125, 126, 127, 128, 129, 130, 131, 132, 133, 134, 135, 136, 137, 138, 139, 140, 141, 142, 143, 144, 145, 146, 147, 148, 149, 150, 151, 152, 153, 154, 155, 156, 157, 158, 159, 160, 161, 162, 163, 164, 165, 166, 167, 168, 169, 170, 171, 172, 173, 174, 175, 176, 177, 178, 179, 180, 181, 182, 183, 184, 185, 186, 187, 188, 189, 190, 191, 192, 193, 194, 195, 196, 197, 198, 199, 200, 201, 202, 203, 204, 205, 206, 207, 208, 209, 210, 211, 212, 213, 214, 215, 216, 217, 218, 219, 220, 221, 222, 223, 224, 225, 226, 227, 228, 229, 230, 231, 232, 233, 234, 235, 236, 237, 238, 239, 240, 241, 242, 243, 244, 245, 246, 247, 248, 249, 250, 251, 252, 253, 254, 255, 256, 257, 258, 259, 260, 261, 262, 263, 264, 265, 266]"
7784,:))))))),[]
7785,"Mình ở vườn mà, nghe dễ thương ghê cô ơi <3",[]
7786,thứ gì đâu,[]
7787,lik đâu dcm,"[8, 9, 10]"
7788,Thảo Nguyễn =)))))),[]
7789,Đang Ôn Thi Tuyết Yến Nhung ưng chửi.,"[32, 33, 34, 35]"
7790,Cái này sao giống có đoạn bị ghép hơ,[]
7791,"Thế có thằng ở miền bắc nào đó đã nói là trung quốc chiếm giùm, mai mốt sẽ trả lại.","[7, 8, 9, 10, 11]"
7792,Phương Minn chắc do giọng luyến vs lại cao,[]
7793,Uống miếng nước rồi xem tiếp nha ~~ :)),[]
7794,Thôi tao sin mày Tiệp ạ sủa ít thôi ko nhà nước cho mày cách ly o chỗ châu Việt cường đấy.,"[5, 6, 7, 13, 14, 15, 24, 25, 26, 52, 53, 54, 56, 57, 58, 59, 60, 61, 62]"
7795,Nhok Lầy: địt mẹ hay thì mày share đi. Nhai đi nhai lại như con bò. Tao khinh quá :)),"[10, 11, 12, 13, 14, 15, 25, 26, 27, 39, 40, 41, 42, 43, 44, 45, 46, 47, 48, 49, 50, 51, 52, 53, 54, 55, 56, 57, 58, 59, 60, 61, 62, 63, 64, 65, 68, 69, 70, 71, 72, 73, 74, 75, 76]"
7796,Ong lan oi toi lay ong day toi cuoi vay ra day nay,[]
7797,dung la do khung dien gi dau,"[8, 9, 10, 11, 12, 13, 14, 15, 16, 17, 18, 19, 20]"
7798,đây là dân chủ theo mẽo đây,"[20, 21, 22]"
7799,Bọn Tàu chó má,"[0, 1, 2, 3, 4, 5, 6, 7, 8, 10, 11, 12, 13, 14, 15, 16]"
7800,ai mua đâu mà sale :v,[]
7801,Phạm Giang,[]
7802,quan ngại :)) mà dân sắp đéo ngại đâu (y),"[25, 26, 27]"
7803,TRUNG QUOC GOVERNMENT LA DOG HAVE BABIES !!!,"[25, 26, 27]"
7804,Nguyễn Đình Chung dô cái link thầy ghi trên stt đó,[]
7805,Mes ddocj muoons sangr ddm,"[0, 1, 2, 23, 24, 25]"
7806,Bài này thật sự ko lọt tai một fan như em,[]
7807,tao cũng đéo tin 😂,"[0, 1, 2, 9, 10, 11]"
7808,#NAME?,[]
7809,cởi mẹ đi mặc khó ưa vc,"[4, 5, 14, 15, 16, 17, 18, 19, 20, 21, 22]"
7810,Ở bển luôn đi về VN làm cái đéo gì ko bik,"[14, 15, 16, 17, 18, 19, 20, 21, 22, 23, 24, 25, 26, 27, 28, 29, 30, 31, 32, 33]"
7811,"Thượng bất chính hạ tắc loạn. Đạo đức xuống cấp trước hết phải đánh giá vai trò của chính quyền trong quản lý, giáo dục yếu kém ko hiệu quả. Đéo làm tốt đc thì lui xuống để người có năng lực lên thay thế.","[0, 1, 2, 3, 4, 5, 6, 7, 8, 9, 10, 11, 12, 13, 14, 15, 30, 31, 32, 33, 34, 35, 36, 37, 38, 39, 40, 41, 42, 43, 44, 45, 46, 120, 121, 122, 123, 124, 125, 126, 141, 142, 143]"
7812,Nhìn mặt ngu hơn bò,"[5, 6, 7, 8, 9, 10, 11, 12, 13, 14, 15, 16, 17, 18]"
7813,Con di,"[0, 1, 2, 3, 4, 5]"
7814,Xã hội thối nát,"[7, 8, 9, 10, 11, 12, 13, 14]"
7815,Phuonng Annh Ý là nói tình hình đn vậy thôi hà chứ gì đâu 😂😂,[]
7816,anh ba đi để lại mohamed sela ở nhà,[]
7817,"Quăng mẹ xuống cho rồi , ông già nuôi tốn tiền bỉm sữa vl","[6, 7, 25, 26, 27, 28, 29, 30, 31, 32, 33, 34, 35, 36, 37, 38, 39, 40, 41, 42, 43, 44, 45, 46, 47, 48, 49, 50, 51, 52, 53, 54, 55, 56]"
7818,Adam Dark dậy thì sao 🤣,[]
7819,Nhìn mặt đã thấy chán mà còn 2 nhiệm kì thì chán con mẹ nó luôn rui,"[17, 18, 19, 20, 44, 45, 46, 47, 48, 49, 50, 51, 52, 53, 54, 55, 56, 57]"
7820,Huy Hoàng like động viên ny à =,[]
7821,team cầu giấy lúc này😢😢😢😓,[]
7822,Linh Vũ mốt chụp hình tạo dáng kiểu này nẹ,[]
7823,"Bố này bênh Tầu cộng và chống lại nhân dân HK đây. Chả thế mà lại kêu gọi không can thiệp khi cảnh sát trung cộng xịt vòi rồng, bắn đạn hơi cay vào dân HK . Kêu gọi k can thiệp khi trung cộng dày xéo lên nền dân chủ của người HK .... túm lại là đang ủng hộ bạo quyền","[0, 1, 12, 13, 14, 15, 16, 17, 18, 19, 103, 104, 105, 106, 107, 108, 109, 110, 111, 112, 128, 129, 130, 131, 132, 133, 134, 135, 136, 137, 138, 139, 140, 141, 142, 143, 144, 145, 146, 147, 148, 149, 150, 181, 182, 183, 184, 185, 186, 187, 188, 189, 190, 192, 193, 194, 195, 196, 197, 198, 257, 258, 259, 260, 261, 262, 263, 264, 265]"
7824,"Cần gì phải quyết định, trc h vỉa hè ng dân hàng tháng vẫn nộp phí đều cho công an rồi đó thôi.",[]
7825,mh thích trang từ ngày đọc xách bao ngô lên đg và đi ấy.,[]
7826,Thêm địa điểm ăn nhậu sau cuộc họp và cách diễn nữa chứ. Kakaa,[]
7827,Cái lòn má mày mất dạy,"[5, 6, 7, 8, 9, 10, 11, 12, 13, 14, 15, 16, 18, 19, 20, 21, 22, 23, 24, 25]"
7828,Chịch xã giao đêêêêê,"[0, 1, 2, 3, 4]"
7829,Thoi di thang khung oi,"[8, 9, 10, 11, 12, 13, 14, 15, 16, 17, 18]"
7830,Chết đi ông ơii,"[0, 1, 2, 3]"
7831,học bổng gấp,[]
7832,Tui nghĩ con má đó nếu có hết bệnh thì nó cx phải xứng đáng là nhận án tử hình,"[9, 10, 11, 12, 13, 14, 39, 40, 63, 64, 65, 66, 67, 68, 69, 70, 71, 72, 73, 74, 75, 76, 77]"
7833,Có biết vì sao CNXH xếp sau cùng trong các hình thái Kinh tế của thế giới không? VÌ NƯỚC NÀO ÁP DỤNG NÓ SẼ BỊ DIỆT VONG CMNR CÒN TỒN TẠI ĐÂU MÀ ÁP DỤNG HÌNH THÁI KINH TẾ KHÁC.,"[110, 111, 112, 113, 114, 115, 116, 117, 118, 120, 121, 122, 123]"
7834,Kho'x th4t sự =((,[]
7835,Quá chời quá đất Kon Tiết,[]
7836,CSPCCC mới là đc nhuần nhuyễn chứ CSGT chuyên môn mẹ gì mà đòi kĩ lăng dập lửa. Tự chửi mình đi.,"[39, 40, 41, 42, 43, 44, 45, 46, 47, 48, 49, 50, 51, 52, 53, 54, 55, 56, 57, 58, 59, 60, 61, 62, 63, 64, 65, 66, 67, 68, 69, 83, 84, 85, 86]"
7837,.....,[]
7838,Hải Yến đéo ai cần m care 🙂 nói câu muốn sút cho phát ghê,"[8, 9, 10, 19, 41, 42, 43]"
7839,Yêu đương đ gì tầm này em còn phải đi cà khịa đã 😒,[10]
7840,đm bọn trung quốc chó,"[0, 1, 3, 4, 5, 6, 7, 8, 9, 10, 11, 12, 13, 14, 15, 16, 17, 18, 19, 20]"
7841,Về vn chơi vs hồ xuân hương kìa,[]
7842,Được của ló thank thầy,[]
7843,Tuổi Trâu thì nhai lại là hợp cmn lý rồi 🤣,"[14, 15, 16, 17, 18, 19, 20, 21, 30, 31, 32]"
7844,Chi ba giau dep gai ai noi chi ke ho .  Chi giau,[]
7845,Con này nó dập dá nhiều quá dầu nó não quá,"[0, 1, 2, 8, 9, 11, 12, 13, 14, 15, 16, 32, 33, 35, 36, 37, 38, 39, 40, 41]"
7846,Con bóng sadec =]],"[0, 1, 2, 3, 4, 5, 6, 7]"
7847,Xe cong tuc la cong tac.con xe dan tuc la dan den.bon bao ve chi la may con cho giu cua neu dan cho an thi no theo con quan cho no an thi no theo thoi bon cho hua ma,"[42, 43, 44, 45, 46, 47, 48, 50, 51, 52, 53, 54, 55, 56, 57, 58, 59, 60, 61, 62, 63, 64, 65, 66, 67, 68, 69, 70, 71, 72, 73, 74, 75, 76, 77, 78, 79, 80, 81, 82, 83, 84, 85, 86, 107, 108, 128, 129, 138, 139, 151, 152, 153, 154, 155, 156, 157, 158, 159, 160, 161]"
7848,Đố bể chỉ vì mỡt con vi rút tên nhung cồ lẽn việt nam ỏi,"[21, 22, 23, 24, 25, 26, 27, 28, 29, 30, 31, 32, 33, 34, 35, 36]"
7849,khôn thế thầy lòn :)),"[14, 15, 16]"
7850,Nếu kiếp này mình không duyên không nợ thì đụ nữa đi anh,"[43, 44]"
7851,Đc của ló. 🤣🤣🤣,[]
7852,Đơm chết mẹ nó liền :)),"[0, 1, 2, 3, 4, 5, 6, 7, 8, 9, 10, 11, 12, 13]"
7853,Sướng như tiên là có thật :3,[]
7854,Anh hông cần. Nhưng tụi em cần anh❤️,[]
7855,Chúng nó soi mói từ ca si đi đái..ngủ gật..lộ vếu..còn tin quan trọng thì đéo dám đưa tin..truyền thông toàn bọn báo lá cải,"[0, 1, 2, 3, 4, 5, 6, 7, 9, 10, 11, 12, 13, 14, 15, 29, 30, 31, 46, 47, 48, 74, 75, 76, 109, 110, 111, 112, 113, 114, 115, 116, 117, 118, 119, 120, 121, 122]"
7856,Vừa cắt đc 4 hôm 😑,[]
7857,Dở hơi đeso chịu đc,"[0, 1, 2, 3, 4, 5, 7, 8, 9, 10]"
7858,Thờ buổi này đi du lịch chi vậy 😀 đi để kịp đầu thai hả ha gì mà đi dữ vậy,"[44, 45, 46, 47, 48, 49, 50, 51]"
7859,lại thêm loại khùng,"[10, 11, 12, 13, 14, 15, 16, 17, 18, 19, 20, 21]"
7860,Sói: chụp chưa thêa nhở ??,[]
7861,So sánh quá khập khểnh hả thầy 😂,[]
7862,"Face chỉ dành cho người nói chuyện với nhau, sủa bị block là đúng rồi thắc mắc gì? Muốn tham gia thì đi học tiếng người đi ha cháu ngoan bh!","[45, 46, 47, 101, 102, 103, 104, 105, 106, 107, 108, 109, 110, 111, 112, 113, 114, 115, 116, 117, 118]"
7863,Răng rứa nhỉ,[]
7864,"Rồi, rớt cái lòn luôn","[13, 14, 15]"
7865,"Ở indonesia đã có tàu điện ngầm rồi, ở Đông Lào đợi mãi không có","[48, 49, 50, 51, 52, 53, 54, 55, 56, 57, 58, 59, 60, 61, 62, 63]"
7866,gửi t xin video vs pro,[]
7867,Toàn giáo án lủng mà cứ dựng lonnn là sao=)))),"[29, 30, 31, 32, 33]"
7868,Nguyễn Nam chửi tụi nó làm gì ôn ơi súc vật mà có hiểu tiếng người đâu,"[11, 12, 13, 14, 16, 17, 18, 19, 20, 21, 36, 37, 38, 39, 40, 41, 42]"
7869,Đẹp quá thầy ơi,[]
7870,Bê đê má ơiiii,"[0, 1, 2, 3, 4, 6, 7]"
7871,Người đi ô tô nói cái đ” gì cũng đúng :v,"[22, 23]"
7872,"Độ Tày "" cười đi con để còn nhận donate """,[]
7873,Cái ác của chế độ vc không có điểm dừng!,"[4, 5, 11, 12, 13, 14, 15, 16, 17, 18, 19]"
7874,Mô phật làm ơn đài phố bolsa tv phỏng vấn trần dần xin dùm tui facebook chính chủ của trần dần để fan tụi tui có thể vô xem hài của idol AMEN 🙏🙏🙏,[]
7875,5:05 10 năm và 9 năm là 18 năm best toán học trần dần :)),[]
7876,Thu Huyền lại còn nấu cơm cho grab nữa cậu,[]
7877,Cuộc tình dù đúng sai,[]
7878,Diễm Quỳnh gét burn real vãi l,"[11, 12, 13, 25, 26, 27, 28, 29]"
7879,Có 1 bé này rồi mà xem xong muốn làm đứa nữa quá =)))),[]
7880,Họ Đoàn tên Đoàn văn VƯơn ở TIên lãng hải phòng.chứ k pải họ vương,[]
7881,Hành xử như côn đồ,[]
7882,Tha em thấy ơiii,[]
7883,Hỏi b ý xem có đi tiếp xúc với chị nhung gì k đó k mà thấy bị lây óc tó thể hiện qua lời phát biểu như v,"[66, 67, 68, 69, 70]"
7884,Bảo xuyên ơi nhìn em rưng rưng nước đái .hahaha,"[36, 37, 38]"
7885,Duy Trần xin link ytb,[]
7886,Chúc mừng abe nhá,[]
7887,Cho xin địa chỉ...tao gửi ít đồ cho thần tượng của tao...nhà mầy chỗ nào cờ hó,"[18, 19, 20, 51, 52, 53, 61, 62, 63, 73, 74, 75, 76, 77]"
7888,Bà mẹ nó chửa lây người hà nội luôn hok nói được lời gì cả con nầy hok biết nó còn hơn võ tắt thiên nữa khẩu nghiệp nghe con đài loan linh lóc nghe nỡ mẹ kêu biệt danh bắn nầy bắn ngọ đồ khẩu nghiệp vậy mà quản cáo đi chùa xim trời phật con nầy chỉ có pủi chứng nó thôi các bạn ơi hãy tẩy chai nó cho khỏi bán hàng onlai luôn đi cộng đồng ơi,"[0, 1, 2, 3, 4, 5, 6, 7, 9, 10, 11, 12, 59, 60, 61, 62, 63, 64, 65, 76, 77, 104, 105, 106, 107, 108, 109, 110, 111, 112, 113, 114, 121, 122, 123, 151, 152, 168, 169, 170, 176, 177, 178, 184, 185, 186, 187, 188, 189, 190, 191, 192, 193, 194, 195, 196, 197, 237, 238, 239, 252, 253, 254, 255, 256, 257, 258, 259, 260, 261, 262, 263, 285, 286, 287, 288, 289, 290, 291, 292, 294, 295]"
7889,Con. Quy nay. No. Khung.nang. No ngao da.  Het. Thuoc. Chua.,"[0, 1, 2, 3, 4, 5, 6, 7, 14, 15, 18, 19, 20, 21, 22, 30, 31, 33, 34, 35, 36, 37, 38, 39, 43, 44, 45, 46, 47, 48, 49, 50, 51, 52, 53, 54, 55, 56, 57, 58]"
7890,"Có éo gì đâu. Đang đấu thầu kêu giờ thăng nào có 1tr USD đưa tao thì trúng. Vậy là xong, thằng khựa đc báo trước rồi nên chuẩn bị luôn tiền mặt. :v","[3, 4, 36, 37, 38, 39, 40, 61, 62, 63, 89, 90, 91, 92, 93, 94, 95, 96, 97, 98]"
7891,củng giống như kô có thể nào thay đổi được loài cộng sản ...,"[43, 44, 45, 46]"
7892,2 tầng 53 tỷ. Vãi nhồn,"[14, 15, 16, 17, 18, 19, 20, 21]"
7893,Buồn của abe là niềm vui của tú,[]
7894,Sa sỉ phẩm k đánh thuế mạnh thì để làm ccc gì :v,"[39, 40, 41]"
7895,Nỗ lực từ cái xe đạp lren đk cái xe ba gác rồi.nói như đầu buồi,"[55, 56, 57, 58, 59, 60, 61, 62]"
7896,"Đài bolsa đưa mấy ông nói năng như vậy làm giảm uy tín, tầm thường",[]
7897,Mai Ngọc ò,[]
7898,Nhìn cái mặt đã thấy biến thái rồi,"[21, 22, 23, 24, 25, 26, 27, 28, 29]"
7899,Làm ăn như cc,"[11, 12]"
7900,Đm nhái thg đây rồi...hình này năm nào mNguyễn Tâm,"[0, 1, 2, 3, 4, 5, 6, 7, 8, 9, 10]"
7901,Nhàn Lê nghe nhiều lần là nghiện bài này giai điệu lạ với vui tai nghe nhiều mới cảm được khác hẳn với các bài trước của Jack mà,[]
7902,ĐM thằng thớt page này đúng là thánh tổ lái kiểu đéo gì nó cũng quay đc.Phi tên lửa bằng mõm ít thui k đang Lái Trên Đường bom nổ chết mẹ mày đấy.,"[0, 1, 3, 4, 5, 6, 7, 49, 50, 51, 56, 57, 72, 73, 74, 75, 76, 77, 78, 79, 80, 81, 82, 83, 84, 85, 86, 87, 88, 89, 90, 91, 123, 124, 125, 126, 127, 128, 129, 130, 131, 132, 133, 134, 135, 136, 137, 138, 139, 140]"
7903,Trang's Em kìa. Việc nhẹ lương cao,[]
7904,nhà lắm tiền thì làm j có ích tí chứ đừng có giống mấy bạn hàn quốc là đc,"[17, 18, 19, 20, 21, 22, 23, 24, 25, 26, 27, 28, 29, 30, 31, 32, 33, 34, 35, 36, 37, 38, 39, 40, 41, 42, 43, 44, 45, 46, 47, 48, 49, 50, 51, 52, 53, 54, 55, 56, 57, 58, 59, 60, 61, 62, 63, 64, 65, 66]"
7905,xộn lào quá hà :))) 1 chai bán 1tr giảm còn 300k hai chai :v hàng giả chính hãng nha cả nhà :v,"[0, 1, 2, 3, 4, 5, 6, 61, 62, 63, 64, 65, 66, 67, 68, 69, 70, 71, 72, 73, 74, 75, 76, 77, 78, 79]"
7906,ai lớp du chu cà mo co Minh Híu,[]
7907,"Cảm thấy ngột ngạt quá thì đưa a vào rừng ở, ở đấy không khí trong lành tha hồ mà a tận hưởng.","[33, 34, 35, 36, 37, 38, 39, 40, 41, 42]"
7908,Phạm Linh ko co cl,"[16, 17]"
7909,khỏi cảm ơn,[]
7910,.nhìn bát mỳ em sót cho anh quá :((((,[]
7911,"Vào trường lớp giáo viên dạy ta bải vệ môi trường cây cối này nọ, song thực tế các bác lớn hằng ngày vẫn đưa ra nhìu dự án, đề xuất để rồi rừng ít lại còn ít hơn. Và lại đưa đề nghị luận xh về việc chặt phá rừng","[0, 1, 2, 3, 4, 5, 6, 7, 8, 9, 10, 11, 12, 13, 14, 15, 16, 17, 18, 19, 20, 21, 22, 23, 24, 25, 26, 27, 28, 29, 30, 31, 32, 33, 34, 35, 36, 37, 38, 39, 40, 41, 42, 43, 44, 45, 46, 47, 48, 49, 50, 51, 52, 53, 54, 55, 56, 57, 58, 59, 60, 61, 62, 63, 64, 65, 66, 67, 68, 69, 70, 71, 72, 73, 74, 75, 76, 77, 78, 79, 80, 81, 82, 83, 84, 85, 86, 87, 88, 89, 90, 91, 92, 93, 94, 95, 96, 97, 98, 99, 100, 101, 102, 103, 104, 105, 106, 107, 108, 109, 110, 111, 112, 113, 114, 115, 116, 117, 118, 119, 120, 121, 122, 123, 124, 125, 126, 127, 128, 129, 130, 131, 132, 133, 134, 135, 136, 137, 138, 139, 140, 141, 142, 143, 144, 145, 146, 147, 148, 149, 150, 151, 152, 153, 154, 155, 156, 157, 158, 159, 160, 161, 162, 163, 164, 165, 166, 167, 168, 169, 170, 171, 172, 173, 174, 175, 176, 177, 178, 179, 180, 181, 182, 183, 184, 185, 186, 187, 188, 189, 190, 191, 192, 193, 194, 195, 196, 197, 198, 199, 200, 201, 202, 203, 204, 205, 206, 207, 208, 209, 210]"
7912,Trinh Ái :))))),[]
7913,Lê Minh Nhất đặc vụ Poppy đâu bro,[]
7914,Các cậu đéo đi học à 🤦‍♀️,"[8, 9, 10]"
7915,"page riết rồi như loz. Nội dung thì chỉ hướng đến đã kích người khác. Ăn nói thì nhảm loz vcc, biết cc gì về khó khăn người ta gặp phải mà bày đặt ý kiến. Nhớ ngày xưa page này quần què gì cũng chửi dc, nhưng mà chửi vui, chửi giải trí. Bây giờ thì toàn đả kích người khác. Zzz","[18, 19, 20, 50, 51, 52, 53, 54, 55, 56, 81, 82, 83, 84, 85, 86, 87, 88, 89, 90, 91, 92, 100, 101, 177, 178, 179, 180, 181, 182, 183, 184, 194, 195, 196, 197, 212, 213, 214, 215, 222, 223, 224, 225, 254, 255, 256, 257, 258, 259, 260]"
7916,Ca khia cuc manh =)),[]
7917,Loại này cho vài trái sầu riêng vào mặt là còn nhẹ :))),"[0, 1, 2, 3, 4, 5, 6, 7, 8, 9, 10, 11, 12, 13, 14, 15, 16, 17, 18, 19, 20, 21, 22, 23, 24, 25, 26, 27, 28, 29, 30, 31, 32, 33, 34, 35, 36, 37, 38, 39, 40, 41, 42, 43, 44, 45, 46, 47, 48, 49]"
7918,Cùng tâm trạng,[]
7919,Ứng tuyển ở đâu nhỉ,[]
7920,abe dạo này nóng quá à hoong quạo nha abe . số abe nó mở ra zị thôi chửi cc nè abe,"[68, 69, 70, 71, 73, 74]"
7921,A Van Nguyen còn anh ơi,[]
7922,Võ Công Hoàng cái lon má,"[18, 19, 20, 21, 22, 23]"
7923,Ám ảnh vl,"[7, 8]"
7924,Mẩn Phan đọc xong động lực trôi ngược mẹ hết ráo,"[38, 39]"
7925,chị minh hiếu nói chuyện quá duyên và vui.,[]
7926,Sống chậm cái con mẹ chúng mày,"[14, 15, 16, 17, 18, 19, 20, 21, 22, 23, 24, 25, 26, 27, 28, 29]"
7927,Trần Sinh Đức đến là làm phiền,[]
7928,"lũ bò tin rằng coi pháo bông tốt hơn xây tượng đài...rồi xem bóng đá lại hừng hực khí thế hưng phấn hơn gấp mấy lần pháo bông .... cuối cùng thì lôi thằng "" nát"" ngây ngô vào chơi đồ ...xong cả đám cười ngặt ngẹo happy vãi nồi ! đất nước lạc quan lạ cmn lùng ...","[0, 1, 2, 3, 4, 149, 150, 151, 152, 153, 154, 155, 156, 157, 158, 159, 194, 195, 196, 219, 220, 221, 222, 223, 224, 225, 250, 251, 252]"
7929,Việt Nam thì nó lại là lồn các cậu ạ 🤦🤦,"[23, 24, 25]"
7930,Con sâu gặm tiền,"[0, 1, 2, 3, 4, 5, 6, 7, 8, 9, 10, 11, 12, 13, 14, 15]"
7931,Cái con này nghiệp nặng quá anh iu á 🤬🤬🤬🤬🤬,"[4, 5, 6, 12, 13, 14, 15, 16, 17, 18, 38, 39, 40, 41, 42]"
7932,Bố mấy con bệnh....dcm chúng mày.Làm bố đau cả cứt,"[9, 10, 11, 12, 13, 14, 15, 16, 17, 22, 23, 24, 25, 26, 27, 28, 29, 30, 31, 32, 33, 34, 35, 36, 43, 44, 45, 55, 56, 57, 58]"
7933,"Chị cho hỏi , tên tham mỹ viện là vậy chị ??? 😀😀",[]
7934,Huy Hoàng =)),[]
7935,"Bảo Hà bùn lém á. Nma thui. Mong họ hiểu cho anh mình nè. A comeback, sức khỏe ổn định nv là vui rồi",[]
7936,Nguyễn Jonh nói lý hay ko nói lý thì vẫn là tự do ngôn luận,[]
7937,Ba má đụ chi cho uổng công uổng nghệ uổng nghễ quần quân uổng công tuột quần tèo lên tuột xuống banh loz đau loz đẻ lớn chơi trò gì md ghê. Iu minh Hiếu,"[6, 7, 67, 68, 69, 70, 71, 72, 73, 74, 75, 101, 102, 103, 109, 110, 111, 132, 133]"
7938,Nguyễn Huỳnh Bạc yêu cl,"[21, 22]"
7939,Câu chuyện là hay,[]
7940,Ra đường toàn khói bụi,[]
7941,Trượt 1 cái xác định,[]
7942,Ông này ghét trung cộng  mà  hình như ông ta  múa bài quyền  phù cáo  có mùi    Tàu khựa,"[8, 9, 10, 11, 13, 14, 15, 16, 17, 18, 19, 20, 21, 22, 46, 47, 48, 80, 81, 82, 83, 84, 85, 86, 87]"
7943,Công an nhưn dưn anh hùng ghê,[]
7944,Lúc đó tôi tưởng thế là ngầu,[]
7945,Nhìn chị sang ghê 💐💞💞💞😍,[]
7946,Đm thiên tai cũng đổ do cộng sản =))),"[0, 1]"
7947,Nay bú hơi nhiều,"[4, 5]"
7948,Ad nó táp mà tưởng chó táp cức ko.,"[3, 4, 6, 7, 8, 19, 20, 21, 22, 23, 24, 25, 26, 27, 28, 29]"
7949,Oc cho,"[0, 1, 2, 3, 4, 5]"
7950,"Bơm chủ nghĩa dân tộc như bơm ma túy. Càng ngày càng nhiều, ngày càng trầm trọng.","[0, 1, 2, 26, 27, 28, 29, 30, 31, 32, 33, 34, 35, 70, 71, 72, 73, 74, 75, 76, 77, 78, 79]"
7951,Tranh cho va bong sa ban gai cung kg gai trai chan ra trai hahahA,[]
7952,@Phú Đại GMTV tao nhắc đấy thì sao tml,"[14, 15, 16, 35, 36, 37]"
7953,Anh này có kết quả âm tính từ tối qua r nha,[]
7954,Phản dame cực gắt -)),[]
7955,Thuyết phục vcl =)))),"[12, 13, 14]"
7956,Khổ thân bác ..,[]
7957,chị hiếu thiệt tình mà gặp bạn vậy,[]
7958,sena cũng có có tuổi nhưng tiuooir lôn,"[35, 36, 37]"
7959,Trinh Te ơ chả đúng. ngta hứa thế nào thực hiện đúng thế thôi 🤣,[]
7960,Thanh Trẻ Trâu đm :)))),"[6, 7, 8, 9, 10, 11, 12, 13, 14, 15, 16]"
7961,Lâm chí khanh nói chuyện nge mắt mệt,[]
7962,Tao lao,"[0, 1, 2, 3, 4, 5, 6]"
7963,rất tiếc là không đủ số phiếu để luận tội bà carie LAM.,[]
7964,con mèo hay nhậu nhẹt cũng dc mời ăn cơm kìa,[]
7965,Vlòn.,"[0, 1, 2, 3]"
7966,nha tien tri tran dan co don duoc khi nao minh bi nhiem corona hay khong,[]
7967,Lê Thương hợp lý ahhaaha,[]
7968,Chị  nói chuyện chân thành mà,[]
7969,Trung sơ mi trắng có làm chị em lo lắng :v,[]
7970,Sao tui khoái cô này noi chuyện ghê 😍😍 tối ngày mở lên coi cô chửi hoài 😅,[]
7971,Ả Ả Ả...,[]
7972,Đặng Công Vinh loại mày có cặc tiền mà mua loại xin,"[15, 16, 17, 18, 19, 20, 21, 22, 27, 28, 29]"
7973,Game mới à,[]
7974,"Nhìn sói mad mình ghen tị luôn á :3 mình ước gì hồi bé có cả bố và mẹ ngồi cùng 1 mâm cơm, h cũng ước v mà chắc chẳng bao h được quá",[]
7975,Xàm quá có tiền mới tới đó được chứ làm ko,"[0, 1, 2]"
7976,Chưa được một lần xem phim trong rạp,[]
7977,Khóc cc. Nước mắt cá sấu. Đồ giả mà toàn chốt đơn r quăng. Ngoài giới chỉ thấy mày dơ xạo lồn thôi haha,"[5, 6, 9, 10, 11, 12, 13, 14, 15, 16, 17, 18, 19, 20, 21, 22, 23, 79, 80, 81, 83, 84, 86, 87, 88, 89, 90, 91, 92]"
7978,Được anh ơi :)),[]
7979,Ngu cmm.,"[0, 1, 2, 3, 4, 5, 6]"
7980,"Đường sắt Cát Linh- Hà Đông cũng vậy,dân cũng đóng thuế để nuôi cẩu quan và Tàu+!!!","[59, 60, 61, 62, 64, 65, 66, 67, 68, 69, 70, 71, 76, 77, 78, 79]"
7981,"Anh bao ve di dc thi minh cung di dc tru phi ong can bo ay ko fai la nguoi . lot giay , xan quan ma loi wa thi se dep long dan do","[45, 46, 47, 48, 49, 50, 51, 52, 53, 54, 55, 56, 57, 58, 59, 60, 61, 62, 63, 64, 65, 66, 67, 68, 69, 70, 71, 72, 73]"
7982,:)) có ai đọc bài chưa nhễ,[]
7983,Châu la gi cua chi vay,[]
7984,Súc vật ???,"[0, 1, 2, 3, 4, 5, 6]"
7985,ở mỹ ns cái lồn gì k đc,"[5, 6, 7, 8, 9, 10, 11, 12, 13, 14, 15, 16, 17, 18, 19, 20, 21, 22]"
7986,K đc nhận lì xì 😢,[]
7987,abe ochco =))),"[4, 5, 6, 7, 8]"
7988,Nhìn thấy sợ mẹ rồi ăn cc j nữa,"[13, 14, 23, 24]"
7989,Tắt cái bảo vệ ban đêm đi dkmm,"[26, 27, 28, 29]"
7990,"Có vừa đâu mà khóc lóc, nước mắt giả tạo như nước hoa vậy đó","[14, 15, 16, 17, 18, 19, 20, 21, 33, 34, 35, 36, 37, 38, 39]"
7991,"biết bao xương máu của con dân Việt Nam đã đổ xuống nhuộm đỏ mảnh đất này mới có được ngày hôm nay, vì lòng tham không đáy mà bọn chó cộng sản tiếp tay cho trung cộng tàn phá đất nước, rồi sau này con cháu sẽ đào mã chôn xác bọn mày cùng tổ tiên nhà bọn mày lên rủa, bọn mày có chết cũng không được yên đâu,","[126, 127, 128, 129, 130, 131, 132, 156, 157, 158, 159, 160, 161, 162, 163, 164, 165, 167, 168, 169, 170, 171, 172, 173, 209, 210, 211, 212, 213, 214, 215, 216, 217, 218, 219, 220, 221, 222, 223, 225, 226, 227, 228, 229, 230, 231, 238, 239, 240, 241, 242, 243, 244, 245, 246, 247, 248, 249, 250, 251, 252, 253, 254, 255, 256, 262, 263, 264, 267, 268, 269, 270, 271, 272, 273, 278, 279, 280, 281]"
7992,tôi thấy bác viết bài nói cũng đúng!,[]
7993,Cả họ con này bị ma ám,"[0, 1, 2, 3, 4, 5, 6, 7, 8, 9, 10, 11, 12, 13, 14, 15, 16, 17, 18, 19, 20, 21]"
7994,"Ở cái tuổi chênh vênh gần bước vào đời này, chả biết nên đi theo con đường nào, tìm công việc như nào vv. Chưa hề có suy nghĩ xác thực. Có lẽ sống cho gia đình thôi, đam mê gác hẳn sang bên 🤦‍♀️",[]
7995,Ngo BoiNgoc giống bên Úc lợn. Tự cách ly nên mới có chuyện dương tính vẫn đi siêu thị shopping. Đang chờ kqua xét nghiệm vẫn đi hoà nhạc 🤣 vl dân chủ. Nghĩ nó chán,"[25, 26, 27, 139, 140]"
7996,Mở mồm ra chửi Bắc kỳ rồi lại bị mấy anh Bắc tìm thôi,"[3, 4, 5, 15, 16, 17, 18, 19, 20]"
7997,abe làm hết mà 🤗,[]
7998,Đôi này trên sốp pe bán trăm rưỡi :)),[]
7999,Tâm bất biến giữa dòng đời vạn biến ở hang 3ron :DD,[]
8000,:((((,[]
8001,Hoàng Đình Dũng đi xa chỗ này ra,[]
8002,Quả tóc huyền thoại anh ơiiii,[]
8003,🌱❤️💕🌲🇻🇳🌍: Trần Dần.,[]
8004,Huỳnh Vicky vui màaa,[]
8005,"Lại nghĩ cảnh tập trận chống bạo động đại hội Đảng. Cứ tập trận như đúng rồi, sợ dân ta đến biểu tình nên phải làm vậy đây mà","[52, 53, 54, 55, 56, 57, 58, 59, 60, 61, 62, 63, 64, 65, 66, 67, 68, 69, 70, 71, 72, 73, 74, 75, 76, 77, 78, 79, 80, 81, 82, 83, 84, 85, 86, 87, 88, 89, 90, 91, 92, 93, 94, 95, 96, 97, 98, 99, 100, 101, 102, 103, 104, 105, 106, 107, 108, 109, 110, 111, 112, 113, 114, 115, 116, 117, 118, 119, 120, 121, 122, 123, 124]"
8006,Okey anh,[]
8007,Nhanh vl các ông:)),"[6, 7]"
8008,"Khổ ghê, đã bảo là không xem Dần nữa rồi. Zị mà tấc nhiên là thấy cái mặt lại là tấc nhiên xem.",[]
8009,Anh xin lỗi tùng đi. Sữa cho tùng tháng này thế nào???,[]
8010,Kien Ne dự án tốt thật =))),[]
8011,April's Foollllll 🙈,[]
8012,Qua Đông Lào du lịch mà làm kiểu này nó đấm cho vỡ mồm :)),"[37, 38, 40, 41, 42, 48, 49, 50, 51, 52, 53]"
8013,Hồ Thị Trúc Phương uak..khoảnh khắc huyền thoại ra đời 🤣🤣,[]
8014,Khon nan lu tham nhung,"[0, 1, 2, 3, 4, 5, 6, 7, 9, 10, 11, 12, 13, 14, 15, 16, 17, 18, 19, 20, 21]"
8015,Co ba oi co ba dep qa,[]
8016,Méo biết hát cái h,"[0, 1, 2]"
8017,Chuc cô van su nhu y,[]
8018,Trung nút vàng bá dơ,"[15, 16, 17, 18, 19]"
8019,Nghe có vẻ đáng yêu nhunge lại raats dễ thương,[]
8020,MONG MNG GIÚP ĐỠ,[]
8021,Thu Hít trẻ trâu,"[8, 9, 10, 11, 12, 13, 14, 15]"
8022,Diệp Đình Huy chắc bạn không hiểu từ đấy,[]
8023,"Anh Hồng Nhung thế mình nói vô lí ở where ?, thắc mắc thôi có được k ?",[]
8024,"Quả nhiêng là cao thủ độ nhức thiêng hạ,tại hạ xưn bái phục,bái phục.!.,mong đại ca không chớt,không chớt..,qua mùa dịch,mong được tái ngộ,tái ngộ..",[]
8025,Nhìn mặt hãm vãi,"[9, 10, 11]"
8026,Thanh Tuyền ko khác nhau mấy. :),[]
8027,Lắm tiền mà chả có nổi ý thức của loài người :)),"[12, 13, 14, 15, 16, 17, 18, 19, 20, 21, 22, 23, 24, 25, 26, 27, 28]"
8028,Lol con điên,"[0, 1, 2, 4, 5, 6, 7, 8, 9, 10, 11]"
8029,"Tại sao có nhiều người, không phải chê mà là chửi :",[]
8030,Ha Truong quần què j v @@,"[10, 11, 12, 13, 14, 15, 16, 17]"
8031,Mới nhìn thầy thay đồ mà giờ nằm một cục rồi,[]
8032,Việt Nam cố gắng lên tất cả cùng chung sức thì dịch bệnh gì cũng sẽ vượt qua để cho bọn Hàn Quốc ngu ngục sướng mà không biết điều phải hối hận khi xem thường Việt Nam 💪💪💪🇲🇦🇲🇦🇲🇦,"[84, 85, 86, 97, 98, 99, 100, 101, 102, 103, 104, 115, 116, 117, 118, 119, 120, 121, 122, 123, 124, 125, 126, 127, 128, 129, 148, 149, 150, 151, 152, 153, 154, 155, 156, 157]"
8033,BenBen Duong cùy,[]
8034,ủa cô là gì của Châu ạ ?,[]
8035,Admin ban bỏ những thằng câu like chúc năm mới giúp với. Dị ứng bọn này vl,"[19, 20, 21, 22, 23, 64, 65, 66, 72, 73]"
8036,Vãi thị lồn,"[0, 1, 2, 3, 4, 5, 6, 7, 8, 9, 10]"
8037,hitman :))),[]
8038,Chao chi 3 vang Ngọc,[]
8039,Mạng nguoi rẻ bèo,"[0, 1, 2, 3, 4, 5, 6, 7, 8, 9, 10, 11, 12, 13, 14, 15, 16]"
8040,"những cái thuộc về văn hóa thì ko thuộc quốc tịch nào cả, con người lựa chọn cái hay cái đẹp làm khuôn mẫu để theo, và bài trừ cái ác, cái xâu",[]
8041,Tình hình là chưa được lên fan cứng anh ạ,[]
8042,20/10 em tăng abe một bó nhan nhé!,"[22, 23, 24, 25, 26, 27, 28]"
8043,Cuối cùng anh đã trở lại. Em tưởng anh biến mất luôn cho em mừng 🙂 thiệt là tình( nội dung mang tính giải trí. Ko có ý anti hay ghét ai),[]
8044,dm ông can!,"[0, 1]"
8045,Vải lông gì tỷ nổ lằn nổ lốn dell ai quan tâm,"[0, 1, 2, 3, 4, 5, 6, 7, 15, 16, 17, 18, 19, 20, 21, 22, 23, 24, 25, 26, 27, 29, 30, 31, 32]"
8046,Triệu Kim Nhung trầm cảm🤦🏻‍♀️,[]
8047,Bắt mối các cô cho QNT đi :))),[]
8048,năm nay đông lào chắc vào tận chung kết quơn-cấp mới mong đủ liều mocphin cho lũ cừu cáo ngơ !,"[78, 79, 80, 81, 82, 83, 84, 85, 86, 87, 88, 89, 90, 91]"
8049,Đã dislike mv của Jack để ủng hộ Cây Ây Ti Em,[]
8050,Vì nó là người nước ngoài nên phải qua đại sứ quán,[]
8051,Xong nó bán nước ta cho trung quốc rồi!,"[5, 6, 8, 9, 10, 11, 12, 13, 14, 15]"
8052,- Ông hùng với bà Tư nha câu chuyện đã được giải đáp lâu nay ở phít 13:20 haha cười đau bụng,[]
8053,Tôi Thích Chú P. Anh giúp đỡ cho nhiều người ngèo. Còn DMCS. Đéo làm được con cặc gì hết toàn là làm mầu thôi,"[55, 56, 57, 58, 61, 62, 63, 64, 65, 66, 67, 68, 69, 70, 71, 72, 73, 74, 75, 76, 77, 78, 79, 80, 81, 82, 83, 97, 98, 99, 100, 101, 102, 103]"
8054,Hoàng Sa,[]
8055,Nhà con Nhung đầu heo rất giàu hãy bắt phạt nó bồi thường thiệt hại..ko để yên dc đâu,"[4, 5, 6, 7, 8, 9, 10, 11, 12, 13, 14, 15, 16, 17, 18, 19, 20, 44, 45]"
8056,Cực kì thuyết phục ❤,[]
8057,Yêu cl gì? Nhà bao việc,"[4, 5]"
8058,This is Việt Nam !!!,[]
8059,"Nếu ông này đem thử nghiệm rồi chết vì tai nạn. Thằng chó ad lại bảo: Cơ quan nhà nước ko quản lí, theo dõi để người dân chết vì phát minh của mình. Ex","[31, 32, 33, 34, 48, 49, 50, 51, 52, 53, 54, 55, 56, 121, 122, 123, 124]"
8060,Cái này tao đéo đồng ý,"[8, 9, 10, 12, 13, 14]"
8061,Để bạn em đánh hộ thầy,[]
8062,Mỹ Linh Đỗ,[]
8063,Lê Văn Đạt 😭😭 cô giáo tự ở nhà luôn ko dám ra ngoài cửa nhà nửa bc,[]
8064,Bạn đó đang nói móc con cháu thằng hồ nói miền Nam VN lúc trc đó sao có nhiều người ngây thơ ghê.,"[12, 13, 14, 15, 16, 17, 18, 29, 30, 31, 32, 33, 84, 85, 86, 87, 88, 89, 90, 91]"
8065,Thịnh Hồ buồn,[]
8066,Võ Thành Toàn màn solo nhanh nhất,[]
8067,Cũng biết tụi nó ngu nhưng mà -_- quá ngu,"[10, 11, 12, 13, 14, 15, 17, 18, 19, 38, 39, 40]"
8068,BaLight Liên Minh susan hay hơn 😂,[]
8069,Phương Tú ai biết người nghe đâu mà mấy bài đấy vẫn hit😀,[]
8070,Có  tiền  đâu mà  sửa  soạn  chị,[]
8071,ạc đó dính ạc lq vip vãi lồn ra,"[21, 22, 23, 24, 25, 26, 27]"
8072,Sống chậm thui các bro =)),[]
8073,Chất của lóoo,[]
8074,Mấy cái người mà kỳ thị lgbt thì quá là lạc hậu. Chết 1000000000000000000000 kiếp cũng chưa hết mù nữa,"[0, 1, 2, 3, 4, 5, 6, 17, 18, 19, 20, 21, 22, 40, 41, 42, 43, 44, 45, 46, 49, 50, 51, 52, 96, 97]"
8075,Ôi thầy tôi:((,[]
8076,Nghe mắc cười ghê 😂😂😂,[]
8077,thế cơ á 😂,[]
8078,Em sẽ sub cho abe kênh mới yên tâm nha abe :>,[]
8079,Không hay thực sự,[]
8080,Co ba noi chuyen hay qua,[]
8081,mai tao xin đi làm dân quân xong t đi tìm ra mày giết mày ad ạ đồ phản động :v dlv dạo này hoạt động ghê lm,"[4, 5, 6, 33, 45, 46, 47, 49, 50, 51, 52, 54, 55, 56, 66, 67, 68, 69, 70, 71, 72, 73, 74]"
8082,thấm vãi l*n :'<,"[9, 10, 11]"
8083,Bỏ qua lạm phát mất giá của VND à ??,[]
8084,cho đi cách ly 14 năm cho nhớ .sống thua cả con vàng,"[31, 32, 33, 34, 35, 36, 37, 38, 39, 40, 41, 42, 43, 44, 45, 46, 47, 48, 49, 50, 51]"
8085,nhà thầy đâu tết ghé coi\.,[]
8086,How to nói đểu vợ :)),[]
8087,Đúng r. Cho phép c.nó thì c.nó ms xả thải và mạnh mồm như thế chứ. Lũ chó chết cs,"[17, 18, 19, 20, 26, 27, 28, 29, 34, 35, 36, 37, 38, 39, 40, 45, 46, 47, 48, 49, 50, 51, 52, 67, 68, 69, 70, 71, 72, 73, 74, 75, 76, 77]"
8088,Nhìn bản mặt Thành Long nhầm tưởng nhân hậu nhưng bản chất vô hậu,"[59, 60, 61, 62, 63, 64]"
8089,Luật do bọn tham nhũng soạn ra thì đương nhiên là luật phải bảo vệ bọn chúng rồi,"[8, 9, 10, 11, 12, 13, 14, 15, 16, 17, 18, 19, 20, 21, 67, 68, 69, 70, 71, 72, 73, 74, 75]"
8090,"Huỳnh Hòa ông Quang phông bạt vào đây tán con Thốn mặt lằm rõ ràng kìa bạn, giờ sao? Chơi hay nghỉ? Ks thế lồn nào lại dc với ca sĩ đây :'(","[38, 39, 40, 46, 47, 48, 49, 50, 51, 52, 53, 54, 55, 56, 57, 107, 108, 109]"
8091,Em cầm cái này phang vào sự chu đáo của anh Ba =))),"[15, 16, 17, 18, 19]"
8092,Trần Tân Kiệt khịa atm nữa 😌,[]
8093,"Chán đến nỗi ct đéo cần lý do, đéo đau khổ và đéo rơi giọt nước mắt nào. Có 1 kiểu ct gọi là hp vãi loz.","[16, 17, 18, 31, 32, 33, 46, 47, 48, 96, 97, 98, 99, 100, 101, 102]"
8094,Thì ms gọi là Linh cá lóc,[]
8095,Nguyễn Đăng Dự nhục mặt fan Mu bạn ơi,"[15, 16, 17, 18, 19, 20, 21, 22]"
8096,"Chào em ! Hôm nay em đẹp lắm luôn . Bọn chị ủng hộ em ! Em hãy dùng văn hóa chửi - Chửi đau chửi đớn con chó Linh em nhé .
Chào em .","[76, 77, 78, 79, 83, 84, 85, 86, 87, 88, 89, 90, 91, 92, 93, 94, 95, 96, 97, 98, 99, 101, 102, 103, 104, 105, 106, 107]"
8097,Đm. Rửa tiền phong cách COCC,"[0, 1, 4, 5, 6, 7, 8, 9, 10, 11, 12, 13, 14, 15, 16, 17, 18, 19, 20, 21, 22, 23, 24, 25, 26, 27]"
8098,"Lê Tuấn Nào nào, Đừng khịa k98 của em chứ anh =))))",[]
8099,Nhớ tất cả ace cộng đồng mạng giúp e vs ạ nhất là ae thanh hóa ạ,[]
8100,Sao anh bảo là người ta viết điêu cho anh. Đó là hiểu hiện của sự lươn lẹo dồi,"[66, 67, 68, 69, 70, 71, 72, 73]"
8101,Bộ hạ,[]
8102,Con khô wa ma ơi cho con chen cơm,[]
8103,":)))) sao anh đếch ở nước ngoài luôn đi về đây làm gì để bị ""đối xử "" như thế. Câm mẹ mồm ông vào. Có tí tiền lo mà bổ túc lại cái não đi","[14, 15, 16, 17, 79, 80, 81, 82, 83, 84, 85, 86, 87, 88, 99, 100, 101, 102, 103, 104, 105, 106, 107, 108, 109, 110, 111, 112, 113, 114, 115, 116, 117, 118, 119, 120, 121, 122, 123, 124, 125, 126, 127, 128, 129, 130, 131, 132, 133]"
8104,Chuì lol là chui gi vaÿ?,"[0, 1, 2, 3, 4, 5, 6, 7]"
8105,I love you to ca mo,[]
8106,nên xem từ phút 7:00,[]
8107,Mé cười ỉa😁😁😁😁😁,[]
8108,Người Cao Bằng đẹp trai là thế đấy các bạn ạ 😆,[]
8109,Ở một diễn biến khác =)),[]
8110,Sau đó anh tôi chạy thẳng vào kho lấy ra cái búa từ đó đéo thấy anh tôi stream củ cặc gì nữa =)),"[55, 56, 57, 79, 80, 81, 82, 83, 84]"
8111,Cái XH chó đàn hút máu.Triệt đường sống dân đen,"[0, 1, 2, 7, 8, 9, 10, 11, 12, 13, 14, 15, 16, 17, 18, 19, 20, 21, 23, 24, 25, 26, 27, 28, 29, 30, 31, 32, 33, 34, 35, 36, 37, 38, 39, 40, 41, 42, 43, 44, 45, 46]"
8112,Sao k xoá thuế cho nông dân. Lm ăn thua lỗ tự chịu,[]
8113,"Thế là tự các ông suy ra chữ thiên đường, tự nhét chữ vào mồm chứ đảng ko nói đúng ko","[45, 46, 47, 48, 49, 50, 51, 52, 53, 54, 55, 56, 57, 58, 59, 60]"
8114,Anh Trung sonic :)),[]
8115,Chi ba hột le cũng gia nữa  vàng mã âm binh,"[7, 8, 9, 10, 11, 12, 13, 31, 32, 33, 34, 35, 36, 37, 38, 39, 40, 41, 42, 43, 44, 45, 46, 47]"
8116,Cá thấy người lặn đó mấy bác ;)),[]
8117,"đem bom mà rải thảm cho rồi chứ bọn này nát lắm rồi, nó có phân biệt được những người phụ nữ như mẹ nó nữa đâu, ái zà","[4, 5, 6, 37, 38, 39, 40, 47, 48, 49, 50, 63, 64, 65, 95, 96, 97, 98, 99, 100, 101, 102, 103, 104, 105, 106, 107, 108, 109, 110, 111, 112, 113, 114, 115, 116, 117, 118, 119, 120, 121]"
8118,Anh ba sẽ là người có nút bạc nhanh thứ 2 mà đừng lo aba ơi,[]
8119,thằng ad thích thì thử ra cứu đi dm ở đây mà nhìn nhìn ..nhìn cái cmm ấy :3 làm như dễ lắm .. bây giờ mày có cơm ăn nước uống mà ko bị dí súng vào đầu như bên trung đông là nhờ ai hả thằng này ???? sủa như 1 con chó dại,"[0, 1, 2, 3, 4, 33, 34, 66, 67, 68, 102, 103, 104, 132, 133, 134, 135, 136, 137, 138, 139, 140, 141, 142, 143, 144, 145, 146, 147, 148, 149, 150, 151, 152, 153, 154, 155, 156, 157, 158, 159, 160, 161, 162, 163, 164, 165, 166, 167, 168, 183, 184, 185, 186, 187, 188, 189, 190, 191, 198, 199, 200, 201, 202, 203, 204, 205, 206, 207, 208, 209, 210, 211, 212, 213, 214, 215, 216, 217, 218]"
8120,Nghe đệ nhất danh hài TD cũng đỡ buồn.,[]
8121,Con này cũng xàm lồn lên chửi qua chửi lại chủ yếu nó ăn tiền nhà mạng . Con khùng thúi,"[0, 1, 2, 13, 14, 15, 16, 17, 18, 19, 25, 26, 27, 28, 29, 30, 31, 32, 33, 34, 35, 36, 37, 38, 39, 40, 41, 51, 52, 73, 74, 75, 76, 77, 78, 79, 80, 81, 82, 83, 84, 85, 86]"
8122,Bọn 3/// tuột quần và bọn CCCĐ lúc này chui đi đâu mất mà kg nghe thấy chúng sủa vậy anh Vũ Hoàng Lân? Hay là chúa rước bọn chúng xuống địa ngục hết rồi?,"[0, 1, 2, 3, 4, 5, 6, 7, 8, 9, 10, 11, 12, 13, 14, 15, 16, 17, 22, 23, 24, 39, 40, 41, 42, 71, 72, 73, 74, 75, 77, 78, 79, 120, 121, 122, 123, 124, 125, 126, 127, 128, 136, 137, 138, 139, 140, 141, 142, 143]"
8123,Siêu lạm phát,[]
8124,Làm ngày đc nhiêu tiền Ad...ahihi,[]
8125,Hoang Vo hay,[]
8126,Thế lúc nta nó cắm nhà vay ngân hàng để mở bạn có chịu hộ đồng lãi nào ko,[]
8127,Tập này thấy hay nhất trong tất cả các tập come out 😆🤣 Lisà Cai Lậy xinh quá đi,[]
8128,Huhu toang,"[5, 6, 7, 8, 9]"
8129,Ai nhập mẻ dậy trời . hôm nay mới xem  đồ bại hoại he....,[]
8130,Nguyễn Ngọc Uyên Hay bây giờ tôi với bạn đi làm ở cty này rồi nghỉ nhưng vẫn nhận tiền nhỉ :)),[]
8131,Thầy nhớ chụp ảnh cùng giang cốt nhé! Em có gặp và giới thiệu về thầy giáo án susan đó 😂,[]
8132,Dkm chửi hay lắm. Chửi hay lắm,"[0, 1, 2, 4, 5, 6, 7, 18, 19, 20, 21]"
8133,Cực kỳ thuyết phục !!,[]
8134,K thích nghe rap nhưng cũng thấy hài,[]
8135,Ơ hihi,[]
8136,HÌNH NHƯ THIẾU 4X :3,[]
8137,Đừng có mà tiếp tay cho gian thương đầu cơ tích trữ,[]
8138,Bọn cặn bả xã hội,"[0, 1, 2, 3, 4, 5, 6, 7, 8, 9]"
8139,Sao ko họp từ sáng đi mà lại họp chiều vậy. Bộ muốn họp chiều để dc nghĩ sớm hé,[]
8140,ủa ngồi live huh,[]
8141,😂😂😂🙏,[]
8142,Nguyễn Thuận k hay thì bảo k hay? Căng clgb,"[39, 40, 41, 42]"
8143,191 tài trợ chương trình này,[]
8144,học trò lol,"[8, 9, 10]"
8145,Chua thay thang bede nao sau nhu thang quy nay no banh noc,"[10, 11, 12, 13, 14, 16, 17, 18, 19, 33, 34, 35, 36, 37, 39, 40, 41, 47, 48]"
8146,3 pro player phải gánh 1 con gà 1000kg,"[25, 26, 27, 28, 29, 30, 31, 32, 33, 34, 35, 36, 37]"
8147,Tuổi ông mà dính côvi là xong đấy.,[]
8148,Luke Nguyễn 88 bảng mặt nó ko bằng lông lồn của ngtrinh nữa kk,"[15, 16, 17, 18, 19, 20, 21, 22, 23, 24, 25, 26, 27, 28, 29, 30, 31, 32, 33, 34, 35, 36, 37, 38, 39, 40, 41, 42]"
8149,"học đi, mốt có gộp thành 1 cũng ko bỡ ngỡ =))",[]
8150,dong quan hêt chô ninh hả,[]
8151,Con yêu nghiệt ở đâu trồi lên dậy,"[0, 1, 2, 3, 4, 5, 6, 7, 8, 9, 10, 11, 12, 13, 21, 22, 23, 24]"
8152,Đừng quá tin :)),[]
8153,Đây là cách bạn muốn khoe cả 2 cái quần vừa mới mua 🥴,[]
8154,35:01:00,[]
8155,Lâm Đình Khoa hôm qua làm pha 7-2,[]
8156,Phim xem chán vcc vừa xem vừa ngủ gật. Thế mà cũng #1 doanh thu mở màn 😞,"[14, 15, 16]"
8157,"Ad nói đúng,còn những thằng phản bác ở đây toàn là lũ vô học nói làm đéo gì","[26, 27, 28, 29, 30, 31, 61, 62, 63, 64, 65, 66, 67, 68, 69, 70, 71, 83, 84, 85, 86]"
8158,Nguyen Ngoc Tam gia phú phải không 😂,[]
8159,con yêu mẹ :x,[]
8160,Nguyễn Đăng Dự nhục mặt fan mu v bạn,"[15, 16, 17, 18]"
8161,dường như cô không muốn MXH và Fan tung hô cô nữa :(( thấy hơi phũ với fan,[]
8162,Sao em k thấy hiện fan cứng ?,[]
8163,"Thấy thằng nào ở đó hơm???---Cái thằng mới trả đũa cho anh, nó đang ăn bằng máng","[5, 6, 7, 8, 9, 33, 34, 35, 36, 37, 43, 44, 45, 46, 47, 48, 49, 68, 69, 70, 71, 72, 73, 74, 75, 76, 77, 78, 79]"
8164,Nguyễn Tiến Đạt hình như bạn tôi fan đội này :>,[]
8165,Chưa thấy cho nghỉ :),[]
8166,Phạm Anh Thư nhớ homie qué =)))),[]
8167,Quất chết mẹ nó,"[0, 1, 2, 3, 4, 5, 6, 7, 8, 9, 10, 11, 12, 13, 14]"
8168,Mê cô quá,[]
8169,3 bài mà cứ từ từ :3,[]
8170,0:24,[]
8171,mốt là mỗi xe phải đem theo 1 cái phao phòng trường hợp té ao nhé,[]
8172,10h lên stream nghe gáy chị em oiiiiiiii,[]
8173,suc vat nao like 70 thế đm nó. để 69 like cho bố m nhờ,"[0, 1, 2, 3, 4, 5, 6, 24, 25, 26, 27, 28, 46, 47, 48, 49]"
8174,Góp vui một tí :3,[]
8175,Sai lầm tuổi trẻ là muốn mình lớn thật nhanh,[]
8176,"Lúc trc nó lập trang này ra k vấn đề j , mỗi lần nó đăng là cả mấy nghìn lượt like , giờ bạn thấy đấy , theo con đường này giờ nhìn lại nó có 88 cái like , thôi thì mình cũng bố thí cho nó 1 like coi như công pót bài .. Haha","[8, 9, 49, 50, 136, 137, 175, 176, 177, 178, 179, 180, 186, 187]"
8177,Rìa lý,[]
8178,Nhím săn em này :((,[]
8179,nói dối làm tim tan nats,[]
8180,"LÚC ĐÓ CHỊ CÔNG ĐỨC VÔ LƯỢNG ,, TRỜI SẼ PHÙ HỘ  CHO  CHỊ",[]
8181,Em yêu anh từ thuở tóc dài,[]
8182,"Chào các anh chị em. Anh chị nào bị hôi miệng, vàng răng, ê buốt răng ,nhiệt miệng ,chảy máu chân răng, nhà có trẻ bị bệnh răng miệng như sâu răng, viêm lợi,nấm lưỡi thì e có CỐT THẢO DƯỢC dùng thay kem đánh răng cho cả nhà kể cả trẻ nhỏ. Cam kết hoàn tiền nếu k hiệu quả .ib hoặc gọi 0382840132",[]
8183,Xã hội bây giờ..công an làm bố đời thiên hạ..chánh án chịt nhau trong cơ quan..dân oan bị cướp đất...đậu xanh rau má...đất nước đáng sống..,"[28, 29, 30, 31, 32, 33, 54, 55, 56, 57, 90, 91, 92, 93, 101, 102, 103, 104, 105, 106, 107, 108, 109, 110, 111, 112, 113, 114, 115]"
8184,Thùy Trang :)) thứ điên nó v á mày,"[15, 16, 17, 18, 19, 20, 21, 22, 24, 25, 31, 32, 33]"
8185,Con người sống để nại cái ĐỨC người ta có chồng có con nhỏ dại  người ta đâu có đi cướp giật lừa đảo ai ? Chọc và chửi người có bệnh tâm thần để làm gì ác đức lắm đấy,"[97, 98, 99, 100, 101, 102, 103, 104, 105, 106, 107, 109, 110, 111, 112, 113, 114, 115, 116, 117, 124, 125, 126, 127, 128, 134, 135, 136, 137, 138, 180, 181, 182, 183, 184, 185, 186, 187]"
8186,Ý thức cộng đồng đ có thì ac sống làm chi z trời🥴,"[17, 29, 30, 31, 32, 33, 34, 35, 36, 37, 38, 39, 40]"
8187,"Nợ công thì dân gánh nữa chứ ai, chúng nó đc dân nuôi chứ lm đéo j, k bik dân ta còn bị đì tới mức nào nữa, lũ súc sinh","[33, 34, 35, 36, 37, 38, 39, 40, 58, 59, 60, 61, 62, 63, 64, 65, 88, 89, 108, 109, 110, 111, 112, 113, 114, 115, 116, 117, 118]"
8188,Đánh nhà cho a :)),[]
8189,dancer chiếm hết chỗ rồi chỗ đâu kây-atm ngồi đờn 😢,[]
8190,Bọn cấp cao nó bắt đi chứ có muốn đi đâu sợ bỏ mẹ ra,"[0, 1, 2, 44, 45, 46, 47, 48]"
8191,Boac là cha là mẹ chúng nó !!!! . Khổ cái boac là người KHỰA nên mới đau . TỨC LÀ BÂY CON HOANG CỦA KHỰA PHẢI GỌI KHỰA BẰNG ÔNG NỘI NGOẠI,"[18, 19, 20, 21, 22, 23, 24, 25, 56, 57, 58, 59, 82, 83, 84, 85, 86, 87, 88, 89, 90, 91, 92, 93, 94, 95, 96, 97, 98, 99, 100, 101, 102, 103, 114, 115, 116, 117]"
8192,Bạn ấy nói thì đúng nhưng nó tỉ lệ nghịch với cái họ làm nói toẹt ra bọn đa cấp toàn nói đạo lí nên mới nhiều ng bị lừa,"[57, 58, 59, 60, 61, 62, 63, 64, 69, 70, 71, 85, 86, 87, 88, 89, 90, 91, 92, 93, 94, 95, 96, 97, 98, 99, 100, 101, 102, 103, 104, 105, 106, 107, 108, 109, 110, 111, 112, 113, 114, 115, 116, 117, 118]"
8193,Tuyết Nhi 😶,[]
8194,"Cảm ơn nhà sư.những nơi # thì_,thà lang thang thế này còn hơn vào trung tâm BT cho các loại quỷ đội lốt người có cơ hội ấu dâm😭","[92, 93, 94, 95, 96, 97, 98, 99, 100, 101, 102, 103, 104, 105, 106, 107, 108, 120, 121, 122, 123, 124, 125]"
8195,Đm tố chất,"[0, 1]"
8196,Chúc cho team REFUND GAMING và những ai thấy ảnh này 1 năm mới ấm áp bên gia đình và những người mình thương nhé 🥰🥰,[]
8197,Abe vô địch Abe vô đối :< em mãi yêu Abe,[]
8198,dừng luôn cũng được,[]
8199,Vân Nhi,[]
8200,Trông thầy giống bê đê vcl :))),"[17, 18, 19, 20, 21, 22, 23, 24, 25]"
8201,Về tới quê t rồi đây nè 😭😭,[]
8202,Cá lóc đeo dây xích chó kìa,"[15, 16, 17, 18, 19, 20, 21, 22]"
8203,Tụt hứng kk,[]
8204,"Khu đặc trị của tàu, nó muốn làm cmg thì kệ cha nó. Mấy bác cứ thích ý kiến ý cò.. :'(","[21, 22, 33, 34, 35, 41, 42, 43, 44, 45, 46, 47, 48, 49]"
8205,Văn Phụng tui đi trc trend :)),[]
8206,Ng nổi tiếng !!!,[]
8207,"báo viết tiếu thấy moẹ ! 2 thằng kia nó không bỏ phong bì 1tr usd cho mấy thằng duyệt thầu thì đúng hơn ! làm việc với mấy thằng đuỹ xứ lừa mà thiếu ""bôi trơn"" là không thông được chúng nó đâu !","[9, 10, 11, 12, 13, 14, 15, 16, 17, 18, 19, 20, 21, 27, 28, 29, 30, 31, 46, 47, 48, 49, 50, 51, 52, 53, 54, 55, 56, 74, 75, 76, 77, 78, 123, 124, 125, 126, 127, 128, 129, 130, 131, 132, 133, 134, 135, 136, 137, 138, 150, 151, 152, 153, 154, 155, 156, 157, 180, 181, 182, 183, 184, 185, 186, 187]"
8208,Tỉ phú nào đấy tẩy chay đồ vô học,"[27, 28, 29, 30, 31, 32]"
8209,nó lại hợp lý :)))),[]
8210,Ai ki nghe nói cũng đi ý về,[]
8211,Hàng tiền đạo áo đen ngầu quá,[]
8212,cắt. Diễn tốt lắm,[]
8213,Nguyễn Hữu Đạt nói câu giống en quá bác ơi:)),[]
8214,Phạm Hạnh hỉ,[]
8215,Chia ra cho dễ cai trị,[]
8216,Thì ra thầy đã có tính tấu hài từ lúc làm tuyển thủ chuyên nghiệp,[]
8217,Nếu bảo chủ tịch mặt như l... thì ?????,[25]
8218,Thằng này là thằng điên chứ gì nữa,"[0, 1, 2, 3, 4, 13, 14, 15, 16, 17, 18, 19, 20, 21, 22]"
8219,Cáu vl,"[4, 5]"
8220,Cai mieng hay la cai ong cong vay,"[0, 1, 2, 3, 4, 5, 6, 7, 8, 9, 10, 11, 12, 13, 14, 15, 16, 17, 18, 19, 20, 21, 22, 23, 24, 25, 26, 27, 28]"
8221,Ủa ủa học kênh nào vậy thầy ?,[]
8222,Già mất nết quá,"[0, 1, 2, 3, 4, 5, 6, 7, 8, 9, 10]"
8223,Tien Loc Truong l** ấy bạn,"[16, 17, 18]"
8224,Du học sinh úc :)),[]
8225,Tung Nguyen tại chắc sợ bất lịch sự với khách hàng á,[]
8226,"Sang động viên đi a ơi, còn ngày cuối à, cố gắng để còn đi Thái nữa anh, RF vô địch :))",[]
8227,Minh muon Lam dep,[]
8228,Kichi Sulii o khe^ b oi,[]
8229,"Khi chế độ cs trung cộng sụp đổ ( điều này đang đến gần bằng chứng là ""làn gió độc"" của các cuộc biểu tình ở HongKong đang lan vào đại lục điển hình là Thượng Hải vào ngày 04-12-2019 ,Vũ Hán - Hồ Bắc tháng 07-2019, thị trấn Văn Lầu- Quảng Đông 28-11-2019...) thì người dân xứ đông Laos sẽ làm gì với bọn cs xứ này??? ..xin xem hồi sau sẽ rõ ( sẽ có thêm lời bình của Mao Ton Cương).","[71, 72, 73, 74, 75, 76, 77, 78, 79, 80, 81, 300, 301, 302]"
8230,Kg co vang nhu chi hieu,[]
8231,Gja khug mat net nc xam lok,"[0, 1, 2, 4, 5, 6, 7, 9, 10, 11, 12, 13, 14, 15, 20, 21, 22, 23, 24, 25, 26]"
8232,Câm mồm k thằng ml này,"[0, 1, 2, 3, 4, 5, 6, 10, 11, 12, 13, 14, 16, 17]"
8233,"thật sự xin lỗi các bạn, con chó tên là Thành Lê nhà mình xổng chuồng lên đây cắn càn, để mình nhốt nó vào chuồng :( thật sự xin lỗi","[25, 26, 27, 28, 29, 30, 31, 58, 59, 60, 61, 62, 63, 64, 65, 66, 67, 68, 78, 79, 80, 81, 82, 83, 84, 95, 96, 97, 98, 100, 101]"
8234,Không có tiền mà xạo lồn,"[17, 18, 19, 20, 21, 22, 23]"
8235,tóc rừng rậm nhiệt đới à độ,[]
8236,Mịa mất tiền mua mạng hôm qua thì lag vl hôm nay mượt đc 1 chút thì đọc đc tin này chắc tháng sau t cắt mẹ nó mạng đi,"[0, 1, 2, 38, 39, 98, 104, 105, 106, 107, 108]"
8237,xứ thiên đường cái lol gì cũng hơi tí là phạt,"[0, 1, 2, 3, 4, 5, 6, 7, 8, 9, 10, 11, 12, 13, 14, 15, 16, 17, 18, 19, 20, 21, 22, 23, 24, 25, 26, 27, 28, 29, 30, 31, 32, 33, 34, 35, 36, 37, 38, 39, 40, 41, 42, 43, 44]"
8238,Xaolol riết quen cô Ba ơi,"[0, 1, 2, 3, 4, 5]"
8239,ok a,[]
8240,Nguyễn Châu Gia Bảo hiểu làm gì cho mệt thấy nó ngu đến vậy thì ai đâu hiểu nổi,"[45, 46, 48, 49, 50]"
8241,Mâp dê thương ma.,[]
8242,đm biết cái gương đó là tiền ai mua không mà dám cắt =)) đm thằng nào cắt kính,"[0, 1, 57, 58, 60, 61, 62, 63, 64]"
8243,Nguyễn Quốc An GAM bagà,[]
8244,Vài trăm xúât quà mừng như vậy là gìau hơn cả Trump oz! Tội nghịêp bọn tư bản bóc lột hút máu người lao động cả đời dell bằng quà mừng của mấy cán bộ do dân và vì dân hỉ!!!!!,"[67, 68, 69, 78, 79, 80, 81, 82, 83, 84, 86, 87, 88, 89, 90, 91, 92, 116, 117, 118, 119]"
8245,Má nó tứk,"[0, 1, 2, 3, 4]"
8246,Ông trần dần ko tiên tri nổi cho ô năm 75 phải bỏ chạy nên ô mới mua nhà năm 72,[]
8247,"Sáng nghe các đài phát thanh của loa Phường ra rả kết luận mà nghe nực cười quá thể, hoá ra mấy tháng qua điều tra các kiểu cũng quay lại giả thuyết ban đầu theo 1 phía trường cung cấp. Vậy thì điều tra quái gì cứ phán quyết bất chấp ngay từ đầu luôn đi cho gọn! Quả báo tới từng người bây giờ! Nhanh lắm!","[67, 68, 69, 70, 71, 72, 73, 74, 203, 204, 205, 206, 225, 226, 227, 228, 229, 230, 231, 232, 263, 264, 265, 266, 267, 268, 269]"
8248,Paula Lưu chán chả muốn nói,[]
8249,Vui vẻ cc cứ theo a độ mà triển,"[7, 8]"
8250,a xi đăng là qq gi vậy bà con,"[13, 14]"
8251,A Di Đà Phật,[]
8252,ác mộng của cuộc đời là cà vào mấy con chửi thâm. nó chửi ko ngóc đầu lên đc :((( khóc mẹ mất,"[0, 1, 2, 3, 4, 5, 6, 24, 25, 35, 36, 37, 38, 39, 40, 41, 42, 43, 44, 45, 46, 47, 50, 51, 53, 54, 55, 56, 87, 88]"
8253,sang Khựa + sang Mỹ mà xử phạt con ngu ạ,"[5, 6, 7, 8, 9, 10, 31, 32, 33, 34, 35, 36, 37]"
8254,Tuyệt tác của mọi giác quan🤣,[]
8255,Hãy trao cho anh - rap by B52,[]
8256,Cực ki thuyết phục,[]
8257,Khùng quá trời khùng.,"[0, 1, 2, 3, 4, 15, 16, 17, 18, 19]"
8258,"Nhà nói dóc, nhà ảo tưởng chứ biết con mẹ gì mà tiên tri 😄🤣😂😂😂😃😂😭😢😘","[0, 1, 2, 3, 4, 5, 6, 7, 8, 9, 10, 13, 14, 15, 16, 17, 18, 19, 20, 21, 22, 23, 24, 35, 36, 37, 38, 39, 40]"
8259,fan mấy đội khác chứ j nữa,[]
8260,Hoàng Hải VietNam num bơ qoan,[]
8261,Tien Dang live là ai ?????,[]
8262,Vũ Hạnh DươngDương gắt nhờ 🤣🤣🤣🤣,[]
8263,"Khùng ,,,","[0, 1, 2, 3, 4]"
8264,"An ninh và tình báo vn Nên tiêu diệt tên trần dần này, tên điên khùng.","[27, 28, 29, 30, 31, 32, 33, 34, 35, 37, 38, 39, 55, 56, 57, 58, 59, 60, 61, 62, 63, 64, 65, 66, 67, 68]"
8265,Choy. Heu Minh said Mr Ba Coung con cu chua co los hahaha.,"[32, 33, 34, 35, 36, 37, 47, 48, 49]"
8266,:))) thôi đéo thấy gì là tốt nhất,"[10, 11, 12]"
8267,"Mấy người lý luận, dịch k phải do chị Nhung đưa về đâu rồi ? Mấy ngày trước đã gặp chị Nhung để chúc mừng chưa ?",[]
8268,@Tủn 3K lấy vd chanel bleu đi giá thị trường 2tr livestream nó bán 200k 300k nhiều lúc tặng thêm chai nửa....bán lần cả lố bây nghĩ đi của ong nội nó đổ ra cho ha Gì. Lấy cái não dùng đi,"[60, 61, 147, 148, 167, 168, 169, 170, 171, 172, 173, 174, 175, 176, 177, 178, 179, 180, 181, 182, 183, 184, 185]"
8269,Toàn Trịnh nó tốt hay ko thì kệ mẹ tụi nó,"[11, 12, 32, 33, 34, 35, 36, 37, 38, 39, 40]"
8270,"Dịp mẹ tui bây đi lũ phản động hại dân,hại nước.Trò củ cứ đêm ra diễn hoài,hết trò rồi hả.Để cho dân được sống yên với,người trong một nước mà cứ muốn làm hại nhau.","[0, 1, 2, 3, 4, 5, 7, 8, 9, 10, 11, 12, 13, 18, 19, 20, 21, 22, 23, 24, 25, 26, 27, 28, 29, 30, 31, 32, 33, 34, 35, 36, 37, 38, 39, 40, 41, 42, 43, 44, 45, 46]"
8271,Dm tao buồn vl luôn ý :)),"[0, 1, 3, 4, 5, 12, 13]"
8272,bao h tung mv ca nhạc về huyền thoại,[]
8273,ATM đến từ Cao Lãnh hân hạnh tài trợ chương trình này =)),[]
8274,Hóng ổng lâu quá,[]
8275,Cho e hỏi kênh mới của thầy để em vô sud ạ ?,[]
8276,Quy khung. Binh quan tuong. Ao giac.  Ba dien. Than kinh.,"[0, 1, 2, 3, 4, 5, 6, 7, 8, 16, 17, 18, 19, 20, 21, 22, 23, 24, 25, 28, 29, 30, 31, 32, 33, 34, 41, 42, 43, 44, 47, 48, 49, 50, 51, 52, 53, 54, 55]"
8277,cái đụ má lỗ gì mà lỗ hoài z,"[4, 5, 6, 7, 8]"
8278,Đây là sam bạn nhe,[]
8279,Tú bảnh dạy dỗ đàn em :)),[]
8280,Nguyễn Tài đọc review khỏi ra rạp tốn tiền để tết đi coi luôn bộ của TG với đôi mắt âm dương :)))),[]
8281,Cái củ cặc gì cũng nói được hết :)),"[4, 5, 6, 7, 8, 9]"
8282,Bà hổn láo quá,"[3, 4, 5, 6, 7, 8, 9]"
8283,"Óc của thằng ad dc cấu tạo từ cức các loại động vật....bởi ngta chửi ngu như cức...,","[0, 1, 2, 3, 4, 5, 6, 7, 8, 9, 10, 11, 12, 13, 14, 15, 16, 17, 18, 19, 20, 21, 22, 23, 24, 25, 26, 27, 28, 29, 30, 31, 32, 33, 34, 35, 36, 37, 38, 39, 40, 41, 42, 43, 44, 45, 46, 47, 48, 49, 50, 64, 65, 66, 67, 69, 70, 71, 72, 73, 74, 75, 76, 77, 78, 79]"
8284,"Quỳnh Hương thật, t tưởng nó viết thiếu dấu nặng, mẹ nó chứ","[18, 50, 51, 52, 53, 54]"
8285,Cô đẹp quá cô ơi,[]
8286,biển nhiễm độc! giờ trâu bò lợn gà lũ cuốn luôn! miền trung tụi em cạp đất ăn zần rồi ạ! nhờ ơn đảng!,"[0, 1, 2, 3, 4, 5, 6, 7, 8, 9, 10, 11, 12, 13, 14, 15, 16, 17, 18, 19, 20, 21, 22, 23, 24, 25, 26, 27, 28, 29, 30, 31, 32, 33, 34, 35, 36, 37, 38, 39, 40, 41, 42, 43, 44, 45, 46, 47, 48, 49, 50, 51, 52, 53, 54, 55, 56, 57, 58, 59, 60, 61, 62, 63, 64, 65, 66, 67, 68, 69, 70, 71, 72, 73, 74, 75, 76, 77, 78, 79, 80, 81, 82, 83, 84, 85, 86, 87, 88, 89, 90, 91, 92, 93, 94, 95, 96, 97, 98, 99]"
8287,Ý thức còn kém hơn điểm toán của tao,"[0, 1, 2, 3, 4, 5, 6, 7, 8, 9, 10, 11, 12, 13, 14, 15, 16, 17, 18, 19, 20, 21, 22, 23, 24, 25, 26, 27, 33, 34, 35]"
8288,Okeere,[]
8289,Đu.má tu.biên tu.diēn luon...,"[0, 1, 2, 3, 4]"
8290,"nhạc jack nó mang tính hoài cổ, còn hoaprox mang nặng hơi thở của thời đại mới, không hay là phải",[]
8291,Theo các bạn h xử lý sao đây?,[]
8292,Có lon đâu mà chùi .kkkk,"[3, 4, 5, 14, 15, 16, 17]"
8293,sắp thành Triều Tiên của đông nam á cmnr nhờ sự lảnh đạo tài tình và sáng suốt của đảng cơm sườn.,"[36, 37, 38, 39]"
8294,Hư cả một thế hệ..,"[0, 1, 2, 3, 4, 5, 6, 7, 8, 9, 10, 11, 12, 13, 14, 15]"
8295,"Đâu chỉ có HK, Vietnam cũng cần tẩy chay nhỉ, vì có hẳn cả 2 sao ủng hộ đường lưỡi bò","[72, 73, 74, 75, 76, 77, 78, 79, 80, 81, 82, 83, 84]"
8296,Chị ấy rất tỉnh và xinh gái :))),[]
8297,Bắn chết cdm m khá tú,"[0, 1, 2, 3, 4, 5, 6, 7, 8, 9, 10, 11, 12, 13]"
8298,anh Kiên tổ trưởng đang lập công mừng chức mới đây mà ! bởi vì nó chả ảnh hưởng đến người nghèo nên chăng anh tư vấn cho thủ tướng dựng 2km một trạm luôn cho máu đi anh !,"[66, 67, 68, 69, 70, 71, 72, 73, 74, 75, 76, 77, 78, 79, 80, 81, 82, 83, 84, 85, 86, 87, 88, 89, 90, 91, 92, 93, 94, 95, 96, 97, 98, 99, 100, 101, 102, 103, 104, 105, 106, 107, 108, 109, 110, 111, 112, 113, 114, 115, 116, 117, 118, 119, 120, 121, 122, 123, 124, 125, 126, 127, 128, 129, 130, 131, 132, 133, 134, 135, 136, 137, 138, 139, 140, 141, 142, 143, 144, 145, 146, 147, 148, 149, 150, 151, 152, 153, 154, 155, 156, 157, 158, 159, 160]"
8299,Có quá nhiều áp lực trong cuộc sống... mỗi lúc áp lực hay buồn phiền nhiều lúc mình củng có suy nghĩ như vậy,[]
8300,Đm thằng ad xamlone,"[0, 1, 3, 4, 5, 6, 7, 8, 13, 14, 15, 16, 17, 18, 19]"
8301,Xống ở Tiền Dang hăm lăm năm gòi. Biếc kiu cái đó là bộ li quăng thôi hà. Chứ đó dờ cũng chưa tìm hiểu coi viếc ằng xao nữa 😂😂😂,[]
8302,như thế này thì đỡ làm sao đc,[]
8303,Đoàn Duy Diện có phải trong Ngõ yên lãng k,[]
8304,Vl anh ơi 🤣,"[0, 1]"
8305,Huong Nguyen :)),[]
8306,Anh nói chả lệch đi phát nào =))),[]
8307,Ma ba rat la xinh xan con noi thiet,[]
8308,Ăn mặc như cái đb:)),"[11, 12, 13, 14, 15, 16]"
8309,Thuy Le :)),[]
8310,"Môn phái ""búa liêm'"" mà!!!","[10, 11, 12, 13, 14, 15, 16, 17]"
8311,Ui các bẹn ơi tớ được làm fan cứng ròi nek,[]
8312,Thang quan ngồi cười đằng sau thấy ghét. Tổ cha nó.,"[16, 17, 18, 19, 20, 21, 22, 23, 24, 25, 26, 27, 28, 35, 36, 37, 38, 41, 42, 43, 44, 45, 46, 47, 48, 49]"
8313,Mấy đứa chê bánh mì xanh cỏ r,"[0, 1, 2, 3, 4, 5, 6, 7, 8, 9, 10, 11, 12, 13, 14, 15, 16, 17, 18, 19, 20, 21, 22, 23, 24, 25, 26, 27, 28]"
8314,Chỗ này ăn nhiều hơn nè vợ ơi. Vc mình ăn cho dc nhiều chồng ăn một mình ko kịp,[]
8315,like nhiệt tình cho cái stt của ad (y),[]
8316,Dcm ăn pải lốp lái thì giết con nhà ng ta ah chó đẻ,"[0, 1, 2, 11, 12, 13, 14, 15, 16, 17, 23, 24, 25, 26, 45, 46, 47, 48, 49, 50]"
8317,"HUI bây giờ triển vọng vậy, hồi tui còn học thì trong đó nuôi cả đàn bò tin vào sự dẫn dắt tài tình của đảng và nhà nước :))))",[]
8318,3 chicken,[]
8319,Quảng cáo con mẹ nó quảng cáo hoằ,"[10, 11, 12, 13, 14, 15, 16, 17, 18]"
8320,Đông Ca là địt cụ m ngủ đi,"[11, 12, 13, 14, 15, 16, 17, 18]"
8321,Sống nhanh vậy mng,[]
8322,Phê quá hoá điên🤣,[]
8323,Được anh ơi ! Đón Tết Cùng Mixi,[]
8324,Bao Binh mấy người hay nói đạo lý thường sống lỗi phải không bạn? :>>,"[41, 42, 43, 44, 45, 46, 47, 48]"
8325,E nge noi chi cua  e cua chi co hk chu chi co cai lon gi,"[50, 51, 52]"
8326,Lắm tiền mà đéo bh chịu làm even cho học sinh,"[12, 13, 14]"
8327,Tôi ko nghe tôi ko nghe:(((,[]
8328,Sân bay chưa xây mà cao tốc kẹt như cơm bữa! Đường khẩn cấp mà chạy chiếm hết ý thức!,[]
8329,Minh Hiếu nói chuyện thật thà lắm .,[]
8330,Đéo biết m nổi tiếng như nào nhưng thái độ m đáng tử hình,"[0, 1, 2, 9, 43, 50, 51, 52, 53, 54, 55, 56]"
8331,"Phúc Báo thiệt mấy ba mấy má này rãnh hàng gê, đang trong thời kì dịch bệnh mà ham bay lắm 😢",[]
8332,"bởi méo coi phim vn, chán vl","[4, 5, 6, 26, 27]"
8333,Nạp tiền lần cuối rồi mà a tôi :)),[]
8334,Lầy's Suspi's,[]
8335,"Hanh Viet ở nhà giúp mẹ giúp cha , ở đây soi soi mã cha chúng mày :))","[41, 42, 43, 44, 45, 46, 47, 48, 49, 50, 51, 52, 53, 54, 55, 56, 57, 58, 59, 60, 61, 62, 63, 64]"
8336,Shop pe xin hân hạnh tài trợ chương trình này,[]
8337,Duyên Phạm ghê tr nay văn chương dữ hén,[]
8338,Ruyel Ruyel đọc cho vui =))),[]
8339,tụi nước ngoài ngu như bò. ko có bôi trơn thì sao mà nhận thầu đc,"[15, 16, 17, 18, 19, 20, 21, 22, 23, 24, 27, 28, 29, 30, 31, 32, 33, 34, 35, 36, 37, 38, 39, 40, 41, 42, 43, 44, 45, 46, 47, 48, 49, 50, 51, 52, 53, 54, 55, 56, 57, 58, 59, 60, 61]"
8340,anh lại xạo loz,"[8, 9, 10, 11, 12, 13, 14]"
8341,viết sai chính tả chứ sao 😆😆,[]
8342,Nghe thì nhuyệt huyết nhưng củng không thuyết phục lắm nha anh =)),[]
8343,Cái này thầy live lúc nài zay tụi bay,[]
8344,Ý thức như cuối đầu bài,"[0, 1, 2, 3, 4, 5, 6, 7, 8, 9, 10, 11, 12, 13, 14, 15, 16, 17, 18, 19, 20, 21, 22]"
8345,Tran Thu Trang phố nhà c nè :)),[]
8346,Thằng ad này đầu đéo có não . Bác thăng có phải siêu nhân đéo đâu . Mình bác thăng thì làm được đéo gì . Chỉ mình thằng ad anh hùng bàn phím là giỏi thôi dcmm,"[0, 1, 2, 3, 4, 17, 18, 19, 20, 21, 22, 23, 24, 25, 26, 58, 59, 60, 96, 97, 98, 114, 115, 116, 117, 118, 123, 124, 125, 126, 127, 128, 129, 130, 131, 132, 133, 134, 135, 136, 137, 138, 139, 154, 155, 156, 157]"
8347,"Ở bất cứ nơi nào những người như Lester đều là tài nguyên của quốc gia nên được chăm sóc bảo vệ,nhưng với những nước CS họ bị gọi là thành phần phản động,nguy hiểm cho an ninh quốc gia.","[144, 145, 146, 147, 148, 149, 150, 151, 152]"
8348,"Mấy cái thằng này. Chốt chặn làm đéo gì??? Cứ để nó chạy cho ầm ầm, đua xe, tông chết ng các kiểu đi chứ. Chốt làm gì? Mang tiếng.","[4, 5, 6, 7, 8, 9, 10, 11, 12, 33, 34, 35, 49, 50, 76, 77, 78, 79, 80, 81, 82, 83, 84]"
8349,Trẻ trâu Việt Nam lúc này:,"[0, 1, 2, 3, 4, 5, 6, 7]"
8350,B52 bị ngưng sử dụng:)),[]
8351,Link full cho anh em đây nha,[]
8352,Cực kỳ thuyết phục!,[]
8353,Vẫn đéo hiểu 2 câu liên quan lol gì đến nhau,"[4, 5, 6, 29, 30, 31]"
8354,xạo lồn sương sương,"[0, 1, 2, 3, 4, 5, 6]"
8355,Tôi ba  oi  . Ba   đúng   no  qua  nhu  qua  đi...,[]
8356,Ngô Kì Long thì sao ??,[]
8357,Ad cho hỏi sao bọn nhà đài vtv24 có thể làm hiện các bình luận tích cực và có lợi cho nó nhỉ. BL phản bác sẽ tự ẩn.,"[15, 16, 17, 86, 87]"
8358,Tiếng rưỡi chữ nhiêu 😭😭,[]
8359,BA GIA NAY KHONG DUOC BINH THUONG ...HAH HAH ..CHAC BI DUT MAY DAY ...,"[0, 1, 2, 3, 4, 5, 58, 59, 60, 61, 62, 63, 64, 65]"
8360,qua sam,"[4, 5, 6]"
8361,"Nhiều thằng kêu hư cấu hay chửi ad thì hãy nghe đâu: chuyện mất đồ ở sân bay k phải 1 lần mà cả trăm lần rồi, chắc lũ chúng mày tai điếc mắt mù mới đéo biết :))","[6, 7, 8, 9, 10, 27, 28, 29, 30, 115, 116, 117, 118, 119, 120, 121, 122, 123, 124, 125, 126, 128, 129, 130, 131, 132, 133, 134, 135, 136, 137, 138, 139, 140, 141, 142, 148, 149, 150]"
8362,Quả demo làm e k ngủ dc =)),[]
8363,"còn nhớ vụ gài đổi 100usd để "" tịch thu "" cả tiệm vàng nhà người ta năm 2014 ! làm cho những ai biết chuyện đều liên tưởng đến chiến dịch đánh tư sản X1,X2,X3 của ông nào đó ko đáng nhớ...","[31, 32, 33, 34, 35, 36, 37, 38]"
8364,"Mấy tk nhiều tiền có khác,lúc nào cũng dị và khác ng😄","[4, 5, 39, 40]"
8365,Chị Ba khùng nhìn chị buồn nôn,"[7, 8, 9, 10, 11, 22, 23, 24, 25, 26, 27, 28, 29]"
8366,Thoáng qua tưởng không kéo tia quần🥴,[]
8367,điểm danh hội người yêu Tùng Sói cái nhẹ :v,[]
8368,Chết là phải toàn thành phần óc chó đua xe không,"[0, 1, 2, 3, 29, 30, 31, 32, 33, 34]"
8369,dùng kem đánh răng p/s cùng Quang Ngọc Trinh để có nụ cười toả nắng,[]
8370,"Đang nói đến sự bịa đặt của từ thiên đường xã hội chủ nghĩa. Lại tổ lái sang từ khác để lấp liếm à. Thôi trả lời đi, có tài liệu nào chứng minh từ này có ko. Hay toàn từ mồm bọn chống cộng ra","[16, 17, 18, 19, 20, 21, 22, 65, 66, 67, 68, 69, 70, 88, 89, 90, 91, 92, 93, 94, 95, 170, 171, 172, 173, 174, 175, 176, 177, 178, 179, 180, 181, 182, 183, 184, 185, 186, 187]"
8371,nhớ ngay xưa vụ gján đjệp mỹ dẫn đến sự sup đổ của ljên xô!,[]
8372,Du học sinh úc :))),[]
8373,MonaliBe nghĩ sao về Clear :))),[]
8374,Susan đang giận,[]
8375,Thầy ao đen đó là bê đơi oh,[]
8376,Việt Nam cố lên!!!!,[]
8377,Đéo thấy thằng nào bị tử hình... vì các nghìn tỷ được bỏ túi đều... bọn này ăn nghìn tỷ chỗ này... bọn kia ăn nghìn tỷ chỗ khác... 1 thằng chết là chết cả lũ,"[0, 1, 2, 9, 10, 11, 12, 13, 22, 23, 24, 25, 26, 27, 28, 40, 41, 42, 43, 44, 45, 46, 47, 48, 49, 50, 51, 52, 53, 54, 55, 56, 57, 58, 59, 60, 61, 62, 63, 68, 69, 70, 76, 77, 78, 79, 80, 81, 82, 83, 84, 85, 86, 99, 100, 101, 107, 108, 109, 110, 111, 112, 113, 114, 115, 116, 117, 133, 134, 135, 136, 137, 139, 140, 141, 142, 147, 148, 149, 150, 155, 156]"
8378,Đất nước phát triển mà con người thì k hiểu nổi,[]
8379,ý gì =))))),[]
8380,Ngoại hạng anh toang lun,[]
8381,Để đây và ko nói gì😤,[]
8382,Thôi ăn lol rồi thầy ạ 🤦‍♂️,"[8, 9, 10]"
8383,"vậy thì cần source nhiều lắm ông, phải đi thực tế mới đáng tin ông ạ :3",[]
8384,12:58 Uýnh một bài dỏ cho cho cho cho cho cho...????!!!!,[]
8385,Xạo lồn hông có gì vui nên chúng ta hông nên xạo lồn,"[0, 1, 2, 3, 4, 5, 6, 45, 46, 47, 48, 49, 50, 51]"
8386,Thương hiệu mãi theo năm tháng abe ơi,[]
8387,Ông ơi cho con hỏi ông bao nhiêu tuổi rồi ạ,[]
8388,B52 👍,[]
8389,Hâha,[]
8390,"Nói đạo nhái mà đến giờ vẫn đéo lòi ra một đơn kiện. Chỉ có các tHiên tÀi âM nHạC các bạn phán đạo thôi, lmao.","[28, 29, 30]"
8391,Chính phủ Nhật xin vái đcs VN 1 vái dài vãi đái :))),"[19, 20, 21, 32, 33, 34, 40, 41, 42, 43, 44, 45, 46]"
8392,"Lý luận của cs với dân ..,khi cức chó...lộn khi có chức ...","[30, 31, 32, 33, 34, 35, 36]"
8393,Nguyễn Kỳ Anh cùng nhau chúc mừng thầy của chúng ta đạt nút vàng nào :))),[]
8394,Ơ. Có nhạc à. Top à. Tao còn đéo quan tâm,"[21, 22, 23, 29, 30, 31]"
8395,Có khả năng tối nay anh bị ngủ ngoài đường :)) tu bi con tờ niu,[]
8396,Đkm mấy ngày nay không thấy lũ dâm loạn viên xuất hiện,"[0, 1, 2, 28, 29, 30, 31, 32, 33, 34, 35, 36, 37, 38, 39, 40, 41, 42, 43]"
8397,Sơn Nguyễn chuẩn đm phí tiền vé vl,"[17, 18, 32, 33]"
8398,"Thời đại h làm j còn giang hồ. Toàn tụi lưu manh, chó sai cho công an. Vì đồng bạc bán rẽ lương tâm. Dùng từ Giang hồ thì xa xỉ quá.","[21, 22, 23, 24, 25, 26, 27, 28, 36, 37, 38, 39, 40, 41, 42, 43, 44, 45, 46, 47, 50, 51, 52, 53, 54, 55, 56, 71, 72, 73, 74, 75, 76, 77, 78, 79, 80, 81, 82, 83, 84, 85, 86, 87, 88, 89, 90, 91, 92, 93, 94, 95, 96, 97, 98, 109, 110, 111, 112, 113, 114, 115, 116]"
8399,Cho mình xin video với bạn,[]
8400,Chúc mừng thầy. Thầy sela,[]
8401,Trần Duật toang thật r,[]
8402,"nay coi full thấy cô quá trời đáng yêu luôn, cười gần chết",[]
8403,"con này thực sự nó giống như con thú nhốt lâu ngày, nó chửi cả dân tộc, cho dù thế nào chăng nữa nó cũng phải được truòng trị để làm gương cho những kẻ khác việc nó xin lỗi mọi người có chấp nhận chăng nữa chẳng qua là một tình tiết giảm nhẹ thôi chứ còn tội của nó thì không thể tha thứ được.","[0, 1, 2, 19, 20, 21, 34, 35, 36, 37, 38, 39, 40, 41, 60, 61, 62, 64, 65, 66, 67, 68, 113, 114, 115, 135, 136, 137, 138, 139, 140, 141, 142, 143, 144, 145, 146, 174, 175, 176, 190, 191, 192, 310, 311, 312]"
8404,bác học anh bar ?,[]
8405,Loại này cho dựa cột thôi chứ độ thế nào,"[0, 1, 2, 3, 4, 5, 6, 7]"
8406,Xin inf cô btv,[]
8407,Oi troi oi cai mo ba xau nhu quy,"[15, 16, 21, 22, 23, 24, 25, 26, 27, 28, 29, 30, 31]"
8408,Đm crush :),"[0, 1]"
8409,"TIN VUI ,ĐANG CÔNG SAN VN BI NHIÊM VIRUS CORONA CHÊT GÂN HÊT RÔI HAHAHA😂😅😃😆👍👍👏👏","[26, 27, 28, 29, 30, 31, 32, 33, 34, 35, 36, 37, 38, 39, 40, 41, 42, 43, 44, 45, 46, 48, 49, 50, 51, 52, 53, 54, 55, 56, 57, 58, 59]"
8410,"Mấy con đĩ chửi chị này có tìm hiểu không vậy? Bả chửi người ta bả sai nhưng trước đó bà 3 vàng mã thiếu nợ bả, kêu bả chửi người ta, ko chửi thì ko trả tiền. Bày đặt kêu khẩu nghiệp, mấy con đĩ hay kêu khẩu nghiệp là mấy con sống chó nhất ấy :)))","[4, 5, 6, 7, 8, 9, 11, 12, 13, 14, 50, 51, 52, 53, 119, 120, 121, 122, 137, 138, 139, 140, 171, 172, 173, 174, 175, 176, 177, 178, 179, 180, 181, 184, 185, 186, 187, 188, 189, 190, 191, 192, 193, 203, 204, 205, 206, 207, 208, 209, 210, 211, 212, 213, 231, 232, 233]"
8411,"Hien Tran Ngoc Bich, Hiep Tranhoa xem có bó tay không nè trời.",[]
8412,Anh Châu nói mẹ Kim hát túp lều tranh đi,[]
8413,Nguyễn Bá Quang Thì cái đó nó lan từ Bộ tộc mình ra mà,[]
8414,Tối Thầy stream đá phò đi thầy ơi,"[16, 17, 18, 19, 20, 21]"
8415,Hà Ngọc Nguyễn Linh Ngọc Vũ Phạm Thanh Chúc Phạm Nhi Vũ Hưng Vũ Phan Yến Nhi,[]
8416,Trần Thái Linh,[]
8417,Triệu like,[]
8418,Cần phiên dịch câu đầu của Sói ><,[]
8419,"NKYN đừng promote mấy cái này quá, trẻ, phụ nữ , nghe có vẻ hay, bình đẳng, nhưng thực ra ko phải như vậy. Quản trị quốc gia cần người có tầm nhìn, có phẩm chất vac năng lực, chứ ko phải thấy trẻ, phụ nữ, chọn vô như kiểu 1 biểu tượng mà làm việc ko ra gì thì toi rồi, nó khác gì cách đảng CS chọn người, hồng hơn chuyên. Suy nghĩ kĩ đi. Giải độc cộng sản đã khó, giải độc tư tưởng cánh tả còn khó hơn.","[260, 261, 262, 269, 270, 271, 272, 273, 274, 275, 276, 277, 278, 279, 280, 281, 282, 283, 284, 285, 286, 287, 288, 289, 290, 291, 292, 293, 294, 295, 296, 297, 298, 299, 300, 301, 302, 305, 306, 307, 308, 309, 310, 311, 312, 313, 314, 315, 316, 317, 318, 319, 338, 339, 340, 341, 342, 343, 344, 345, 346, 347, 348, 349, 350, 351, 352, 353, 354, 355, 356, 357, 358, 359, 360, 361, 362, 363, 364, 365, 366, 367, 368, 369, 370, 371, 372, 373, 374, 375, 376, 377, 378, 379, 380, 381, 382, 383, 384, 385, 386, 387, 388, 389, 390, 391, 392, 393, 394, 395, 396, 397, 398, 399, 400]"
8420,Cô mắc cười quá :)),[]
8421,Trước sau j cũng đi theo phúc xạo lol,"[30, 31, 32, 33, 34, 35, 36]"
8422,có cái ngu nào bằng cái ngu này?? làm việc thì cũng phải có chừng mực thôi!,"[7, 8, 9, 24, 25, 26]"
8423,sao phải khổ gj con corona nay. do thăng trung cộng no gây ra oán hận nó qa,"[35, 36, 37, 38, 39, 40, 41, 42, 43, 44, 45, 46, 47, 48, 49, 50, 52, 53, 62, 63, 64, 65, 66, 67, 68, 70, 71]"
8424,Kenny Lâm có share rồi đó Kenny. Từ hồi dịch ế cm đéo có khách luôn. Sắm qq gì nữa hụhụ,"[47, 48, 50, 51, 52, 73, 74]"
8425,Rồi đeo hiểu nghĩ con cac j. Chấp hành vừa tốt mình vừa giúp nhà nước. H lại thêm quản phạt vs ngồi tù nữa thì hay,"[4, 5, 6, 18, 19, 20, 21, 22, 23, 24, 100, 101]"
8426,"Đm nợ cộng sản,chính xác là tàu ngập cmn đầu ra rồi :)))) dân mỹ nó chửi như hát hay :)) ngồi ấy mà ẳng","[0, 1, 32, 33, 34, 35, 36, 37, 38, 39, 40, 41, 42, 43, 68, 69, 70, 71, 72, 73, 74, 75, 76, 77, 78, 79, 80, 81, 82, 83, 100, 101, 102]"
8427,Fan chân chính đây chứ đâu,[]
8428,Súc vật từ nhan sắc đến nhân cách súc phạm loài người quá đy,"[0, 1, 2, 3, 4, 5, 6, 7, 8, 9, 10, 11, 12, 13, 14, 15, 16, 17, 18, 19, 20, 21, 22, 23, 24, 25, 26, 27, 28, 29, 30, 31, 32, 34, 35, 36, 37, 38, 39, 40, 41, 42, 43, 44, 45, 46, 47, 48, 49, 50, 51, 52]"
8429,Kêu ca cc -_- đấy là đặc sản nhân dịp tri ân khách hàng của THP đấy :->,"[7, 8]"
8430,Jack có ước mơ cả đời cũng không bao giờ có thể nhiều lượt dislike và trơ trẽn như Khánh đâu 😏😏,"[59, 60, 61, 62, 63, 64, 65, 70, 71, 72, 73, 74, 75, 76, 77, 93, 94]"
8431,toàn dân công giáo,[]
8432,Thần kì anh ưiii,[]
8433,Đỉnh cao trí tuệ của cán bộ đảng cộng sản Việt Nam là đây...,[]
8434,Uyên Uyên sao nó k chết thay ng khác nhỉ. Khôn thế quê tao mồ xanh cỏ cả rồi,"[14, 15, 19, 20, 21, 22, 55, 56, 57, 59, 60, 61, 62, 63, 64, 65, 66, 67, 68]"
8435,Nham lôn quá,"[0, 1, 2, 3, 4, 5, 6, 7]"
8436,lz ma no do =)),"[0, 1, 2, 3, 4, 5, 6, 7, 8, 9, 10]"
8437,From cà mau (Phú Hưng),[]
8438,"Nó bị chó nhập rồi đm chạy nhanh không nó cắn chết bà bọn mày, ở đó mà hỏi lsao nữa","[0, 1, 6, 7, 8, 9, 10, 11, 12, 13, 19, 20, 39, 40, 42, 43, 44, 45, 46, 47, 48, 49, 50, 51, 52, 53, 54, 55, 56, 57, 58, 59, 60]"
8439,Uây giống nhau như hai giọt nước luôn 💧,[]
8440,Hahaha. Đĩ nl. Con bà 2 sinh cl bị sình đó b,"[8, 9, 10, 11, 12, 29, 30, 31, 32, 33, 34, 35, 36, 37, 38]"
8441,Anh chỉ được ăn cơm với cá,[]
8442,cũng có lý,[]
8443,"khi non nước thanh bình, ta sẽ dệt mộng yêu đương ...",[]
8444,Địt mẹ mấy thằng sếp và những thằng liên quan của t luôn.,"[0, 1, 2, 3, 4, 5, 11, 12, 13, 14, 15, 30, 31, 32, 33, 34]"
8445,Mạnh Trí Hà đcm =)),"[12, 13, 14]"
8446,Cón mẹ may ko day đk may ak ma ko co van hoa ak,"[0, 1, 2, 3, 4, 5, 6, 7, 8, 9, 10, 11, 12, 13, 14, 15, 16, 17, 18, 19, 20, 21, 22, 23, 28, 29, 30, 31, 32, 33, 34, 35, 36, 37, 38, 39, 40, 41, 42, 43]"
8447,Mỏ này là mỏ gì đây mọi người :))),[]
8448,Đúng là giang hồ vui 🙂,[]
8449,Khi buồn mình chơi lớn đi nghĩa vụ và giờ muốn ra cx éo đc,"[53, 54]"
8450,này thì Hồng Nhung nè :)),[]
8451,Nguyễn Thị Hương giàu để báo nước chứ không giúp nước,[]
8452,Hoàng Đức Trung phúc thì fuck,"[25, 26, 27, 28]"
8453,Nó chôn lò rồi thì ông cố nội lão trọng có sống dậy mà bắt cái thang cũng bó tay.,"[0, 1, 19, 20, 21, 22, 23, 24, 25, 26, 27, 28, 29, 30, 31, 32, 33, 34, 35, 36, 37, 38]"
8454,"Phòng Trương Tử ,la người gốc hoa u? Nêu la gốc hoa thiêt thi cung phai đê phong ca cai (tâm) cua ông ta ,người hoa la ,,,phai vô cung thân trong",[]
8455,"Ở cái chế độ này khôn quá cũng chết,ngu quá cũng chết,im lặng nhẫn nhin cũng chết,chỉ có lũ nịnh nọt bán nước la sống mà còn sung sướng nữa là khác","[31, 32, 33, 34, 36, 37, 38, 49, 50, 51, 52, 77, 78, 79, 80, 89, 90, 91, 92, 93, 94, 95, 96, 97, 98, 99, 100, 101, 102, 103, 104, 105, 106, 107, 108]"
8456,Óc chó. Ngu do luyện tập hay bẩm sinh. Cái loại ăn cức lựa cục bự nói chuyện ngu đek tả nỗi. 500tr của riêng phan anh đọc đek thông rồi chu mõm lên sủa,"[0, 1, 2, 3, 4, 5, 8, 9, 10, 43, 44, 45, 46, 47, 48, 49, 50, 51, 52, 53, 77, 78, 79, 81, 82, 83, 122, 123, 124, 125, 126, 127, 128, 129, 130, 136, 137, 138, 139, 140, 141, 142, 143, 144, 145, 146, 147, 148, 149, 150]"
8457,hay lắm nó đi họp cổ đông bị virus thì chết trùm !!! oke hay lắm nghèo khổ có nhau,"[8, 9, 39, 40, 41, 42, 43, 44, 45, 46, 47, 65, 66, 67, 68, 69, 70, 71, 72, 73]"
8458,Câu của c kkkk,[]
8459,Anh sấy tơi đất lắm rồi các em máy nước vào rồi bừa đi để cấy,[]
8460,Ai đây,[]
8461,"Sua cap thi lien quan den bang thong quoc te, chu noi dia van bt. Ad ngu ngu :))","[69, 70, 71, 72, 73, 74, 75]"
8462,Minh Thông 😂😂 có thể kiêng bú cu chứ ko thể bớt chuyện cười đc,"[27, 28, 29, 30, 31]"
8463,"có nút vàng thì lì xì đi thầy, hok lì xì hok có tiền trả tiền học nữa 😞",[]
8464,An Di sai ở điểm gì v,[]
8465,Phía cuối con đường......,[]
8466,Đi lang thang vu vơ mà cũng gặp nhà chó quyền :)))~ chịu thua,"[36, 37, 38]"
8467,"cai mon vo.5 ong luc to,hoc vao tau hoa nhap ma,cam sung ban ko dung dich,cam giao chat cung ko đứt.ong tran dan nay ,tap vo khi cong khoe den noi bay gan het rang.","[32, 33, 34, 35, 36, 37, 38, 39, 40, 41, 42, 43, 44, 45, 46, 48, 49, 50, 51, 52, 53, 54, 55, 96, 97, 98, 151, 152, 153, 154, 155, 156, 157, 158, 159, 160, 161, 162]"
8468,Quả Đầu chơi trung thu,[]
8469,Có tìn mua cuốn này về đốt,"[23, 24, 25]"
8470,"Thôi má ơi khỔ quá...má dạng háng từ vn qua tận bên mĩ, hết quan ta lại tới quan tây, gái 3/ toàn zay hết quá thất vọng","[5, 6, 21, 22, 24, 25, 26, 27, 28, 29, 30, 31, 32, 86, 87, 88, 89, 90, 91]"
8471,Đỉ nhân 3.14,"[0, 1]"
8472,Thầy câm mẹ mồm đi không em đấm cho bây giờ,"[5, 6, 7, 9, 10, 12, 13, 14, 28, 29, 30]"
8473,yêu abe 3000,[]
8474,Ly Ly up lên liền 😉,[]
8475,Minh Trung Dao icedolce nói j cũng đúng,[]
8476,unbelievable,[]
8477,"Hóng bò đỏ vào sủa ""đất nước mình còn nghèo""","[5, 6, 7, 8, 9, 15, 16, 17]"
8478,"ngày VNCH thất thủ, có bao tướng lĩnh tuẫn tiết giữ danh dự với đất nước của họ ! sau ngày đấy tôi chả thấy thằng mã mẹ nào có đủ khí tiết như thế...toàn lũ vịn quốc vinh thân ! bưng bô cho giặc bỏ mặc dân tộc ngày càng lầm than.","[108, 109, 110, 111, 112, 114, 115, 116, 117, 118, 154, 155, 157, 158, 159, 160, 161, 162, 163, 164, 165, 166, 167, 168, 169, 170, 171, 172, 173, 174, 178, 179, 180, 181, 182, 183, 184, 195, 196, 197, 198, 199, 200, 220, 221, 222, 223, 224, 225, 226, 227]"
8479,MV khá chất lượng,[]
8480,Puca Nguyễn chả hiểu sao có thể mặc đc cơ 🤣,[]
8481,"Con trai mất điện thoại đổ thừa ba nên báo Công an, quá bất hạnh cho thằng con, mất ba đéo tiếc, tiếc cái điện thoại","[56, 57, 58, 59, 60, 61, 62, 63, 69, 70, 71, 72, 73, 80, 81, 82, 87, 88, 89]"
8482,Đang thèm 1 đứa mà chợt nhận ra mình còn chưa có ny,[]
8483,Phạm Cường hồi xưa nổ vui lắm,[]
8484,BHXH đóng để lấy tiền bù thâm hụt ngân sách thôi chứ ko phải vì công nhân -_- ! Đóng cho cố vào ko biết có lãnh được không nữa !,[]
8485,bớt sống ảo giùm,"[4, 5, 6, 7, 8, 9, 10]"
8486,Nghe nói em thích người đàn ông cuốn hút,[]
8487,Minh Hoàng vl a t,"[11, 12]"
8488,lúc đi da trắng,[]
8489,Lâu rồi ko xem . ủa lúc trước thân lắm mà,[]
8490,Minh Tuân đẹp trai quá ah,[]
8491,"Chỉ có dân đen là chịu mọi sự bất công ở xứ sở này ,tội nghiệp cho cháu Hải 12 năm chưa được xét xử cho đúng , tôi theo dõi thấy nhiều việc mờ ám do con người cố tình tạo ra","[140, 141, 142, 143, 144]"
8492,"Hello anh em , hôm nay mình cho ông già lên sóng",[]
8493,Bake ơi là bake đm đi đâu cũng bị chửi vậy từ miền nam tụi t chửi chưa xuể thì ra nước ngoài nó cho vào danh sách đen cấm được xin visa? Về bển ở đi tụi m thích phá gì thì phá. Khỉ rừng vừa thôi ?,"[16, 17, 34, 35, 36, 37, 59, 61, 62, 63, 64, 93, 94, 149, 150, 151, 152, 153, 177, 178, 179, 180, 181, 182, 183, 184]"
8494,Nói sai văn phạm câu cú rồi ông Chung à !,[]
8495,Trần dần có chết có liên quang gì thế giới vũ hoàng lân phỏng vấn tào lao,"[12, 13, 14, 15, 66, 67, 68, 69, 70, 71, 72]"
8496,Thầy Lol bữa kêu ko reaction nữa sau vụ Hương Ly r mà😂😂,"[5, 6, 7]"
8497,Cho dù Jack có như thế nào thì mình vẫn cứ mãi anti Jack.,"[47, 48, 49, 50]"
8498,Nó dạy thế này đây.người e yêu thương k phải bố cũng chẳng phải mẹ.mà là chú bộ đội. Ngu mà làm đc tổng thống mỹ thì ai cũng muốn ngu,"[0, 1, 19, 20, 21, 22, 23, 24, 25, 26, 27, 28, 29, 30, 31, 32, 33, 34, 35, 36, 37, 38, 39, 40, 41, 42, 43, 44, 45, 46, 47, 48, 49, 50, 51, 52, 53, 54, 55, 56, 57, 58, 59, 60, 61, 62, 63, 64, 65, 66, 67, 68, 69, 70, 71, 72, 73, 74, 75, 76, 77, 78, 79, 80, 81, 82, 85, 86, 87, 130, 131, 132]"
8499,Xin phép moi người cho tui chũi con chó 1 cái :v,"[27, 28, 29, 30, 32, 33, 34, 35, 36, 37, 38]"
8500,Đau tim,[]
8501,Ông về phép đc rồi đấy :)),[]
8502,Cai vu veadan cung the thoi. Dit cmcm um xum len dc cai cc j,"[29, 30, 31, 32, 33, 34, 35, 36, 56, 57]"
8503,Mai Xuân Tùng fan ruột nha bạn :))),[]
8504,Ae sống chậm lại đi,[]
8505,chuẩn mẹ rồi. Mạng vô ko đc đúng ức chế,"[6, 7]"
8506,Cần ăn bánh mỳ nhé,[]
8507,Cực kì có sức thuyệt phục luôn,[]
8508,Xin video đi bạn :v,[]
8509,Toang thực sự 😐,"[0, 1, 2, 3, 4]"
8510,Dân InDo haha,[]
8511,Người tiên trị thật sự không khoe khoang chắc cú đâu bác ơi! Người ta tiên trị bằn tâm linh kết hợp với thực tế. Giọng của bác nói trơ trơ không thể hiện chút tâm linh nao toát ra trong người bác.,[]
8512,Thanh Bình đừng quan tâm :)),[]
8513,Em dung o  mot goc do ma noi em thay chi  mat chi phuc hau em tin chi chi noi gi em cung tin,[]
8514,vãi l =)),"[0, 1, 2, 3, 4]"
8515,Ai cute lại,[]
8516,Quái thú :)),[]
8517,Trung bóng dơ,"[6, 7, 8, 9, 10, 11, 12]"
8518,Kì này toang rồi 😂,[]
8519,"đéo hiểu sao 1 thằng đui và không có não mà lên dc bộ trưởng, chắc chỉ có tại nơi đây :))","[0, 1, 2, 15, 16, 17, 18, 19, 21, 22, 23, 28, 29, 30, 31, 32, 33, 34, 35, 36, 37, 38, 39]"
8520,QuynhAnh Nguyen haha. Hnao lên xem mới đc,[]
8521,Thằng zô zăn hoá,"[0, 1, 2, 3, 4, 5, 6, 7, 8, 9, 10, 11, 12, 13, 14, 15]"
8522,Con gia nay chuyen gioi ho nhin ge qua,"[0, 1, 2, 3, 4, 5, 6, 12, 13, 14, 15, 16, 17, 18, 19, 20, 21, 22, 23, 24, 25, 27, 28, 29, 30, 31, 32, 33, 34, 35, 36, 37]"
8523,Con nhà cộng nô có khác . Dân có mù có điếc cũng biết cái quân cs nhà nó là lũ bán nước hại dân . Thấy MC PHAN ANH đc nhìu người mến mộ thì nó đi cắn người tốt,"[8, 9, 10, 11, 12, 13, 14, 33, 34, 39, 40, 41, 42, 54, 55, 56, 57, 58, 59, 60, 61, 62, 63, 64, 70, 71, 76, 77, 78, 79, 80, 81, 82, 83, 84, 85, 86, 87, 88, 89, 90, 91, 92, 93, 94, 140, 141, 146, 147, 148]"
8524,2020 r mà não mấy thằng này k nhanh lên dsc tí nào,"[10, 11, 12, 18, 19, 20, 21, 22, 40, 41, 42]"
8525,"May quá ông không bị nhiễm cov , tấc nhiêng là chúc mừng cá nhân ông , nếu không may mà ông chết vì virrut thì thế giới mất đi một nhà tiên tri zũ trụ , nước mỹ và 3 đời tổng thống mất đi một cố vấn tối cao , người Việt trong nước mất đi một đại danh hài ! May thay , may thay tức nhiêng là tức nhiêng là tức nhiêng ...",[]
8526,Thối nát,"[0, 1, 2, 3, 4, 5, 6, 7]"
8527,Dm nghĩ chán 🤤,"[0, 1, 8, 9, 10, 11]"
8528,"Mình đừng nói xạo nói láo nv chị k thích z , vì chị là chúa nói xạo rồi","[10, 11, 12, 13, 14, 15, 16, 17, 18, 19, 20, 21, 22, 23, 24, 60, 61, 62, 63, 64, 65, 66]"
8529,"Cần cấm tuyệt đối k cho nước ngoài sang mik,mik k sang nước ngoài nữa,k thành ổ dịch mất,bữa rài theo dõi toàn người nước mik mang dịch từ nước ngoài ghê quá trời Võ Hồng Gấm",[]
8530,bà  này  khùng  nặng rồi,"[0, 1, 9, 10, 11, 12, 13]"
8531,Con bóng đũy ăn cứt,"[0, 1, 2, 3, 4, 5, 6, 7, 8, 9, 10, 11, 12, 17, 18, 19, 20]"
8532,Trái đất lúc này.,[]
8533,bút thì chả cần bỏ mẹ ra :)),"[19, 20]"
8534,"nghèo khổ có giúp  gì được  người  ta k mà đào mồ cuốc mả hộ vậy? ác nghiệp ,khẩu nghiệp mày","[46, 47, 48, 49, 50, 51, 52, 53, 54, 55, 56, 57, 58, 59, 69, 70, 71, 72, 73, 74, 75, 76, 77, 80, 81, 82, 83, 84, 85, 86, 87, 88, 89, 90, 91, 92, 93, 94]"
8535,Bàn tán sôi nổi thế ae,[]
8536,Sao lon qua cai ba oi,"[0, 1, 2, 3, 4, 5, 6]"
8537,Fan thầy lắm đấy 3 heo à,"[17, 18, 19, 20, 21]"
8538,Nguyễn Vũ Thu Phương Châu Minh Nhi Uyen làm đi kiếm tiền mua goods,[]
8539,500 anh em đau rồi,[]
8540,Nguy hiem wa😕,[]
8541,No vừa thôi ma ơi . nó nở banh hang giờ...,"[0, 1, 12, 13, 23, 24, 26, 27, 28, 29, 30, 31, 32, 33, 34]"
8542,Phương Nam 1 hộp bán nhiêu ?,[]
8543,"Thiên Minh ko biết đọc hiểu à, trong 14 ngày phải cách ly tại nhà , cậu Tiệp này chạy tung tăng khắp thành phố ( tổ dân phố tới kiểm tra nhiều lần ko có nhà và có rất nhiều nhân chứng, ảnh chụp cho thấy) nên Chủ tich TP mới phải ký qđ cho cách ly vì cậu Tiệp đã sai qđ. Nói chung là cái loại ý thức kém như thằng này thì ko cần phải nương tay, cứ cưỡng chế","[287, 288, 289, 290, 291, 292, 293, 294, 295, 296, 297, 298, 299, 300, 301, 307, 308, 309, 310, 311]"
8544,Vũ Hoàng sao bảo bị bế đi r 😂😂😂,[]
8545,thàn tượng Lê Nhân hay gì,[]
8546,Cùng dùng mà công dụng khác nhau =)),[]
8547,Lời xin lỗi muộn màng từ bố Độ gửi đến Tùng Sói,[]
8548,Thanh Nguyễn việc nhẹ mà lương cao nak 😂,[]
8549,Đúng lun,[]
8550,Thiên tài 😆,[]
8551,Sam và so khác nhau ở cái đuôi,[]
8552,Chị ba trên dú dưới có con cu ai làm lại chị 3,"[12, 13, 23, 24, 25, 26, 27, 28]"
8553,Nam triều tiên sắp mất top miss hoa hậu Covid-19 rồii,[]
8554,"Hoàng Bảo Quân nhà ngt có tiền, đâu cần chữa free, chỉ là vài lí do muốn về quê hương sau khi làm việc.. vv",[]
8555,Duma.nhỏ cà chớn lớn cà khịa @@,"[0, 1, 2, 3, 9, 10, 11, 12, 13, 14, 15]"
8556,- Có ai 2k5 là học sinh của thầy như tuu không ?,[]
8557,"cc, t bắn 3 phát rồi đấy, ngon vcl ? m đui à ?","[0, 1, 4, 6, 7, 8, 31, 32, 33, 37]"
8558,Con điên có gan nói mà ko có gan mở cmt cho người ta. Bình luận,"[0, 1, 2, 3, 4, 5, 6, 7]"
8559,Tp.hcm thực hiện lời hứa với bộ chính trị: Ta đánh Ta,"[46, 47, 48, 49]"
8560,Hây wuá chi oi.,[]
8561,Paula Lưu bạn ơi bh bạn ăn chay thì nói nhé :))),[]
8562,Hài lòng del đâu,"[9, 10, 11]"
8563,"Chúng mày là con hoang, còn bọn tao là con nhà nước, mày hiểu chứ","[0, 1, 2, 3, 4, 5, 6, 7, 8, 13, 14, 15, 16, 17, 18, 19, 20, 21, 28, 29, 30, 31, 32, 33, 34, 53, 54, 55]"
8564,Dơ quá,"[0, 1]"
8565,bớt bớt đi ông ad =)),[]
8566,My thoa???,[]
8567,Nguyễn Du thì có Truyện Kiều,[]
8568,Petland ghép vào con gà là hơi sai nha,[]
8569,Bị lừa còn gì. Rõ ràng cái th lamg bằng bảo làm bằng phôi thật k ai phát hiện đc,"[3, 4, 5, 27, 28, 29, 30, 31, 32, 33, 34, 35, 36, 37, 38]"
8570,Thoại Trần đã không nói được lời nào lời nào hay ho xin câm con mẹ nó mồm vào,"[56, 57, 58, 59, 60, 61, 62, 63, 64, 65, 66, 67, 68, 69, 70, 71, 72]"
8571,áo khá xịn xò :v,[]
8572,Ai ăn nói  bậy bạ  cho Ông  Trần  Dan bây giờ  hãy  stop dùng tiep tục  nữa dat diều  that là  gian ác,"[11, 12, 13, 14, 15, 16, 95, 96, 97, 98, 99, 100, 101]"
8573,Tôi là Đệ nhất Quốc sư hoa kì Trần Dần là cố dấn tối cao của tổng thống Đô nan Trum hiện tại là quốc trưởng của chánh phủ lâm thời Việt Nam cộng hòa trân trọng kính chào các dị đồng bào trong nước,[]
8574,Dân InDo nghe lại vài lần đi bro,[]
8575,VN vô địch Sea Games,[]
8576,hélu,[]
8577,Tối nay Abe stream kênh nào?,[]
8578,Thầy Ba đi đâuu đó!,[]
8579,Minh Quân djt,"[10, 11, 12]"
8580,Cô ba vàng ngọc nghe mắt cười vc đồ thứ nước rửa cầu tiêu mà tưởng mình là sân siêu bột kết.Nói chuyện đéo biết nhục tí nào?Cô Ba Vàng Mã hahahaha,"[30, 31, 40, 41, 42, 43, 44, 45, 46, 47, 48, 49, 50, 51, 52, 53, 54, 55, 56, 57, 58, 59, 60, 61, 62, 63, 64, 65, 66, 67, 68, 69, 70, 71, 72, 73, 74, 75, 76, 77, 78, 79, 80, 81, 82, 83, 84, 85, 86, 87, 88, 89, 90, 103, 104, 105, 112, 113, 114, 115, 124, 125, 126, 127, 128, 129, 130, 131, 132, 133, 134, 135, 136]"
8581,- giờ chuyện đó là bt chó giờ nhiều lắm 19,"[22, 23, 24]"
8582,Gi vay ba.cung nho no di an cap do ba moi co sai do ba hieu oi.kkkk chua thay ai khung nhu ba vay.,"[19, 20, 25, 26, 27, 28, 29, 30, 81, 82, 83, 84, 85]"
8583,Đoàn Thủy Hồng Nga cay không chiiii,[]
8584,thầy sẽ là người tiên phong đưa làng hài Việt Nam ra thế giới.,[]
8585,Nhảm,"[0, 1, 2, 3]"
8586,"Trận trước lượt đi, và chắc chắn lượt về lần trận cuối cùng và chúng ta sẽ chắc chắn thắng được trận này. Cố lên!!!",[]
8587,Corona ăn mất cái ý thức của chị rồi hả chị ơi :),"[7, 8, 9, 10, 11, 12, 13, 14, 15, 16, 17, 18, 19, 20, 21, 22, 23]"
8588,Cực kỳ thuyết phục!!!,[]
8589,Xàm lồn vậy luôn sao,"[0, 1, 2, 3, 4, 5, 6]"
8590,Chán dell muốn nói gì 😢,"[5, 6, 7, 8]"
8591,"Liên cái lồn, bọn game x mobi chúng nó cũng đóng video quảng cáo ở chung sân khấu đấy( cũng mặc quần áo táo quân ké tí fame) , đội táo quân cũng tập ở đấy nên ké hình táo quân tí thôi chứ tuổi buồi đòi táo quân quảng cáo cho, địt mẹ seed bẩn","[9, 10, 11, 14, 15, 16, 30, 31, 32, 33, 34, 35, 36, 37, 188, 189, 190, 191, 192, 193, 194, 195, 196, 226, 227, 228, 229, 230, 231, 238, 239, 240]"
8592,"Người ta bận họp kìa trời ơi, phải họp thì mới hết lũ dc","[35, 36, 37, 38, 39, 40, 41, 42, 43, 44, 45, 46, 47, 48, 49, 50, 51, 52]"
8593,Nhìn là biết xạo lồn rồi.. hình như đàn ông mà,"[13, 14, 15, 16, 17, 18, 19]"
8594,"Kim Thiên Đinh hồi chiều nè , khóc luôn 😭",[]
8595,Nội địa nó lột cái quần xì làm đéo j :)),"[8, 9, 11, 12, 13, 19, 20, 21, 22, 23, 24, 25, 31, 32, 33]"
8596,Sao không đền bằng rau muống?,[]
8597,Huyền Khánh Phùng Anh mình lương 7-8 tr chắc k mua nổi rồi 🤣🤣,[]
8598,Nhìn mồm con này ! Nó có dập đầu nghìn lần cũng không thể tha thứ cho nghiệt trủng này,"[5, 6, 7, 9, 10, 11, 19, 20, 70, 71, 72, 73, 74, 75, 76, 77, 78, 79, 80, 81]"
8599,:),[]
8600,Như Quỳnh Kiều Trinh Tết nay tui hong dề đc ràu 🤧🤧,[]
8601,BenBen Duong,[]
8602,Đào T Trang mh còn đang nhiều tiền quá kbiet làm gì cho hết đây này 🤣🤣,[]
8603,Hiếu Bến Tre 2 tk trẻ trâu có khác hơ ?,"[15, 16, 18, 19, 20, 21, 22, 23, 24, 25]"
8604,"Dân không có giàu nhé, chỉ nó nước mạnh thôi.","[4, 5, 6, 7, 8, 9, 10, 11, 12, 13, 14, 15, 16]"
8605,Quang Minh học trò cưng của Abe,[]
8606,Bùi Đức Hậu :),[]
8607,Hay ho đéo j bài này. Hay lại câu like mất facebook,"[7, 8, 9]"
8608,Tú rất vui,[]
8609,"Ủa nghĩ z là hay lắm ó hỏ,ý thức như cái đách. Chán thiệt sự","[26, 27, 28, 29, 30, 31, 32, 33, 34, 35, 36, 37, 38, 39, 40, 41, 42, 43, 44]"
8610,cảm giác như kiểu cái lồn cx đi kể cho con bạn nó :)) bỏ thì lại kêu :),"[22, 23, 24, 47, 48]"
8611,duanhuaditron là clgt :v,"[17, 18, 19, 20]"
8612,chưa bị rạch va li là còn may :v,[]
8613,Team iteawon,[]
8614,Thò chắng.,"[0, 1, 2, 3, 4, 5, 6, 7, 8]"
8615,Nguyễn Phi Long Khanh Huynh Lan Anh Nguyễn Alexander Lanheder Mều Mắt Hí Lý Hoàng Huy chết đỉ mẹ mài chưa con =)))),"[86, 87, 88, 89, 90, 91, 92, 94, 95, 96, 97, 98, 99, 106, 107, 108]"
8616,"Anh giỏi a có đầu óc kiếm tiền giỏi ra sao tôi không cần biết nhưng tôi thấy ý thức a thua cả học sinh lớp 5. Nói ý thức kém thì thấy không đúng cho lắm, phải nói a không có ý thức mới đúng.","[77, 78, 79, 80, 81, 82, 83, 84, 85, 86, 87, 88, 89, 90, 91, 92, 93, 94, 95, 96, 97, 98, 99, 100, 101, 102, 103, 104, 105, 106, 107, 114, 115, 116, 117, 118, 119, 120, 121, 122, 123, 165, 166, 167, 168, 169, 170, 171, 172, 173, 174, 175, 176, 177, 178, 179]"
8617,Dẫn độ tội phạm TC rất hoành tráng,[]
8618,mất dậy thật,"[0, 1, 2, 3, 4, 5, 6]"
8619,"Sếp nhà người ta động viên thế này thì còn gì bằng nữa, đã đẹp trai lại còn biết nói đạo lý nữa, em yêu anh",[]
8620,Phạm Xuân Huy Bé sa phiên bản độ tày à :))),[]
8621,Cực kỳ thuyết phục -)),[]
8622,Lại một thằng óc tôm.,"[8, 9, 10, 11, 12, 13, 14, 15, 16, 17, 18, 19]"
8623,Nhiều người theo đuổi hay không nó không quan trọng. Quan trọng nhất vẫn là cái tình cảm nó dành cho bạn thuiii. Vì không chỉ riêng gì con gái mà con trai vẫnn có người theo đuổi mà. Đừnng để lệch sóng nhau là được.,[]
8624,Ghé trang mình sắm đồ xinh diện tết nhé 💓,[]
8625,ấu dâm vãi lz hèn dì cô phương linh bốc phốt =))),"[0, 1, 2, 3, 4, 5, 11, 12, 36, 37, 38, 39, 40, 41, 42, 43]"
8626,Phương Nam 1 hộp 500k bán ko?,[]
8627,Chj ơi từ thiện đi,[]
8628,bú cu không thầy,"[0, 1, 2, 3, 4]"
8629,"A đừng có giống chị Tịp đấy nhé, thông báo cách li tại nhà rồi đi quán uống cafe .☺️",[]
8630,200kg chắc mang quần này mới vừa,[]
8631,Nguyễn Hoàng Sâm lồnnn Sâm,"[17, 18, 19, 20, 21]"
8632,Thang ngu k biet do la co gi a,"[0, 1, 2, 3, 4, 5, 6, 7, 8]"
8633,nghi vấn Nguyễn Đắc Tú Đụ?,[]
8634,Nguyễn Vinh :3,[]
8635,Chỉ thích nghe câu:” Chúng ta sẽ chiến thắng như dân tộc VN nhiều lần chiến thắng” ❤️❤️,[]
8636,"Mai Han Le Ngoc, Võ Thế Nguyên, Tuấn Anh Nguyễn Thị nhớ nha hônnn hihi",[]
8637,Mình muốn sửa mũi mà ko có tiền nhiều nhờ báo giá được ko. Số ĐT mình 0703114798,[]
8638,Như cc z thầy ơi :v,"[4, 5]"
8639,2022 offline fan Trần Tiger tại Việt Nam nha bà con,[]
8640,1000 like,[]
8641,Sưa cai lôn sưa sao chi,"[8, 9, 10]"
8642,Cái lozz cát không.,"[4, 5, 6, 7]"
8643,Trần Văn Trung định kéo anti cho sếp à ông,[]
8644,đế quốc tư bản ngoại bang thì muốn gắn 2 cái đảo đó vào việt nam ! còn lãnh đạo đông lào thì lại muốn gắn cả việt nam vào dưới đít trung qq !!! thật oan nghiệt,"[127, 128, 129, 137, 138, 149, 150, 151, 152, 153, 154, 155, 156, 157, 158]"
8645,Làm đéo j có vụ đó. Địt mẹ ăn hết rùi chả lại vậy là song ak,"[4, 5, 6, 20, 21, 22, 23, 24, 25]"
8646,Ủa cái này trend bên VN thời sửu nhi 9x mà ta 🙄,"[29, 30, 31, 32, 33, 34, 35]"
8647,Lúp lúp như chó .,"[0, 1, 2, 3, 4, 5, 6, 7, 8, 9, 10, 11, 12, 13, 14]"
8648,"Sll 4,5K",[]
8649,Mat lon linh ca loc nay choi xuong lam,"[4, 5, 6, 24, 25, 26, 27]"
8650,mưa gió nhhir dell họp,"[14, 15, 16, 17]"
8651,vcl “đợi không mất thời gian” =))))))))) đme cười ị,"[0, 1, 2, 41, 42, 43, 50]"
8652,chuẩn,[]
8653,Mỗi câu nói một câu ditme :)) tưởng thế là hay tưởng thế là ngầu 😌 khẩu nghiệp vãi l,"[20, 21, 22, 23, 24, 30, 31, 32, 33, 34, 35, 36, 37, 38, 39, 40, 41, 42, 43, 44, 45, 47, 48, 49, 50, 51, 52, 53, 54, 55, 56, 57, 58, 59, 60, 61, 62, 63, 65, 67, 68, 69, 70, 71, 72, 73, 74, 75, 76, 77, 83]"
8654,Mini Tae dơ vcl,"[9, 10, 11, 12, 13, 14]"
8655,Bọn dâm loạn viên đc dạy nói xuôi nói ngược mà lại =]],"[0, 1, 2, 3, 4, 5, 6, 7, 8, 9, 10, 11, 12, 13, 14, 15, 16, 25, 26, 27, 28, 29, 30, 31, 32, 33, 34, 35, 36, 37, 38, 39, 40, 41, 42]"
8656,@Chipo TV gì vậy nhỉ. Cùng hình ảnh khác tên thôi.,[]
8657,:)) abe lam susan 0175 de dau ik,[]
8658,Âu cũng là số phận muốn đóng vai thiện nhưng đời xô đẩy ...,[]
8659,Bọn này mỗi ngày thêm khôn,[]
8660,"Con bóng đực kia cũng là dạng đầu trâu mặt ngựa, 2 mặt, nịnh bợ.","[0, 1, 2, 3, 4, 5, 6, 7, 8, 9, 10, 11, 25, 26, 27, 28, 29, 30, 31, 32, 33, 34, 35, 36, 37, 38, 39, 40, 41, 42, 43, 44, 45, 46, 49, 50, 51, 52, 53, 56, 57, 58, 59, 60, 61, 62]"
8661,"Mẹ. Hởi thằng nào muốn tự tử, cứ làm gì đó cho công an bắt rồi về nhà tự giận ==> thằng ad sẽ có bài tít: CA đánh người; Tại CA mà chết người..... Đúng là thằng ad bệnh quạn","[0, 1, 8, 9, 10, 11, 12, 23, 24, 25, 26, 27, 82, 83, 84, 85, 86, 155, 156, 157, 158, 159, 164, 165, 166, 167, 168, 169, 170, 171, 172]"
8662,A3 oi a 3 no j nhu luu dan vay a3.giau qua troi jau la dan og muon lm phu nu vay s k bo tien ra di tham my.cai mat nhu qq ngta.o do no.nhin ng la biet co tien hay k tien roi.o do no sua nhu cho sua,"[19, 20, 21, 22, 23, 24, 25, 119, 120, 182, 183, 184, 190, 191, 192, 194, 195, 196]"
8663,"Bởi vậy hể nói đến cộng sản là phải nói đến cái ác ôn , láo cá , lưu manh , mọi rợ của bọn quan chức vc !","[48, 49, 50, 51, 52, 56, 57, 58, 59, 60, 61, 65, 66, 67, 68, 69, 70, 71, 72, 76, 77, 78, 79, 80, 81, 87, 88, 89]"
8664,Tôi nghĩ tiền không làm gì được các ông ạ =)),[]
8665,Những thằng nói đạo lý thường sống như lon coca truong mình tuấn nguyễn bắc son 🤣🤣🤣🤣🤣,"[6, 7, 8, 9, 10, 35, 36, 37, 38, 39, 40, 41]"
8666,vĩ đại cái máu lồn =))),"[11, 12, 13, 14, 15, 16, 17]"
8667,Khùng quá chuỵ ba ơi,"[0, 1, 2, 3, 4]"
8668,Về quét nhà cho ngta đi,[]
8669,From Mixi With Love 💜,[]
8670,Nhất Thiện t cũng méo tin đc,"[11, 18, 19, 20]"
8671,Tội anh quá đi mong anh chết sớm để đc tự do,"[24, 25, 26, 27]"
8672,Kanh Nè ??:D ??,[]
8673,Đọc cmt mà tức vl 🙂,"[15, 16]"
8674,"Ơ cái địt con mẹ con Vj Chon lon nào vào sủa cái câu ngu ngục vcl =))) mục đích ca sĩ ra bài là để cho khán giả nghe ,thưởng thức. Và các khán giả có quyền nhân xét về sản phẩm đó ? Lại là mấy con fans hâm mộ trẩu tre này","[6, 7, 8, 9, 10, 11, 12, 13, 14, 15, 17, 18, 19, 29, 30, 31, 41, 42, 43, 53, 54, 55, 56, 57, 58, 59, 60, 61, 62, 63, 64, 193, 194, 195, 209, 210, 211, 212, 213, 214, 215, 216]"
8675,Trần ĐứcAnh,[]
8676,cả một lũ sâu bọ. chó chết,"[7, 8, 9, 10, 11, 12, 13, 14, 15, 18, 19, 20, 21, 22, 23, 24, 25]"
8677,Cô này có xuống 8 tầng địa ngục cũng ko ai tha thứ đâu các bạn ạ,"[16, 17, 18, 19, 20, 21, 22, 23, 24, 25, 26, 27, 28, 29, 30, 37, 38, 39, 40, 41, 42, 43, 44, 45, 46, 47, 48, 49]"
8678,Đưa ô già đi trốn hợp lý hơn =)),[]
8679,Hàn quốc phiên bản việt à,[]
8680,Thời gian đầu đ ai chả thề non hẹn biển yêu lâu mới lộ ra ngay ý mà,"[14, 40, 41, 42, 43, 44, 45, 46, 47, 48, 49, 50, 51, 52, 53, 54, 55, 56, 57, 58, 59, 60, 61]"
8681,xét nghiệm xong các anh CA Said :,[]
8682,Mày coi chừng đó chồng mày làm ơ đại bắc đó may đừng tưởng ko tiềm mày đc nha .khỏi thách thức đi con,"[0, 1, 2, 23, 24, 25, 44, 45, 46, 67, 68, 69, 98, 99, 100]"
8683,vâng ạ nhưng em buồn vai lon anh ưi 😞,"[21, 22, 23, 24, 25, 26, 27]"
8684,Khoe 2 cái quần vừa mới đập hộp. 😂,[]
8685,Tiên tri Trần Dần về  Việt Nam ở nghĩa trang bình an,"[33, 34, 35, 36, 37, 38, 39, 40, 41, 42, 43]"
8686,"Chẳng qua là ghen tị với người có tiền! Hèn bỏ mẹ chứ có \""sang \"" lên được tý nào đâu mà chê! Người ta sai thì hãy mở mồm!","[13, 14, 15, 16, 17, 18, 19, 40, 41, 42, 43, 44, 45, 46, 47, 48, 59, 60, 61, 62, 63, 64, 65, 66, 67, 68, 69, 70, 71, 72, 73, 74, 75, 76, 77, 78, 79, 80, 81, 90, 91, 92, 104, 105, 106, 107, 108, 109, 110, 111, 112, 113, 114, 115, 116, 117, 118, 119, 120, 121]"
8687,Chó hùa kìa,"[0, 1, 2, 3, 4, 5, 6]"
8688,Mình tín tưởng ở đang va nhà nước mình yên tâm lắm nhưng chỉ sợ những người vô ý thức óc xi măng thôi,"[76, 77, 78, 79, 80, 81, 82, 83, 84, 85, 86, 87, 88, 89, 90, 91, 92, 93, 94, 95]"
8689,Nta xạo lồn hay k kệ mẹ đi. Nghe vui vui giải trí là dc r. Còn vào khẩu nghiệp lri cho tội con cháu,"[4, 5, 6, 7, 8, 9, 10, 21, 22, 67, 68, 69, 70, 71, 72, 73, 74, 75, 76, 77]"
8690,"trời ơi, cô nói chuyện giọng cưng xỉu <3 <3 <3 iu quá",[]
8691,Sời đcm nhìn quả mãnh thú chất ko?🙂,"[4, 5, 6]"
8692,Ca dam khung het,"[3, 4, 5, 7, 8, 9, 10, 11]"
8693,Chỉ sợ thứ óc chó ngu hết phần chó như này,"[7, 8, 9, 10, 11, 12, 13, 14, 15, 16, 17, 18, 19, 20, 21, 22, 23, 24, 25, 26, 27, 28, 29, 30, 31, 32, 33]"
8694,Có thật kg chị,[]
8695,Thế này có phải yêu ko,[]
8696,Đúng.là nước mắt cá sấu.. Các bạn bạn diệt tận nơi,"[8, 9, 10, 11, 12, 13, 14, 15, 16, 17, 18, 19, 20, 21, 22, 38, 39, 40, 41, 42, 43, 44, 45]"
8697,Đỡ thế l nào được :)),[7]
8698,Nguyễn Vạn Xuân Nguyên ?,[]
8699,kenny you bảo thích ăn gà abe ơi,[]
8700,Say oh yeah của Nguyễn Thăn Tùn mà ??,[]
8701,Huy Phạm đề nghị anh xuất trình giấy tờ hợp tác làm việc,[]
8702,@NGỌC TÂM lúc trước tưởng thật coi.con giờ huy đăng ký kênh luon.éo coi nữa,[]
8703,thật,[]
8704,Vl soái ca,"[0, 1]"
8705,Vcl các thanh niên tay nhanh hơn não :)))),"[0, 1, 2, 19, 20, 21, 22, 23, 24, 25, 26, 27, 28, 29, 30, 31, 32, 33, 34, 35]"
8706,Chào các bạn,[]
8707,@Hoàng Phúc Lê mình có nói mình cmt gì trên trực tiêp của chị LinĐa à,[]
8708,Đám sạo lồn,"[0, 1, 2, 3, 4, 5, 6, 7, 8, 9, 10]"
8709,Cay cú thật sự,[]
8710,"Tú said:"" cho cái lồn nè anh Ba"".","[18, 19, 20]"
8711,Ơ tưởng thầy chơi gay 😢,"[18, 19, 20]"
8712,0799595141 e sài mobi cho e cạc Đi chị 😆😅,[]
8713,Sao bữa giờ ko ai cập nhập tình hình dịch trung quốc hết v,[]
8714,tết đến r thầy ơi 🥴🥴,[]
8715,"Họ đã chọn nhà máy môi trường, con người, tôm cá đã thua nhé",[]
8716,Bạn bè mà 1 người có ý thức còn 1 ng thì....ý thức nhỏ như trái nho :),"[44, 45, 46, 47, 48, 49, 50, 51, 52, 53, 54, 55, 56, 57, 58, 59, 60, 61, 62, 63, 64, 65, 66]"
8717,Đây là thầy ba sao 1 tuần dùm dầu gội,[]
8718,":""(",[]
8719,thật sự khó chịu mấy thành phận vô ý thức vcl. Ngày xưa củng có mấy lần mắc ỉa đi ra vs công cộng hay chờ tới lượt đc ỉa. Đụ cái lz má dô nhìn cái thôi quyết định nhịn ỉa tới khi về nhà và đến giờ có đi đâu mắc ỉa củng nhịn tới về nhà ỉa luôn á :),"[51, 52, 53, 91, 92, 93, 138, 139, 140, 143, 144, 145, 152, 153, 154, 155, 156, 157, 197, 198, 199, 249, 250, 251, 279, 280, 281]"
8720,Nói dân trí thấp lại tự ái,"[4, 5, 6, 7, 8, 9, 10, 11, 12, 13, 14, 15, 21, 22, 23, 24, 25]"
8721,trong khi tao đang đau đầu vì nợ nần thì chúng mày chỉ nghỉ đến việc đit nhau thôi à,"[10, 11, 12, 41, 42, 43, 44, 45, 46, 47, 48, 49, 69, 70, 71]"
8722,Uống nước rửa bát xong ngồi đợi đ chết,"[32, 33, 34, 35, 36, 37]"
8723,"Quốc sư Trần Dần đổi màu quay về với Cộng sản Việt Nam rồi ! Ông đã nhìn ra sự thật vì chính nghĩa ko thuộc về cờ Vàng ba que, họ là quân cờ của người Mỹ thôi. Độc đảng nó có cái hay của nó chứ ! Mỹ xoá ván cờ bỏ rơi VNCH thì phải ráng chịu thôi ! Chuẩn ! Kkkkkk","[119, 120, 121, 122, 123, 124]"
8724,Biết bao nhiu $ mới vào được.. không ăn hối lộ thì ăn cức à.. khj nào mới hồi vốn chứ.. ng ta là dân làm ăn mà..,"[40, 41, 42, 43, 44, 45, 54, 55, 56]"
8725,Cả nước VN sẽ chửi vào mặt bọn nó.,"[14, 15, 16, 17, 23, 24, 25, 27, 28, 29, 30, 31, 32]"
8726,"đéo phải cái gì thích thử là thử đc nhá,nhất là những thứ liên quan đến vũ trang hay chính trị,giờ m sáng tạo ra bom mới m cũng mang ra thử nghiệm ak","[0, 1, 2, 99, 121]"
8727,Đến cả hoàng hôn đôi khi còn lỡ hẹn chân trời mà anh ❤️ Chúng ta vẫn là no1 🙆🏻‍♀️,[]
8728,quá xấu hổ. đã nghèo dốt lại khệnh khạng,"[15, 16, 17, 18, 19, 20, 21, 22, 23, 24, 25, 26, 27, 28, 29, 30, 31, 32, 33, 34, 35, 36, 37, 38, 39]"
8729,Đi khai giảng mà lấy cái bắn pháo làm thuốc lào như thật :)),[]
8730,Địiiiiitttttttt...... Quả đấm thép đây sao 😟,"[0, 1, 2, 3, 4, 5, 6, 7, 8, 9, 10, 11, 12, 13, 14]"
8731,Uiss cùi vl :)) lương mấy chục ngìn đồng còn đc ăn pizza loại kẹo dẻo đây :)),"[9, 10]"
8732,Đúng cái tôi cần rồi :)),[]
8733,"Có chữ để đọc mà còn không mang ơn ,,,Đúng là lũ khốn nạn ,,,,Đề nghị đổi chử của thằng giáo sư đầu bùi cho dễ sữ dụng,,,,,,,Đã vậy còn tôn thờ hai thằng mũi lõ mắt xanh gây đau khổ cho bao dân tộc trên thế giới,,,,Dân vn còn chưa có được cục phân của nó để bón cây vậy mà tôn thờ hơn cha mẹ","[46, 47, 48, 49, 50, 51, 52, 53, 54, 55, 56, 82, 83, 84, 85, 86, 96, 97, 98, 99, 100, 101, 102, 148, 149, 150, 151, 152, 153, 154, 155, 156, 157, 158, 159, 160, 161, 162, 163, 164, 165, 166, 167, 168, 243, 244, 245, 246, 252, 253]"
8734,#trời ơi cưng quá cô ơi,[]
8735,Sao e bật thông báo r mà k nhận được thông báo live ạ,[]
8736,Thấy người ta làm việc tốt thì dè biểu chúng nó k bằng súc vật,"[47, 48, 49, 50, 51, 52, 53, 54, 55, 56, 66, 67, 68, 69, 70, 71, 72, 73, 74]"
8737,Tinh Trùng Khuyết Tật,"[0, 1, 2, 3, 4, 5, 6, 7, 8, 9, 11, 12, 13, 14, 15, 16, 17, 18, 19, 20]"
8738,thế chốt lại các cháu có được nghỉ ko ạ :((,[]
8739,Yêu cô quá 🥰🥰,[]
8740,"Bọn phản quốc lúc cặc nào cũng than nghèo kể khổ. Ngồi nhà cả ngày, soi mói báo mạng kích động bạo lực. Bảo sao thất nghiệp với vô học. Về xứ cali chúng mày đi. Mới xả súng đấy. :))))))))","[0, 1, 2, 4, 5, 6, 7, 8, 9, 10, 11, 12, 18, 19, 20, 95, 96, 97, 98, 99, 100, 101, 128, 129, 130, 131, 132, 133, 147, 148, 149, 150, 151, 152, 153, 154, 155, 165, 166, 167, 168, 169, 170, 171]"
8741,Lanh dao nuoc ngoai noi nhung cau noi tro thanh kinh dien.con lanh dao vn noi toan nhung loi vo van.vn toi khi nao moi phat trien day.,"[93, 94, 95, 96, 97, 98]"
8742,Bác ăn gì con cúng,[]
8743,10 năm trc =)),[]
8744,"mong dịch bệnh sớm kết thúc, ngoài kia không còn những người mất vì dịch, em cũng sớm gặp được anh Hiền Huỳnh",[]
8745,Cho Chừa,[]
8746,rồi cô có may kênh vay cô,[]
8747,Bóng khùng bóng điên,"[0, 1, 2, 3, 4, 5, 6, 7, 8, 9, 10, 11, 12, 13, 14, 15, 16, 17, 18, 19]"
8748,Khai giảng đầu tiên ở trường mới:))),[]
8749,Có tăng hàm răng đẹp ko,[]
8750,Lê Hà Thư cái lol j đây,"[14, 15, 16]"
8751,Chất k chịu đc,[]
8752,Sống chậm thôi các bn,[]
8753,@Phú Đại GMTV vậy mày vô đây sủa làm cc gì tml,"[18, 19, 20, 29, 30, 31, 37, 38, 43, 44, 45]"
8754,quay lại như ỉa ra ăn lại,"[13, 14, 15, 16, 17, 18, 19, 20, 21, 22, 23, 24]"
8755,"Tàu mà...miệng bốn tốt, 16 vàng nhưng bắn ngang lưng như rạ ở gạc ma, giờ nhảy qua tư chính... chừng hốt xong nó đốt luôn.","[38, 39, 40, 110, 111, 113, 114, 115]"
8756,"Ở đéo đâu chả có ung thư :/ đời sống đi lên tỷ lệ bệnh tật nhiều. Vn còn hơn chán bọn tây lông là hầu như đứa nào cũng dị ứng nhé. Lại cái bài ca vn trong top tỉ lệ ung thư cao, còn cao nhiêu thì số liệu đéo rõ ràng. Top các nước ung thư cao thế giới toàn eu với mỹ hết :/","[2, 3, 4, 77, 78, 79, 80, 81, 82, 83, 84, 85, 86, 87, 88, 89, 90, 91, 92, 93, 106, 107, 108, 139, 140, 141, 142, 143, 144, 204, 205, 206, 225, 226, 227, 228, 229, 230, 231, 232, 233, 234, 235, 236, 237, 238, 239, 240, 241, 242, 243, 244, 245, 246, 247, 248, 249, 250, 251, 252, 253, 254, 255, 256, 257, 258, 259, 260, 261, 262, 263, 264]"
8757,Đánh chết mẹ thằng này đi,"[0, 1, 2, 3, 4, 5, 6, 7, 8, 9, 10, 11, 12, 13, 14, 15, 16, 17]"
8758,Họp thò thụt,[]
8759,kkk,[]
8760,Xin fb chị này ạ,[]
8761,Mấy bóng khung,"[4, 5, 6, 7, 9, 10, 11, 12, 13]"
8762,Như th điên xóm tau.,"[4, 5, 6, 7, 8, 9, 10, 16, 17, 18]"
8763,Nên share rộng rãi,[]
8764,chi dep qua chi o,[]
8765,"Vâng! Báo từ tháng 12 năm ngoái mà lại chê trình độ của người nhậm chức năm nay, Vãi bướm quá","[81, 82, 83, 84, 85, 86, 87, 88]"
8766,Dâm loạn viên bây giờ toàn mấy thằng con nít ỉa chùi đít chưa sạch,"[0, 1, 2, 3, 4, 5, 6, 7, 8, 9, 10, 11, 12, 31, 32, 33, 34, 35, 36, 37, 38, 39, 40, 41, 42, 43, 45, 46, 53, 54, 55]"
8767,Gia Bảo ci l**,"[11, 12, 13]"
8768,"Mấy con fan mắc dại, cô bị chửi mà tụi bây ko chửi tiếp mà xúi cô chửi, thứ dì dị...bỏ nha, mai mốt con nào đụng cô là xé banh xác nó hết, hy vọng cô mãi chân chất như vầy, đừng vì cuốn theo sự nổi tiếng mà biến chất, biến tướng!","[4, 5, 6, 12, 13, 14, 15, 16, 17, 18, 27, 28, 29, 30, 59, 60, 61, 66, 67, 68, 69, 119, 120, 121, 122, 123, 124, 125, 126, 127, 128, 129, 131, 132]"
8769,Lan trinh nha bạn,[]
8770,Có giáo án ms tui idol của thầy =)),[]
8771,Tóm lại bạn cũng như Linh nóc Toàn là lũ thất học vì một chút tiền lợi nhuận chửi nhau kiếm tiền,"[38, 39, 40, 41, 42, 43, 44, 45, 46, 47, 48, 77, 78, 79, 80]"
8772,ghét nhất bọn nhà báo giật tít.,"[0, 1, 2, 3, 10, 11, 12]"
8773,Như lol thầy ơi,"[4, 5, 6]"
8774,Vcl nghỉ me,"[0, 1, 2, 9, 10]"
8775,R thế giáo án đá phò đâu thầy l,"[14, 15, 16, 17, 18, 19]"
8776,Chắc phải vô dislike xong cái ra quá :)),[]
8777,Sau vụ nay anh tiệp chuyển qua nuôi heo.vì ko ai mua gà của anh nữa,[]
8778,Đmm.luc trc may bợ lol nó.jo chưi no.do suc vat.bede thay pai roi.nghiep chuong,"[0, 1, 2, 12, 13, 14, 16, 17, 18, 19, 20, 21, 23, 24, 34, 35, 37, 38, 39, 40, 41, 42, 43, 44, 45, 46, 48, 49, 50, 51, 66, 67, 68, 69, 70, 71, 72, 73, 74, 75, 76, 77, 78]"
8779,Best cà khịa tụi Chinazi hehe,"[13, 14, 15, 17, 18, 19, 20, 21, 22, 23]"
8780,"Lâu nay để ý...bãi cức, cống,rác thải các loại đều có dấu răng của thằng AD hết......báo ngta đăng h nó copy rồi sủa vài tiếng ẳng ẳng cứ như mình là thánh biết hết rồi.....","[19, 20, 21, 29, 30, 31, 32, 33, 34, 35, 36, 47, 48, 49, 50, 51, 52, 53, 54, 55, 56, 57, 58, 59, 60, 61, 62, 63, 64, 65, 66, 67, 68, 69, 70, 71, 72, 73, 74, 101, 102, 113, 114, 115, 127, 128, 129, 130, 131, 132, 133]"
8781,"Khủng khiếp quá trời, loại đàn bà này có một ko hai trên thế giới 🙈","[22, 23, 24, 25, 26, 27, 28, 29, 30, 31, 32]"
8782,"Đã là thế giới thứ 3 thiệt thòi ai cũng có nỗi buồn nhưng xem Cô rất yêu đời,luôn vui tươi hài hước",[]
8783,Cái lùm má,"[4, 5, 6, 7, 8, 9]"
8784,Ông già nhà mình đi họp tổ dân phố với con mều nên mình thay ổng stream =))),[]
8785,đụ má coi ứa gan hong :),"[0, 1, 2, 3, 4, 10, 11]"
8786,Chú trung đầu L chứ chú tí đầu lân clg 🤣,"[10, 11, 12, 13, 14, 35, 36, 37]"
8787,Chết cho bớt chặt đất.ăn học mà nói ngu như con bò. Mà nghỉ tội cho con bò,"[0, 1, 2, 3, 13, 14, 15, 16, 17, 18, 19, 20, 36, 37, 38, 39, 40, 41, 42, 43, 44, 45, 46, 47, 48, 49, 72, 73]"
8788,Cô thấy cưng dễ thương quá iu cô,[]
8789,Tiên Tri Trần Dần hay ghê đợi chuyện xảy ra rồi mới nói.,[]
8790,Đ*o hiểu lun,"[0, 1, 2]"
8791,Phạm Văn Lộc idol cũng lên nghỉ đi nhé 😷,[]
8792,Đem có 30 mấy triệu hà,[]
8793,okkk anh iu :v,[]
8794,from Quang Ninh with lovee >3,[]
8795,Fashion đb gì đây :)),"[8, 9]"
8796,Cô ba giât tien cua co ba minh hieu,[]
8797,Mat la chi Ba o duoi chac la ong Ba yo,[]
8798,Ba nay rah wa luc nao thay chui ng ta hoai khug,"[27, 28, 29, 30, 43, 44, 45, 46]"
8799,Băc động viên mạnh quá 😚,[]
8800,a đặt hết vào tiền sổ xố đi nhỡ đâu đúng,[]
8801,Dũng thằng xàm lol,"[5, 6, 7, 8, 9, 11, 12, 13, 14, 15, 16, 17]"
8802,Trần dần bị chú hoàng Lân chơi hoài 😂😂😂😂😂,[]
8803,Yen than muon ma muon luot qua zao than.dung la het thuoc chua,"[48, 49, 50, 51, 52, 53, 54, 55, 56, 57, 58, 59, 60, 61]"
8804,Đinh Phướcu,[]
8805,Số 6 số khổ 🥺,[]
8806,Mạnh mẽ và Nam tính,[]
8807,Nghe thông báo có vẻ như là chăm lo cho du học sinh lắm....nhưng bản chất việc làm của bọn mang tiếng LSQ như cái Lon coca.....,"[87, 88, 89, 106, 107, 108, 109, 110, 111, 112, 113, 114, 115, 116]"
8808,Thầy k live à thầy,[]
8809,tổ cha nhà mấy thằng quản lý với bảo kê ngu như con lợn ! đã biết thể trạng của các em ý đều là nước nôi rất ít mà lại ko chịu cảnh giác vấn đề củi lửa .,"[0, 1, 2, 3, 4, 5, 15, 16, 17, 18, 19, 40, 41, 42, 43, 44, 45, 46, 47, 48, 49, 50, 51, 52, 53, 54, 76, 77, 78, 79, 80, 81, 82, 83, 84, 85, 86, 87, 88, 89, 90, 91, 92, 93, 94, 95, 96, 97, 98, 99, 100, 101, 102, 103, 104, 105, 106, 107, 108, 109, 110, 111, 112, 113, 114, 115, 116, 117, 118, 119, 120, 121, 122, 123, 124, 125, 126, 127, 128, 129, 130, 131, 132, 133, 134, 135, 136, 137, 138, 139, 140, 141, 142, 143, 144, 145, 146, 147, 148, 149, 150]"
8810,Hoag sa truog sa la kua trug quoc rui ma,"[0, 1, 2, 3, 4, 5, 6, 7, 8, 9, 10, 11, 12, 13, 14, 15, 16, 17, 18, 19, 20, 21, 22, 23, 24, 25, 26, 27, 28, 29, 30, 31, 32]"
8811,Gắt vãi đái ra nhé. Cô giáo mà nt à 😆😆😂,"[0, 1, 2, 3, 4, 5, 6, 7, 8, 9, 10, 20, 21, 22, 23, 24, 25, 26, 27, 28, 29, 30, 31, 32]"
8812,Page sặc mùi phản động!!,"[5, 6, 7, 13, 14, 15, 16, 17, 18, 19, 20, 21]"
8813,Mong virut này nhanh được đẩy lùi :( và không có bệnh nhân nào phải tử vong! ❤️,[]
8814,Bảo sao chỉ thích qua đây mua sắm ^^,[]
8815,Bô ơi là bô,[]
8816,Lưu Bảo Toàn đọc hại não vcl,"[17, 18, 19, 20, 21, 22, 23, 24, 25, 26, 27]"
8817,"Bn nói chuẩn cmnr, nhai cứ như bò nhai cỏ, bảo dân trí thấp lại tự ái.","[13, 14, 15, 16, 31, 32, 33, 34, 35, 36, 37, 38, 39, 40, 43, 44, 45, 46, 47, 48, 49, 50, 51, 52, 53, 54, 55, 56, 57, 58, 59, 60, 61, 62, 63, 64, 65, 66, 67, 68]"
8818,"Thích quá nhờ, vợ tương lai đâu rồi 😂",[]
8819,Thịnhh Lửa chơi thế thì chịu 😅😅,[]
8820,Chuẩn bị sub kênh mới cho abe,[]
8821,"Tự nhiên muốn về ôm mẹ rồi bảo \""Con vẫn nhỏ bé mẹ nhỉ?\""",[]
8822,Sao bọn Việt Tân ko phản đối nhỉ? Chó cụp đui chăng!?,"[4, 5, 6, 34, 35, 36, 37, 38, 39, 40, 41, 42, 43, 44]"
8823,khổ =)),[]
8824,"Tôi ko nghĩ như vậy, hành động bỏ giáp rút lui trước những người biểu tình quá khích ở Bình Thuận là hành động khôn ngoan. Với dân là vậy, còn với quá kích thì đây:",[]
8825,Chuẩn. Có nhiều người giỏi cào lồn ăn vạ lắm :))),"[27, 28, 29, 30, 31, 32, 33, 34, 35, 36, 37, 38, 39, 40, 41, 42, 43]"
8826,hồ sơ cần gì nhể 🤣,[]
8827,Nguyễn Đào Nguyên báo thanh niên đây bác,[]
8828,Hoàng Anh từ tư 😁,[]
8829,Chào a Gil xô,[]
8830,Bùi Hữu Tiến,[]
8831,"Yên tâm đi, ở việt nam thằng nào nguy hiểm có nguy cơ kéo cả dây chết là nó sẽ bị ngã cầu thang hoặc ngã xe ngay lập tức. Giấy chứng nhận tâm thần được coi là kim bài miễn tử. Nói chung chỉ cần không ngã cầu thang và có chứng nhận tâm thần thì có thể sống khá là dai!!","[23, 24, 25, 26, 27, 33, 34, 35, 36, 37, 38, 39, 40, 41, 65, 66, 67, 68, 73, 74, 122, 123, 124, 125, 126, 127, 128, 129, 130, 131, 132, 133, 134, 135, 136, 137, 138, 139, 140, 141, 142, 143, 144, 145, 194, 195, 196, 197, 198, 199, 200, 201, 202, 203, 204, 205, 206, 207, 208, 209, 210, 211, 212, 213, 214, 215, 216, 217, 218, 219, 220, 221, 222, 223, 224, 225, 226, 227, 228, 229, 230, 231, 232, 233, 234, 235, 236, 237, 238, 239, 240, 241, 242, 243, 244, 245, 246, 247, 248, 249, 250, 251, 252, 253, 254, 255, 256, 257, 258, 259, 260, 261, 262, 263, 264, 265]"
8832,Cô ba Minh Hiếu xuất sắc quá nè mọi người :))),[]
8833,t deo hieu no cuoi cl gi nua,"[0, 2, 3, 4, 11, 12, 19, 20]"
8834,Con rồng cháu tiên sợ đéo j con virus này,"[22, 23, 24]"
8835,Thằng ad ngu sao ko chửi nữa đi . Để mọi người biết mày ngu,"[0, 1, 2, 3, 4, 9, 10, 11, 20, 21, 22, 23, 52, 53, 54, 56, 57, 58]"
8836,Kb ib có video,[]
8837,"Sam luôn luôn đi theo cặp nhé, 2 con chồng lên nhau ý",[]
8838,"Hà Nguyễn Khánh Duy Gái Nhật đi tàu đi ngầm nó ngứa mu quá, lấy tay móc gãi tỉnh queo. Nhìn ghê lắm kìa","[44, 45, 52, 53, 92, 93, 94]"
8839,khác mỗi cái nốt ruồi duyênnn🥴,[]
8840,Thăng đần phát biểu,"[0, 1, 2, 3, 4, 5, 6, 7, 8]"
8841,Cảm ơn thầy @@,[]
8842,Nếp nhăn trên não cũng né ổng rồi,"[0, 1, 2, 3, 4, 5, 6, 7, 8, 9, 10, 11, 12, 13, 14, 15, 16, 17, 18, 19, 20, 21, 22, 23, 24, 25, 26, 27, 28]"
8843,Họ bấm cái j thì kệ họ đi,[]